#
# There is insufficient memory for the Java Runtime Environment to continue.
# Native memory allocation (mmap) failed to map 2650800128 bytes for committing reserved memory.
# Possible reasons:
#   The system is out of physical RAM or swap space
#   The process is running with CompressedOops enabled, and the Java Heap may be blocking the growth of the native heap
# Possible solutions:
#   Reduce memory load on the system
#   Increase physical memory or swap space
#   Check if swap backing store is full
#   Decrease Java heap size (-Xmx/-Xms)
#   Decrease number of Java threads
#   Decrease Java thread stack sizes (-Xss)
#   Set larger code cache with -XX:ReservedCodeCacheSize=
#   JVM is running with Zero Based Compressed Oops mode in which the Java heap is
#     placed in the first 32GB address space. The Java Heap base address is the
#     maximum limit for the native heap growth. Please use -XX:HeapBaseMinAddress
#     to set the Java Heap base and to place the Java Heap above 32GB virtual address.
# This output file may be truncated or incomplete.
#
#  Out of Memory Error (os_linux.cpp:2643), pid=8452, tid=8459
#
# JRE version: OpenJDK Runtime Environment (20.0) (build 20-internal-adhoc..src)
# Java VM: OpenJDK 64-Bit Server VM (20-internal-adhoc..src, mixed mode, sharing, tiered, compressed oops, compressed class ptrs, g1 gc, linux-amd64)
# Core dump will be written. Default location: Core dumps may be processed with "/usr/libexec/abrt-hook-ccpp %s %c %p %u %g %t e %P %I %h" (or dumping to /home/smobaraki/work/firesim/sim/core.8452)
#

---------------  S U M M A R Y ------------

Command Line: -Xmx16G -Xss8M -Djava.io.tmpdir=/home/smobaraki/work/firesim/sim/.java_tmp /home/smobaraki/work/firesim/target-design/chipyard/generators/rocket-chip/sbt-launch.jar -Dsbt.ivy.home=/home/smobaraki/work/firesim/sim/.ivy2 -Dsbt.global.base=/home/smobaraki/work/firesim/sim/.sbt -Dsbt.boot.directory=/home/smobaraki/work/firesim/sim/.sbt/boot/ -Dsbt.color=always -Dsbt.supershell=false -Dsbt.server.forcestart=true ;project firesim; set assembly / assemblyOutputPath := file("/home/smobaraki/work/firesim/sim/generated-src/firesim-main.jar"); assembly

Host: Intel(R) Xeon(R) Silver 4112 CPU @ 2.60GHz, 16 cores, 125G, CentOS Linux release 7.9.2009 (Core)
Time: Mon Oct 14 15:41:24 2024 CEST elapsed time: 37.865039 seconds (0d 0h 0m 37s)

---------------  T H R E A D  ---------------

Current thread (0x00007fbd3019b5a0):  VMThread "VM Thread" [stack: 0x00007fbd041d0000,0x00007fbd042d0000] [id=8459]

Stack: [0x00007fbd041d0000,0x00007fbd042d0000],  sp=0x00007fbd042cdb80,  free space=1014k
Native frames: (J=compiled Java code, j=interpreted, Vv=VM code, C=native code)
V  [libjvm.so+0xf117a4]  VMError::report_and_die(int, char const*, char const*, __va_list_tag*, Thread*, unsigned char*, void*, void*, char const*, int, unsigned long)+0x1a4  (os_linux.cpp:2643)
V  [libjvm.so+0xf126bd]  VMError::report_and_die(Thread*, char const*, int, unsigned long, VMErrorType, char const*, __va_list_tag*)+0x2d
V  [libjvm.so+0x64daef]  report_vm_out_of_memory(char const*, int, unsigned long, VMErrorType, char const*, ...)+0xef
V  [libjvm.so+0xc2ca27]  os::pd_commit_memory_or_exit(char*, unsigned long, unsigned long, bool, char const*)+0xf7
V  [libjvm.so+0xc275ab]  os::commit_memory_or_exit(char*, unsigned long, unsigned long, bool, char const*)+0x2b
V  [libjvm.so+0x78a7ce]  G1PageBasedVirtualSpace::commit(unsigned long, unsigned long)+0x6e
V  [libjvm.so+0x79e704]  G1RegionsLargerThanCommitSizeMapper::commit_regions(unsigned int, unsigned long, WorkerThreads*)+0x104
V  [libjvm.so+0x8235bb]  HeapRegionManager::commit_regions(unsigned int, unsigned long, WorkerThreads*)+0x8b
V  [libjvm.so+0x82457c]  HeapRegionManager::expand(unsigned int, unsigned int, WorkerThreads*)+0x2c
V  [libjvm.so+0x8246f7]  HeapRegionManager::expand_by(unsigned int, WorkerThreads*)+0x77
V  [libjvm.so+0x74aaf2]  G1CollectedHeap::expand(unsigned long, WorkerThreads*, double*)+0xf2
V  [libjvm.so+0x74b503]  G1CollectedHeap::expand_heap_after_young_collection()+0x63
V  [libjvm.so+0x7c1862]  G1YoungCollector::post_evacuate_collection_set(G1EvacInfo*, G1ParScanThreadStateSet*)+0x262
V  [libjvm.so+0x7c1c8f]  G1YoungCollector::collect()+0x3ff
V  [libjvm.so+0x749260]  G1CollectedHeap::do_collection_pause_at_safepoint_helper()+0x110
V  [libjvm.so+0x749338]  G1CollectedHeap::do_collection_pause_at_safepoint()+0x28
V  [libjvm.so+0x7bf324]  VM_G1CollectForAllocation::doit()+0x44
V  [libjvm.so+0xf17e7e]  VM_Operation::evaluate()+0x10e
V  [libjvm.so+0xf1a5c3]  VMThread::evaluate_operation(VM_Operation*)+0xd3
V  [libjvm.so+0xf1b343]  VMThread::inner_execute(VM_Operation*)+0x3a3
V  [libjvm.so+0xf1b56f]  VMThread::run()+0xcf
V  [libjvm.so+0xe8f773]  Thread::call_run()+0xb3
V  [libjvm.so+0xc2f81d]  thread_native_entry(Thread*)+0xed
VM_Operation (0x00007fbbbcff7690): G1CollectForAllocation, mode: safepoint, requested by thread 0x00007fbd310c6960


---------------  P R O C E S S  ---------------

Threads class SMR info:
_java_thread_list=0x00007fbba83bf5c0, length=74, elements={
0x00007fbd30018460, 0x00007fbd301a83c0, 0x00007fbd301a9a10, 0x00007fbd301ab610,
0x00007fbd301acb60, 0x00007fbd301ae0e0, 0x00007fbd301afcc0, 0x00007fbd301b1380,
0x00007fbd301bf720, 0x00007fbd301c3df0, 0x00007fbd30660c20, 0x00007fbd306622c0,
0x00007fbd306638d0, 0x00007fbd30664c10, 0x00007fbd30666080, 0x00007fbd3082ec40,
0x00007fbd307d6820, 0x00007fbd308535d0, 0x00007fbd308e6790, 0x00007fbd30b71000,
0x00007fbd30d54070, 0x00007fbd31617540, 0x00007fbc2c136e80, 0x00007fbc2cd05cc0,
0x00007fbc8c092610, 0x00007fbc2cd06c50, 0x00007fbc14000bc0, 0x00007fbc2ccab130,
0x00007fbc10000bc0, 0x00007fbc04000bc0, 0x00007fbc14001d40, 0x00007fbc0c000bc0,
0x00007fbc08000bc0, 0x00007fbc10001d70, 0x00007fbbfc000bc0, 0x00007fbc04001d40,
0x00007fbbf0000bc0, 0x00007fbb9402dfa0, 0x00007fbbc8041700, 0x00007fbd3001dbd0,
0x00007fbd3001f600, 0x00007fbd30c80ba0, 0x00007fbd30d2d520, 0x00007fbd30b26320,
0x00007fbd30b26e60, 0x00007fbd30b22b10, 0x00007fbd30b68100, 0x00007fbd30b68df0,
0x00007fbd30b69af0, 0x00007fbd30b6c800, 0x00007fbd30b6d540, 0x00007fbd3110b1b0,
0x00007fbd3098d0c0, 0x00007fbd3110e1b0, 0x00007fbd30993270, 0x00007fbd30993fa0,
0x00007fbcac38b5b0, 0x00007fbd310c6960, 0x00007fbd3110bc00, 0x00007fbd310bef20,
0x00007fbd3098d8a0, 0x00007fbd3098e4c0, 0x00007fbd311107b0, 0x00007fbd31111510,
0x00007fbd3098f0f0, 0x00007fbd3098ffc0, 0x00007fbd30990d40, 0x00007fbd30991ac0,
0x00007fbd31115f60, 0x00007fbb8c064490, 0x00007fbbb002b110, 0x00007fbb44000bc0,
0x00007fbb6c007120, 0x00007fbb94039ec0
}

Java Threads: ( => current thread )
  0x00007fbd30018460 JavaThread "main" [_thread_blocked, id=8453, stack(0x00007fbd39e3b000,0x00007fbd39f3c000)]
  0x00007fbd301a83c0 JavaThread "Reference Handler" daemon [_thread_blocked, id=8460, stack(0x00007fbcf57ff000,0x00007fbcf6000000)]
  0x00007fbd301a9a10 JavaThread "Finalizer" daemon [_thread_blocked, id=8461, stack(0x00007fbcf4ffe000,0x00007fbcf57ff000)]
  0x00007fbd301ab610 JavaThread "Signal Dispatcher" daemon [_thread_blocked, id=8462, stack(0x00007fbcf47fd000,0x00007fbcf4ffe000)]
  0x00007fbd301acb60 JavaThread "Service Thread" daemon [_thread_blocked, id=8463, stack(0x00007fbcdd2bc000,0x00007fbcddabd000)]
  0x00007fbd301ae0e0 JavaThread "Monitor Deflation Thread" daemon [_thread_blocked, id=8464, stack(0x00007fbcdcabb000,0x00007fbcdd2bc000)]
  0x00007fbd301afcc0 JavaThread "C2 CompilerThread0" daemon [_thread_blocked, id=8465, stack(0x00007fbd040cd000,0x00007fbd041ce000)]
  0x00007fbd301b1380 JavaThread "C1 CompilerThread0" daemon [_thread_blocked, id=8466, stack(0x00007fbcf46fc000,0x00007fbcf47fd000)]
  0x00007fbd301bf720 JavaThread "Notification Thread" daemon [_thread_blocked, id=8467, stack(0x00007fbcdc2ba000,0x00007fbcdcabb000)]
  0x00007fbd301c3df0 JavaThread "Common-Cleaner" daemon [_thread_blocked, id=8469, stack(0x00007fbcb77ff000,0x00007fbcb8000000)]
  0x00007fbd30660c20 JavaThread "pool-1-thread-1" [_thread_blocked, id=8475, stack(0x00007fbcb6ffe000,0x00007fbcb77ff000)]
  0x00007fbd306622c0 JavaThread "pool-1-thread-2" [_thread_blocked, id=8476, stack(0x00007fbcb67fd000,0x00007fbcb6ffe000)]
  0x00007fbd306638d0 JavaThread "pool-1-thread-3" [_thread_blocked, id=8477, stack(0x00007fbcb5ffc000,0x00007fbcb67fd000)]
  0x00007fbd30664c10 JavaThread "pool-1-thread-4" [_thread_blocked, id=8478, stack(0x00007fbcb57fb000,0x00007fbcb5ffc000)]
  0x00007fbd30666080 JavaThread "pool-1-thread-5" [_thread_blocked, id=8480, stack(0x00007fbcb47f9000,0x00007fbcb4ffa000)]
  0x00007fbd3082ec40 JavaThread "process reaper" daemon [_thread_blocked, id=8482, stack(0x00007fbd34016000,0x00007fbd34038000)]
  0x00007fbd307d6820 JavaThread "JNA Cleaner" daemon [_thread_blocked, id=8483, stack(0x00007fbc7f7ff000,0x00007fbc80000000)]
  0x00007fbd308535d0 JavaThread "boot-server-socket-thread-1" [_thread_in_native, id=8484, stack(0x00007fbc7effe000,0x00007fbc7f7ff000)]
  0x00007fbd308e6790 JavaThread "sbt-console-input-reader" [_thread_blocked, id=8508, stack(0x00007fbc7dbea000,0x00007fbc7e3eb000)]
  0x00007fbd30b71000 JavaThread "classloader-cache-cleanup-0" daemon [_thread_blocked, id=8509, stack(0x00007fbc7d3e9000,0x00007fbc7dbea000)]
  0x00007fbd30d54070 JavaThread "sbt-command-exchange-fastTrack" daemon [_thread_blocked, id=8512, stack(0x00007fbc7cbe8000,0x00007fbc7d3e9000)]
  0x00007fbd31617540 JavaThread "scala-execution-context-global-59" daemon [_thread_blocked, id=8525, stack(0x00007fbcb4ffa000,0x00007fbcb57fb000)]
  0x00007fbc2c136e80 JavaThread "scala-execution-context-global-60" daemon [_thread_blocked, id=8526, stack(0x00007fbc1f5fa000,0x00007fbc1fdfb000)]
  0x00007fbc2cd05cc0 JavaThread "scala-execution-context-global-61" daemon [_thread_blocked, id=8527, stack(0x00007fbc1edf9000,0x00007fbc1f5fa000)]
  0x00007fbc8c092610 JavaThread "scala-execution-context-global-62" daemon [_thread_blocked, id=8528, stack(0x00007fbc1e5f8000,0x00007fbc1edf9000)]
  0x00007fbc2cd06c50 JavaThread "scala-execution-context-global-63" daemon [_thread_blocked, id=8529, stack(0x00007fbc1ddf7000,0x00007fbc1e5f8000)]
  0x00007fbc14000bc0 JavaThread "scala-execution-context-global-64" daemon [_thread_blocked, id=8530, stack(0x00007fbc1d5f6000,0x00007fbc1ddf7000)]
  0x00007fbc2ccab130 JavaThread "scala-execution-context-global-65" daemon [_thread_blocked, id=8531, stack(0x00007fbc1cdf5000,0x00007fbc1d5f6000)]
  0x00007fbc10000bc0 JavaThread "scala-execution-context-global-68" daemon [_thread_blocked, id=8532, stack(0x00007fbc1c5f4000,0x00007fbc1cdf5000)]
  0x00007fbc04000bc0 JavaThread "scala-execution-context-global-67" daemon [_thread_blocked, id=8533, stack(0x00007fbc037ff000,0x00007fbc04000000)]
  0x00007fbc14001d40 JavaThread "scala-execution-context-global-66" daemon [_thread_blocked, id=8534, stack(0x00007fbc02ffe000,0x00007fbc037ff000)]
  0x00007fbc0c000bc0 JavaThread "scala-execution-context-global-69" daemon [_thread_blocked, id=8535, stack(0x00007fbc027fd000,0x00007fbc02ffe000)]
  0x00007fbc08000bc0 JavaThread "scala-execution-context-global-70" daemon [_thread_blocked, id=8536, stack(0x00007fbc01ffc000,0x00007fbc027fd000)]
  0x00007fbc10001d70 JavaThread "scala-execution-context-global-71" daemon [_thread_blocked, id=8537, stack(0x00007fbc017fb000,0x00007fbc01ffc000)]
  0x00007fbbfc000bc0 JavaThread "scala-execution-context-global-72" daemon [_thread_blocked, id=8538, stack(0x00007fbc00ffa000,0x00007fbc017fb000)]
  0x00007fbc04001d40 JavaThread "scala-execution-context-global-73" daemon [_thread_blocked, id=8539, stack(0x00007fbc007f9000,0x00007fbc00ffa000)]
  0x00007fbbf0000bc0 JavaThread "scala-execution-context-global-74" daemon [_thread_blocked, id=8540, stack(0x00007fbbdf7ff000,0x00007fbbe0000000)]
  0x00007fbb9402dfa0 JavaThread "JGit-FileStoreAttributeReader-1" daemon [_thread_blocked, id=8645, stack(0x00007fbb9c479000,0x00007fbb9cc7a000)]
  0x00007fbbc8041700 JavaThread "JGit-WorkQueue" daemon [_thread_blocked, id=8647, stack(0x00007fbb9cc7a000,0x00007fbb9d47b000)]
  0x00007fbd3001dbd0 JavaThread "FileSystemWatchService" daemon [_thread_in_native, id=8663, stack(0x00007fbb9d47b000,0x00007fbb9dc7c000)]
  0x00007fbd3001f600 JavaThread "NioPathWatcher-loop-thread-1" daemon [_thread_blocked, id=8664, stack(0x00007fbb9effe000,0x00007fbb9f7ff000)]
  0x00007fbd30c80ba0 JavaThread "com.swoval.files.SymlinkWather.callback-executor-1" [_thread_blocked, id=8665, stack(0x00007fbb9dffc000,0x00007fbb9e7fd000)]
  0x00007fbd30d2d520 JavaThread "FileTreeRepository-callback-executor-1" [_thread_blocked, id=8666, stack(0x00007fbbbdffc000,0x00007fbbbe7fd000)]
  0x00007fbd30b26320 JavaThread "FileSystemWatchService" daemon [_thread_blocked, id=8667, stack(0x00007fbbdeffe000,0x00007fbbdf7ff000)]
  0x00007fbd30b26e60 JavaThread "NioPathWatcher-loop-thread-2" daemon [_thread_blocked, id=8668, stack(0x00007fbbde7fd000,0x00007fbbdeffe000)]
  0x00007fbd30b22b10 JavaThread "FileSystemWatchService" daemon [_thread_in_native, id=8669, stack(0x00007fbbddffc000,0x00007fbbde7fd000)]
  0x00007fbd30b68100 JavaThread "NioPathWatcher-loop-thread-3" daemon [_thread_blocked, id=8670, stack(0x00007fbbdd7fb000,0x00007fbbddffc000)]
  0x00007fbd30b68df0 JavaThread "com.swoval.files.SymlinkWather.callback-executor-1" [_thread_blocked, id=8671, stack(0x00007fbbdcffa000,0x00007fbbdd7fb000)]
  0x00007fbd30b69af0 JavaThread "FileTreeRepository-callback-executor-1" [_thread_blocked, id=8672, stack(0x00007fbbbf7ff000,0x00007fbbc0000000)]
  0x00007fbd30b6c800 JavaThread "FileSystemWatchService" daemon [_thread_blocked, id=8673, stack(0x00007fbbbeffe000,0x00007fbbbf7ff000)]
  0x00007fbd30b6d540 JavaThread "NioPathWatcher-loop-thread-4" daemon [_thread_blocked, id=8674, stack(0x00007fbbbe7fd000,0x00007fbbbeffe000)]
  0x00007fbd3110b1b0 JavaThread "sbt-task-progress-report-thread" [_thread_blocked, id=8729, stack(0x00007fbb787f9000,0x00007fbb78ffa000)]
  0x00007fbd3098d0c0 JavaThread "pool-11-thread-1" [_thread_blocked, id=8730, stack(0x00007fbbdc7f9000,0x00007fbbdcffa000)]
  0x00007fbd3110e1b0 JavaThread "pool-11-thread-2" [_thread_blocked, id=8731, stack(0x00007fbb7a7fd000,0x00007fbb7affe000)]
  0x00007fbd30993270 JavaThread "pool-11-thread-3" [_thread_blocked, id=8732, stack(0x00007fbb78ffa000,0x00007fbb797fb000)]
  0x00007fbd30993fa0 JavaThread "pool-11-thread-4" [_thread_blocked, id=8733, stack(0x00007fbbbd7fb000,0x00007fbbbdffc000)]
  0x00007fbcac38b5b0 JavaThread "sbt-progress-report-scheduler" [_thread_blocked, id=8734, stack(0x00007fbbbcffa000,0x00007fbbbd7fb000)]
  0x00007fbd310c6960 JavaThread "pool-11-thread-5" [_thread_blocked, id=8735, stack(0x00007fbbbc7f9000,0x00007fbbbcffa000)]
  0x00007fbd3110bc00 JavaThread "pool-11-thread-6" [_thread_blocked, id=8736, stack(0x00007fbb9f7ff000,0x00007fbba0000000)]
  0x00007fbd310bef20 JavaThread "pool-11-thread-7" [_thread_blocked, id=8737, stack(0x00007fbb9e7fd000,0x00007fbb9effe000)]
  0x00007fbd3098d8a0 JavaThread "pool-11-thread-8" [_thread_blocked, id=8743, stack(0x00007fbb7b7ff000,0x00007fbb7c000000)]
  0x00007fbd3098e4c0 JavaThread "pool-11-thread-9" [_thread_blocked, id=8744, stack(0x00007fbb7affe000,0x00007fbb7b7ff000)]
  0x00007fbd311107b0 JavaThread "pool-11-thread-10" [_thread_blocked, id=8745, stack(0x00007fbb79ffc000,0x00007fbb7a7fd000)]
  0x00007fbd31111510 JavaThread "pool-11-thread-11" [_thread_blocked, id=8746, stack(0x00007fbb797fb000,0x00007fbb79ffc000)]
  0x00007fbd3098f0f0 JavaThread "pool-11-thread-12" [_thread_blocked, id=8747, stack(0x00007fbb737ff000,0x00007fbb74000000)]
  0x00007fbd3098ffc0 JavaThread "pool-11-thread-13" [_thread_blocked, id=8748, stack(0x00007fbb72ffe000,0x00007fbb737ff000)]
  0x00007fbd30990d40 JavaThread "pool-11-thread-14" [_thread_blocked, id=8749, stack(0x00007fbb727fd000,0x00007fbb72ffe000)]
  0x00007fbd30991ac0 JavaThread "pool-11-thread-15" [_thread_blocked, id=8750, stack(0x00007fbb71ffc000,0x00007fbb727fd000)]
  0x00007fbd31115f60 JavaThread "pool-11-thread-16" [_thread_blocked, id=8751, stack(0x00007fbb717fb000,0x00007fbb71ffc000)]
  0x00007fbb8c064490 JavaThread "pool-11-thread-17" [_thread_blocked, id=8752, stack(0x00007fbb70ffa000,0x00007fbb717fb000)]
  0x00007fbbb002b110 JavaThread "ForkJoinPool.commonPool-worker-1" daemon [_thread_blocked, id=8754, stack(0x00007fbb707f9000,0x00007fbb70ffa000)]
  0x00007fbb44000bc0 JavaThread "ForkJoinPool.commonPool-worker-2" daemon [_thread_blocked, id=8755, stack(0x00007fbb4b7ff000,0x00007fbb4c000000)]
  0x00007fbb6c007120 JavaThread "pool-11-thread-18" [_thread_blocked, id=8759, stack(0x00007fbb4affe000,0x00007fbb4b7ff000)]
  0x00007fbb94039ec0 JavaThread "pool-11-thread-19" [_thread_blocked, id=8772, stack(0x00007fbb4a7fd000,0x00007fbb4affe000)]

Other Threads:
=>0x00007fbd3019b5a0 VMThread "VM Thread" [stack: 0x00007fbd041d0000,0x00007fbd042d0000] [id=8459]
  0x00007fbd301c1630 WatcherThread "VM Periodic Task Thread" [stack: 0x00007fbcf45fc000,0x00007fbcf46fc000] [id=8468]
  0x00007fbd3004acb0 WorkerThread "GC Thread#0" [stack: 0x00007fbd3485f000,0x00007fbd3495f000] [id=8454]
  0x00007fbce4008770 WorkerThread "GC Thread#1" [stack: 0x00007fbcb46f9000,0x00007fbcb47f9000] [id=8485]
  0x00007fbce40092d0 WorkerThread "GC Thread#2" [stack: 0x00007fbcb45f7000,0x00007fbcb46f7000] [id=8486]
  0x00007fbce4009e30 WorkerThread "GC Thread#3" [stack: 0x00007fbcb44f5000,0x00007fbcb45f5000] [id=8487]
  0x00007fbce400a990 WorkerThread "GC Thread#4" [stack: 0x00007fbcb43f3000,0x00007fbcb44f3000] [id=8488]
  0x00007fbce400b4f0 WorkerThread "GC Thread#5" [stack: 0x00007fbcb42f1000,0x00007fbcb43f1000] [id=8489]
  0x00007fbce400c050 WorkerThread "GC Thread#6" [stack: 0x00007fbcb41ef000,0x00007fbcb42ef000] [id=8490]
  0x00007fbce400cbb0 WorkerThread "GC Thread#7" [stack: 0x00007fbcb40ed000,0x00007fbcb41ed000] [id=8491]
  0x00007fbce400d710 WorkerThread "GC Thread#8" [stack: 0x00007fbc7eefe000,0x00007fbc7effe000] [id=8492]
  0x00007fbce400e270 WorkerThread "GC Thread#9" [stack: 0x00007fbc7edfc000,0x00007fbc7eefc000] [id=8493]
  0x00007fbce400edd0 WorkerThread "GC Thread#10" [stack: 0x00007fbc7ecfa000,0x00007fbc7edfa000] [id=8494]
  0x00007fbce400f930 WorkerThread "GC Thread#11" [stack: 0x00007fbc7ebf8000,0x00007fbc7ecf8000] [id=8495]
  0x00007fbce4010490 WorkerThread "GC Thread#12" [stack: 0x00007fbc7eaf6000,0x00007fbc7ebf6000] [id=8496]
  0x00007fbd3005c3d0 ConcurrentGCThread "G1 Main Marker" [stack: 0x00007fbd3475d000,0x00007fbd3485d000] [id=8455]
  0x00007fbd3005d410 WorkerThread "G1 Conc#0" [stack: 0x00007fbd3465b000,0x00007fbd3475b000] [id=8456]
  0x00007fbcf8000960 WorkerThread "G1 Conc#1" [stack: 0x00007fbc7e9f4000,0x00007fbc7eaf4000] [id=8498]
  0x00007fbcf80014d0 WorkerThread "G1 Conc#2" [stack: 0x00007fbc7e8f2000,0x00007fbc7e9f2000] [id=8499]
  0x00007fbd30168d00 ConcurrentGCThread "G1 Refine#0" [stack: 0x00007fbd045c2000,0x00007fbd046c2000] [id=8457]
  0x00007fbd30169d60 ConcurrentGCThread "G1 Service" [stack: 0x00007fbd044c0000,0x00007fbd045c0000] [id=8458]

Threads with active compile tasks:

VM state: at safepoint (normal execution)

VM Mutex/Monitor currently owned by a thread:  ([mutex/lock_event])
[0x00007fbd30015f20] Threads_lock - owner thread: 0x00007fbd3019b5a0
[0x00007fbd30016140] Heap_lock - owner thread: 0x00007fbd310c6960

Heap address: 0x0000000400000000, size: 16384 MB, Compressed Oops mode: Zero based, Oop shift amount: 3

CDS archive(s) mapped at: [0x0000000800000000-0x0000000800c65000-0x0000000800c65000), size 12996608, SharedBaseAddress: 0x0000000800000000, ArchiveRelocationMode: 0.
Compressed class space mapped at: 0x0000000801000000-0x0000000841000000, reserved size: 1073741824
Narrow klass base: 0x0000000800000000, Narrow klass shift: 0, Narrow klass range: 0x100000000

GC Precious Log:
 CardTable entry size: 512
 Card Set container configuration: InlinePtr #cards 4 size 8 Array Of Cards #cards 64 size 144 Howl #buckets 8 coarsen threshold 14745 Howl Bitmap #cards 2048 size 272 coarsen threshold 1843 Card regions per heap region 1 cards per card region 16384
 CPUs: 16 total, 16 available
 Memory: 125G
 Large Page Support: Disabled
 NUMA Support: Disabled
 Compressed Oops: Enabled (Zero based)
 Heap Region Size: 8M
 Heap Min Capacity: 8M
 Heap Initial Capacity: 2008M
 Heap Max Capacity: 16G
 Pre-touch: Disabled
 Parallel Workers: 13
 Concurrent Workers: 3
 Concurrent Refinement Workers: 13
 Periodic GC: Disabled

Heap:
 garbage-first heap   total 2588672K, used 1392620K [0x0000000400000000, 0x0000000800000000)
  region size 8192K, 12 young (98304K), 12 survivors (98304K)
 Metaspace       used 110468K, committed 111552K, reserved 1179648K
  class space    used 14633K, committed 15040K, reserved 1048576K

Heap Regions: E=young(eden), S=young(survivor), O=old, HS=humongous(starts), HC=humongous(continues), CS=collection set, F=free, OA=open archive, CA=closed archive, TAMS=top-at-mark-start, PB=parsable bottom
|   0|0x0000000400000000, 0x0000000400800000, 0x0000000400800000|100%| O|  |TAMS 0x0000000400000000| PB 0x0000000400000000| Untracked 
|   1|0x0000000400800000, 0x0000000401000000, 0x0000000401000000|100%| O|  |TAMS 0x0000000400800000| PB 0x0000000400800000| Untracked 
|   2|0x0000000401000000, 0x0000000401800000, 0x0000000401800000|100%| O|  |TAMS 0x0000000401000000| PB 0x0000000401000000| Untracked 
|   3|0x0000000401800000, 0x0000000402000000, 0x0000000402000000|100%| O|  |TAMS 0x0000000401800000| PB 0x0000000401800000| Untracked 
|   4|0x0000000402000000, 0x0000000402800000, 0x0000000402800000|100%| O|  |TAMS 0x0000000402000000| PB 0x0000000402000000| Untracked 
|   5|0x0000000402800000, 0x0000000403000000, 0x0000000403000000|100%| O|  |TAMS 0x0000000402800000| PB 0x0000000402800000| Untracked 
|   6|0x0000000403000000, 0x0000000403800000, 0x0000000403800000|100%| O|  |TAMS 0x0000000403000000| PB 0x0000000403000000| Untracked 
|   7|0x0000000403800000, 0x0000000404000000, 0x0000000404000000|100%| O|  |TAMS 0x0000000403800000| PB 0x0000000403800000| Untracked 
|   8|0x0000000404000000, 0x0000000404800000, 0x0000000404800000|100%| O|  |TAMS 0x0000000404000000| PB 0x0000000404000000| Untracked 
|   9|0x0000000404800000, 0x0000000405000000, 0x0000000405000000|100%| O|  |TAMS 0x0000000404800000| PB 0x0000000404800000| Untracked 
|  10|0x0000000405000000, 0x0000000405800000, 0x0000000405800000|100%| O|  |TAMS 0x0000000405000000| PB 0x0000000405000000| Untracked 
|  11|0x0000000405800000, 0x0000000405800000, 0x0000000406000000|  0%| F|  |TAMS 0x0000000405800000| PB 0x0000000405800000| Untracked 
|  12|0x0000000406000000, 0x0000000406800000, 0x0000000406800000|100%| O|  |TAMS 0x0000000406000000| PB 0x0000000406000000| Untracked 
|  13|0x0000000406800000, 0x0000000407000000, 0x0000000407000000|100%| O|  |TAMS 0x0000000406800000| PB 0x0000000406800000| Untracked 
|  14|0x0000000407000000, 0x0000000407800000, 0x0000000407800000|100%| O|  |TAMS 0x0000000407000000| PB 0x0000000407000000| Untracked 
|  15|0x0000000407800000, 0x0000000408000000, 0x0000000408000000|100%| O|  |TAMS 0x0000000407800000| PB 0x0000000407800000| Untracked 
|  16|0x0000000408000000, 0x0000000408800000, 0x0000000408800000|100%| O|  |TAMS 0x0000000408000000| PB 0x0000000408000000| Untracked 
|  17|0x0000000408800000, 0x0000000409000000, 0x0000000409000000|100%| O|  |TAMS 0x0000000408800000| PB 0x0000000408800000| Untracked 
|  18|0x0000000409000000, 0x0000000409800000, 0x0000000409800000|100%|HS|  |TAMS 0x0000000409000000| PB 0x0000000409000000| Complete 
|  19|0x0000000409800000, 0x000000040a000000, 0x000000040a000000|100%|HS|  |TAMS 0x0000000409800000| PB 0x0000000409800000| Complete 
|  20|0x000000040a000000, 0x000000040a800000, 0x000000040a800000|100%|HS|  |TAMS 0x000000040a000000| PB 0x000000040a000000| Complete 
|  21|0x000000040a800000, 0x000000040b000000, 0x000000040b000000|100%| O|  |TAMS 0x000000040a800000| PB 0x000000040a800000| Untracked 
|  22|0x000000040b000000, 0x000000040b800000, 0x000000040b800000|100%|HS|  |TAMS 0x000000040b000000| PB 0x000000040b000000| Complete 
|  23|0x000000040b800000, 0x000000040c000000, 0x000000040c000000|100%|HS|  |TAMS 0x000000040b800000| PB 0x000000040b800000| Complete 
|  24|0x000000040c000000, 0x000000040c000000, 0x000000040c800000|  0%| F|  |TAMS 0x000000040c000000| PB 0x000000040c000000| Untracked 
|  25|0x000000040c800000, 0x000000040d000000, 0x000000040d000000|100%| O|  |TAMS 0x000000040c800000| PB 0x000000040c800000| Untracked 
|  26|0x000000040d000000, 0x000000040d800000, 0x000000040d800000|100%|HS|  |TAMS 0x000000040d000000| PB 0x000000040d000000| Complete 
|  27|0x000000040d800000, 0x000000040e000000, 0x000000040e000000|100%|HC|  |TAMS 0x000000040d800000| PB 0x000000040d800000| Complete 
|  28|0x000000040e000000, 0x000000040e800000, 0x000000040e800000|100%| O|  |TAMS 0x000000040e000000| PB 0x000000040e000000| Untracked 
|  29|0x000000040e800000, 0x000000040e800000, 0x000000040f000000|  0%| F|  |TAMS 0x000000040e800000| PB 0x000000040e800000| Untracked 
|  30|0x000000040f000000, 0x000000040f800000, 0x000000040f800000|100%| O|  |TAMS 0x000000040f000000| PB 0x000000040f000000| Untracked 
|  31|0x000000040f800000, 0x0000000410000000, 0x0000000410000000|100%| O|  |TAMS 0x000000040f800000| PB 0x000000040f800000| Untracked 
|  32|0x0000000410000000, 0x0000000410800000, 0x0000000410800000|100%| O|  |TAMS 0x0000000410000000| PB 0x0000000410000000| Untracked 
|  33|0x0000000410800000, 0x0000000411000000, 0x0000000411000000|100%| O|  |TAMS 0x0000000410800000| PB 0x0000000410800000| Untracked 
|  34|0x0000000411000000, 0x0000000411800000, 0x0000000411800000|100%| O|  |TAMS 0x0000000411000000| PB 0x0000000411000000| Untracked 
|  35|0x0000000411800000, 0x0000000412000000, 0x0000000412000000|100%| O|  |TAMS 0x0000000411800000| PB 0x0000000411800000| Untracked 
|  36|0x0000000412000000, 0x0000000412800000, 0x0000000412800000|100%| O|  |TAMS 0x0000000412000000| PB 0x0000000412000000| Untracked 
|  37|0x0000000412800000, 0x0000000413000000, 0x0000000413000000|100%| O|  |TAMS 0x0000000412800000| PB 0x0000000412800000| Untracked 
|  38|0x0000000413000000, 0x0000000413800000, 0x0000000413800000|100%| O|  |TAMS 0x0000000413000000| PB 0x0000000413000000| Untracked 
|  39|0x0000000413800000, 0x0000000414000000, 0x0000000414000000|100%| O|  |TAMS 0x0000000413800000| PB 0x0000000413800000| Untracked 
|  40|0x0000000414000000, 0x0000000414800000, 0x0000000414800000|100%| O|  |TAMS 0x0000000414000000| PB 0x0000000414000000| Untracked 
|  41|0x0000000414800000, 0x0000000415000000, 0x0000000415000000|100%| O|  |TAMS 0x0000000414800000| PB 0x0000000414800000| Untracked 
|  42|0x0000000415000000, 0x0000000415800000, 0x0000000415800000|100%| O|  |TAMS 0x0000000415000000| PB 0x0000000415000000| Untracked 
|  43|0x0000000415800000, 0x0000000416000000, 0x0000000416000000|100%| O|  |TAMS 0x0000000415800000| PB 0x0000000415800000| Untracked 
|  44|0x0000000416000000, 0x0000000416000000, 0x0000000416800000|  0%| F|  |TAMS 0x0000000416000000| PB 0x0000000416000000| Untracked 
|  45|0x0000000416800000, 0x0000000417000000, 0x0000000417000000|100%| O|  |TAMS 0x0000000416800000| PB 0x0000000416800000| Untracked 
|  46|0x0000000417000000, 0x0000000417800000, 0x0000000417800000|100%| O|  |TAMS 0x0000000417000000| PB 0x0000000417000000| Untracked 
|  47|0x0000000417800000, 0x0000000418000000, 0x0000000418000000|100%| O|  |TAMS 0x0000000417800000| PB 0x0000000417800000| Untracked 
|  48|0x0000000418000000, 0x0000000418000000, 0x0000000418800000|  0%| F|  |TAMS 0x0000000418000000| PB 0x0000000418000000| Untracked 
|  49|0x0000000418800000, 0x0000000419000000, 0x0000000419000000|100%| O|  |TAMS 0x0000000418800000| PB 0x0000000418800000| Untracked 
|  50|0x0000000419000000, 0x0000000419800000, 0x0000000419800000|100%|HS|  |TAMS 0x0000000419000000| PB 0x0000000419000000| Complete 
|  51|0x0000000419800000, 0x000000041a000000, 0x000000041a000000|100%|HC|  |TAMS 0x0000000419800000| PB 0x0000000419800000| Complete 
|  52|0x000000041a000000, 0x000000041a800000, 0x000000041a800000|100%| O|  |TAMS 0x000000041a000000| PB 0x000000041a000000| Untracked 
|  53|0x000000041a800000, 0x000000041b000000, 0x000000041b000000|100%| O|  |TAMS 0x000000041a800000| PB 0x000000041a800000| Untracked 
|  54|0x000000041b000000, 0x000000041b800000, 0x000000041b800000|100%| O|  |TAMS 0x000000041b000000| PB 0x000000041b000000| Untracked 
|  55|0x000000041b800000, 0x000000041c000000, 0x000000041c000000|100%| O|  |TAMS 0x000000041b800000| PB 0x000000041b800000| Untracked 
|  56|0x000000041c000000, 0x000000041c800000, 0x000000041c800000|100%| O|  |TAMS 0x000000041c000000| PB 0x000000041c000000| Untracked 
|  57|0x000000041c800000, 0x000000041d000000, 0x000000041d000000|100%| O|  |TAMS 0x000000041c800000| PB 0x000000041c800000| Untracked 
|  58|0x000000041d000000, 0x000000041d800000, 0x000000041d800000|100%| O|  |TAMS 0x000000041d000000| PB 0x000000041d000000| Untracked 
|  59|0x000000041d800000, 0x000000041e000000, 0x000000041e000000|100%| O|  |TAMS 0x000000041d800000| PB 0x000000041d800000| Untracked 
|  60|0x000000041e000000, 0x000000041e800000, 0x000000041e800000|100%| O|  |TAMS 0x000000041e000000| PB 0x000000041e000000| Untracked 
|  61|0x000000041e800000, 0x000000041f000000, 0x000000041f000000|100%| O|  |TAMS 0x000000041e800000| PB 0x000000041e800000| Untracked 
|  62|0x000000041f000000, 0x000000041f800000, 0x000000041f800000|100%| O|  |TAMS 0x000000041f000000| PB 0x000000041f000000| Untracked 
|  63|0x000000041f800000, 0x0000000420000000, 0x0000000420000000|100%| O|  |TAMS 0x000000041f800000| PB 0x000000041f800000| Untracked 
|  64|0x0000000420000000, 0x0000000420800000, 0x0000000420800000|100%| O|  |TAMS 0x0000000420000000| PB 0x0000000420000000| Untracked 
|  65|0x0000000420800000, 0x0000000421000000, 0x0000000421000000|100%| O|  |TAMS 0x0000000420800000| PB 0x0000000420800000| Untracked 
|  66|0x0000000421000000, 0x0000000421800000, 0x0000000421800000|100%| O|  |TAMS 0x0000000421000000| PB 0x0000000421000000| Untracked 
|  67|0x0000000421800000, 0x0000000422000000, 0x0000000422000000|100%| O|  |TAMS 0x0000000421800000| PB 0x0000000421800000| Untracked 
|  68|0x0000000422000000, 0x0000000422800000, 0x0000000422800000|100%| O|  |TAMS 0x0000000422000000| PB 0x0000000422000000| Untracked 
|  69|0x0000000422800000, 0x0000000423000000, 0x0000000423000000|100%| O|  |TAMS 0x0000000422800000| PB 0x0000000422800000| Untracked 
|  70|0x0000000423000000, 0x0000000423800000, 0x0000000423800000|100%| O|  |TAMS 0x0000000423000000| PB 0x0000000423000000| Untracked 
|  71|0x0000000423800000, 0x0000000424000000, 0x0000000424000000|100%| O|  |TAMS 0x0000000423800000| PB 0x0000000423800000| Untracked 
|  72|0x0000000424000000, 0x0000000424800000, 0x0000000424800000|100%| O|  |TAMS 0x0000000424000000| PB 0x0000000424000000| Untracked 
|  73|0x0000000424800000, 0x0000000425000000, 0x0000000425000000|100%| O|  |TAMS 0x0000000424800000| PB 0x0000000424800000| Untracked 
|  74|0x0000000425000000, 0x0000000425800000, 0x0000000425800000|100%| O|  |TAMS 0x0000000425000000| PB 0x0000000425000000| Untracked 
|  75|0x0000000425800000, 0x0000000426000000, 0x0000000426000000|100%| O|  |TAMS 0x0000000425800000| PB 0x0000000425800000| Untracked 
|  76|0x0000000426000000, 0x0000000426800000, 0x0000000426800000|100%| O|  |TAMS 0x0000000426000000| PB 0x0000000426000000| Untracked 
|  77|0x0000000426800000, 0x0000000427000000, 0x0000000427000000|100%| O|  |TAMS 0x0000000426800000| PB 0x0000000426800000| Untracked 
|  78|0x0000000427000000, 0x0000000427800000, 0x0000000427800000|100%| O|  |TAMS 0x0000000427000000| PB 0x0000000427000000| Untracked 
|  79|0x0000000427800000, 0x0000000428000000, 0x0000000428000000|100%| O|  |TAMS 0x0000000427800000| PB 0x0000000427800000| Untracked 
|  80|0x0000000428000000, 0x0000000428800000, 0x0000000428800000|100%| O|  |TAMS 0x0000000428000000| PB 0x0000000428000000| Untracked 
|  81|0x0000000428800000, 0x0000000429000000, 0x0000000429000000|100%| O|  |TAMS 0x0000000428800000| PB 0x0000000428800000| Untracked 
|  82|0x0000000429000000, 0x0000000429800000, 0x0000000429800000|100%| O|  |TAMS 0x0000000429000000| PB 0x0000000429000000| Untracked 
|  83|0x0000000429800000, 0x000000042a000000, 0x000000042a000000|100%| O|  |TAMS 0x0000000429800000| PB 0x0000000429800000| Untracked 
|  84|0x000000042a000000, 0x000000042a800000, 0x000000042a800000|100%| O|  |TAMS 0x000000042a000000| PB 0x000000042a000000| Untracked 
|  85|0x000000042a800000, 0x000000042b000000, 0x000000042b000000|100%| O|  |TAMS 0x000000042a800000| PB 0x000000042a800000| Untracked 
|  86|0x000000042b000000, 0x000000042b800000, 0x000000042b800000|100%|HS|  |TAMS 0x000000042b000000| PB 0x000000042b000000| Complete 
|  87|0x000000042b800000, 0x000000042c000000, 0x000000042c000000|100%|HS|  |TAMS 0x000000042b800000| PB 0x000000042b800000| Complete 
|  88|0x000000042c000000, 0x000000042c800000, 0x000000042c800000|100%|HC|  |TAMS 0x000000042c000000| PB 0x000000042c000000| Complete 
|  89|0x000000042c800000, 0x000000042d000000, 0x000000042d000000|100%| O|  |TAMS 0x000000042c800000| PB 0x000000042c800000| Untracked 
|  90|0x000000042d000000, 0x000000042d800000, 0x000000042d800000|100%| O|  |TAMS 0x000000042d000000| PB 0x000000042d000000| Untracked 
|  91|0x000000042d800000, 0x000000042e000000, 0x000000042e000000|100%| O|  |TAMS 0x000000042d800000| PB 0x000000042d800000| Untracked 
|  92|0x000000042e000000, 0x000000042e800000, 0x000000042e800000|100%| O|  |TAMS 0x000000042e000000| PB 0x000000042e000000| Untracked 
|  93|0x000000042e800000, 0x000000042f000000, 0x000000042f000000|100%| O|  |TAMS 0x000000042e800000| PB 0x000000042e800000| Untracked 
|  94|0x000000042f000000, 0x000000042f800000, 0x000000042f800000|100%| O|  |TAMS 0x000000042f000000| PB 0x000000042f000000| Untracked 
|  95|0x000000042f800000, 0x0000000430000000, 0x0000000430000000|100%| O|  |TAMS 0x000000042f800000| PB 0x000000042f800000| Untracked 
|  96|0x0000000430000000, 0x0000000430000000, 0x0000000430800000|  0%| F|  |TAMS 0x0000000430000000| PB 0x0000000430000000| Untracked 
|  97|0x0000000430800000, 0x0000000431000000, 0x0000000431000000|100%| O|  |TAMS 0x0000000430800000| PB 0x0000000430800000| Untracked 
|  98|0x0000000431000000, 0x0000000431800000, 0x0000000431800000|100%| O|  |TAMS 0x0000000431000000| PB 0x0000000431000000| Untracked 
|  99|0x0000000431800000, 0x0000000432000000, 0x0000000432000000|100%| O|  |TAMS 0x0000000431800000| PB 0x0000000431800000| Untracked 
| 100|0x0000000432000000, 0x0000000432800000, 0x0000000432800000|100%| O|  |TAMS 0x0000000432000000| PB 0x0000000432000000| Untracked 
| 101|0x0000000432800000, 0x0000000433000000, 0x0000000433000000|100%| O|  |TAMS 0x0000000432800000| PB 0x0000000432800000| Untracked 
| 102|0x0000000433000000, 0x0000000433800000, 0x0000000433800000|100%| O|  |TAMS 0x0000000433000000| PB 0x0000000433000000| Untracked 
| 103|0x0000000433800000, 0x0000000434000000, 0x0000000434000000|100%| O|  |TAMS 0x0000000433800000| PB 0x0000000433800000| Untracked 
| 104|0x0000000434000000, 0x0000000434800000, 0x0000000434800000|100%| O|  |TAMS 0x0000000434000000| PB 0x0000000434000000| Untracked 
| 105|0x0000000434800000, 0x0000000435000000, 0x0000000435000000|100%| O|  |TAMS 0x0000000434800000| PB 0x0000000434800000| Untracked 
| 106|0x0000000435000000, 0x0000000435800000, 0x0000000435800000|100%| O|  |TAMS 0x0000000435000000| PB 0x0000000435000000| Untracked 
| 107|0x0000000435800000, 0x0000000436000000, 0x0000000436000000|100%| O|  |TAMS 0x0000000435800000| PB 0x0000000435800000| Untracked 
| 108|0x0000000436000000, 0x0000000436800000, 0x0000000436800000|100%| O|  |TAMS 0x0000000436000000| PB 0x0000000436000000| Untracked 
| 109|0x0000000436800000, 0x0000000437000000, 0x0000000437000000|100%| O|  |TAMS 0x0000000436800000| PB 0x0000000436800000| Untracked 
| 110|0x0000000437000000, 0x0000000437800000, 0x0000000437800000|100%| O|  |TAMS 0x0000000437000000| PB 0x0000000437000000| Untracked 
| 111|0x0000000437800000, 0x0000000438000000, 0x0000000438000000|100%| O|  |TAMS 0x0000000437800000| PB 0x0000000437800000| Untracked 
| 112|0x0000000438000000, 0x0000000438800000, 0x0000000438800000|100%| O|  |TAMS 0x0000000438000000| PB 0x0000000438000000| Untracked 
| 113|0x0000000438800000, 0x0000000439000000, 0x0000000439000000|100%| O|  |TAMS 0x0000000438800000| PB 0x0000000438800000| Untracked 
| 114|0x0000000439000000, 0x0000000439800000, 0x0000000439800000|100%| O|  |TAMS 0x0000000439000000| PB 0x0000000439000000| Untracked 
| 115|0x0000000439800000, 0x0000000439800000, 0x000000043a000000|  0%| F|  |TAMS 0x0000000439800000| PB 0x0000000439800000| Untracked 
| 116|0x000000043a000000, 0x000000043a000000, 0x000000043a800000|  0%| F|  |TAMS 0x000000043a000000| PB 0x000000043a000000| Untracked 
| 117|0x000000043a800000, 0x000000043a800000, 0x000000043b000000|  0%| F|  |TAMS 0x000000043a800000| PB 0x000000043a800000| Untracked 
| 118|0x000000043b000000, 0x000000043b000000, 0x000000043b800000|  0%| F|  |TAMS 0x000000043b000000| PB 0x000000043b000000| Untracked 
| 119|0x000000043b800000, 0x000000043b800000, 0x000000043c000000|  0%| F|  |TAMS 0x000000043b800000| PB 0x000000043b800000| Untracked 
| 120|0x000000043c000000, 0x000000043c000000, 0x000000043c800000|  0%| F|  |TAMS 0x000000043c000000| PB 0x000000043c000000| Untracked 
| 121|0x000000043c800000, 0x000000043c800000, 0x000000043d000000|  0%| F|  |TAMS 0x000000043c800000| PB 0x000000043c800000| Untracked 
| 122|0x000000043d000000, 0x000000043d000000, 0x000000043d800000|  0%| F|  |TAMS 0x000000043d000000| PB 0x000000043d000000| Untracked 
| 123|0x000000043d800000, 0x000000043d800000, 0x000000043e000000|  0%| F|  |TAMS 0x000000043d800000| PB 0x000000043d800000| Untracked 
| 124|0x000000043e000000, 0x000000043e000000, 0x000000043e800000|  0%| F|  |TAMS 0x000000043e000000| PB 0x000000043e000000| Untracked 
| 125|0x000000043e800000, 0x000000043f000000, 0x000000043f000000|100%| O|  |TAMS 0x000000043e800000| PB 0x000000043e800000| Untracked 
| 126|0x000000043f000000, 0x000000043f800000, 0x000000043f800000|100%| O|  |TAMS 0x000000043f000000| PB 0x000000043f000000| Untracked 
| 127|0x000000043f800000, 0x0000000440000000, 0x0000000440000000|100%| O|  |TAMS 0x000000043f800000| PB 0x000000043f800000| Untracked 
| 128|0x0000000440000000, 0x0000000440800000, 0x0000000440800000|100%| O|  |TAMS 0x0000000440000000| PB 0x0000000440000000| Untracked 
| 129|0x0000000440800000, 0x0000000440800000, 0x0000000441000000|  0%| F|  |TAMS 0x0000000440800000| PB 0x0000000440800000| Untracked 
| 130|0x0000000441000000, 0x0000000441800000, 0x0000000441800000|100%| O|  |TAMS 0x0000000441000000| PB 0x0000000441000000| Untracked 
| 131|0x0000000441800000, 0x0000000442000000, 0x0000000442000000|100%| O|  |TAMS 0x0000000441800000| PB 0x0000000441800000| Untracked 
| 132|0x0000000442000000, 0x0000000442800000, 0x0000000442800000|100%| O|  |TAMS 0x0000000442000000| PB 0x0000000442000000| Untracked 
| 133|0x0000000442800000, 0x0000000443000000, 0x0000000443000000|100%| O|  |TAMS 0x0000000442800000| PB 0x0000000442800000| Untracked 
| 134|0x0000000443000000, 0x0000000443800000, 0x0000000443800000|100%| O|  |TAMS 0x0000000443000000| PB 0x0000000443000000| Untracked 
| 135|0x0000000443800000, 0x0000000444000000, 0x0000000444000000|100%| O|  |TAMS 0x0000000443800000| PB 0x0000000443800000| Untracked 
| 136|0x0000000444000000, 0x0000000444800000, 0x0000000444800000|100%| O|  |TAMS 0x0000000444000000| PB 0x0000000444000000| Untracked 
| 137|0x0000000444800000, 0x0000000445000000, 0x0000000445000000|100%|HS|  |TAMS 0x0000000444800000| PB 0x0000000444800000| Complete 
| 138|0x0000000445000000, 0x0000000445800000, 0x0000000445800000|100%|HC|  |TAMS 0x0000000445000000| PB 0x0000000445000000| Complete 
| 139|0x0000000445800000, 0x0000000446000000, 0x0000000446000000|100%|HC|  |TAMS 0x0000000445800000| PB 0x0000000445800000| Complete 
| 140|0x0000000446000000, 0x0000000446800000, 0x0000000446800000|100%|HC|  |TAMS 0x0000000446000000| PB 0x0000000446000000| Complete 
| 141|0x0000000446800000, 0x0000000447000000, 0x0000000447000000|100%|HC|  |TAMS 0x0000000446800000| PB 0x0000000446800000| Complete 
| 142|0x0000000447000000, 0x0000000447000000, 0x0000000447800000|  0%| F|  |TAMS 0x0000000447000000| PB 0x0000000447000000| Untracked 
| 143|0x0000000447800000, 0x0000000447800000, 0x0000000448000000|  0%| F|  |TAMS 0x0000000447800000| PB 0x0000000447800000| Untracked 
| 144|0x0000000448000000, 0x0000000448000000, 0x0000000448800000|  0%| F|  |TAMS 0x0000000448000000| PB 0x0000000448000000| Untracked 
| 145|0x0000000448800000, 0x0000000449000000, 0x0000000449000000|100%| O|  |TAMS 0x0000000448800000| PB 0x0000000448800000| Untracked 
| 146|0x0000000449000000, 0x0000000449800000, 0x0000000449800000|100%| O|  |TAMS 0x0000000449000000| PB 0x0000000449000000| Untracked 
| 147|0x0000000449800000, 0x000000044a000000, 0x000000044a000000|100%| O|  |TAMS 0x0000000449800000| PB 0x0000000449800000| Untracked 
| 148|0x000000044a000000, 0x000000044a800000, 0x000000044a800000|100%| O|  |TAMS 0x000000044a000000| PB 0x000000044a000000| Untracked 
| 149|0x000000044a800000, 0x000000044b000000, 0x000000044b000000|100%| O|  |TAMS 0x000000044a800000| PB 0x000000044a800000| Untracked 
| 150|0x000000044b000000, 0x000000044b800000, 0x000000044b800000|100%| O|  |TAMS 0x000000044b000000| PB 0x000000044b000000| Untracked 
| 151|0x000000044b800000, 0x000000044c000000, 0x000000044c000000|100%| O|  |TAMS 0x000000044b800000| PB 0x000000044b800000| Untracked 
| 152|0x000000044c000000, 0x000000044c800000, 0x000000044c800000|100%| O|  |TAMS 0x000000044c000000| PB 0x000000044c000000| Untracked 
| 153|0x000000044c800000, 0x000000044d000000, 0x000000044d000000|100%| O|  |TAMS 0x000000044c800000| PB 0x000000044c800000| Untracked 
| 154|0x000000044d000000, 0x000000044d800000, 0x000000044d800000|100%| O|  |TAMS 0x000000044d000000| PB 0x000000044d000000| Untracked 
| 155|0x000000044d800000, 0x000000044e000000, 0x000000044e000000|100%| O|  |TAMS 0x000000044d800000| PB 0x000000044d800000| Untracked 
| 156|0x000000044e000000, 0x000000044e800000, 0x000000044e800000|100%|HS|  |TAMS 0x000000044e000000| PB 0x000000044e000000| Complete 
| 157|0x000000044e800000, 0x000000044f000000, 0x000000044f000000|100%|HC|  |TAMS 0x000000044e800000| PB 0x000000044e800000| Complete 
| 158|0x000000044f000000, 0x000000044f800000, 0x000000044f800000|100%|HC|  |TAMS 0x000000044f000000| PB 0x000000044f000000| Complete 
| 159|0x000000044f800000, 0x0000000450000000, 0x0000000450000000|100%|HC|  |TAMS 0x000000044f800000| PB 0x000000044f800000| Complete 
| 160|0x0000000450000000, 0x0000000450800000, 0x0000000450800000|100%|HC|  |TAMS 0x0000000450000000| PB 0x0000000450000000| Complete 
| 161|0x0000000450800000, 0x0000000451000000, 0x0000000451000000|100%|HC|  |TAMS 0x0000000450800000| PB 0x0000000450800000| Complete 
| 162|0x0000000451000000, 0x0000000451800000, 0x0000000451800000|100%|HC|  |TAMS 0x0000000451000000| PB 0x0000000451000000| Complete 
| 163|0x0000000451800000, 0x0000000452000000, 0x0000000452000000|100%|HC|  |TAMS 0x0000000451800000| PB 0x0000000451800000| Complete 
| 164|0x0000000452000000, 0x0000000452800000, 0x0000000452800000|100%|HC|  |TAMS 0x0000000452000000| PB 0x0000000452000000| Complete 
| 165|0x0000000452800000, 0x0000000453000000, 0x0000000453000000|100%| S|CS|TAMS 0x0000000452800000| PB 0x0000000452800000| Complete 
| 166|0x0000000453000000, 0x0000000453800000, 0x0000000453800000|100%| S|CS|TAMS 0x0000000453000000| PB 0x0000000453000000| Complete 
| 167|0x0000000453800000, 0x0000000454000000, 0x0000000454000000|100%| S|CS|TAMS 0x0000000453800000| PB 0x0000000453800000| Complete 
| 168|0x0000000454000000, 0x0000000454800000, 0x0000000454800000|100%| S|CS|TAMS 0x0000000454000000| PB 0x0000000454000000| Complete 
| 169|0x0000000454800000, 0x0000000455000000, 0x0000000455000000|100%| S|CS|TAMS 0x0000000454800000| PB 0x0000000454800000| Complete 
| 170|0x0000000455000000, 0x0000000455800000, 0x0000000455800000|100%| S|CS|TAMS 0x0000000455000000| PB 0x0000000455000000| Complete 
| 171|0x0000000455800000, 0x0000000456000000, 0x0000000456000000|100%| S|CS|TAMS 0x0000000455800000| PB 0x0000000455800000| Complete 
| 172|0x0000000456000000, 0x0000000456800000, 0x0000000456800000|100%| S|CS|TAMS 0x0000000456000000| PB 0x0000000456000000| Complete 
| 173|0x0000000456800000, 0x0000000457000000, 0x0000000457000000|100%| S|CS|TAMS 0x0000000456800000| PB 0x0000000456800000| Complete 
| 174|0x0000000457000000, 0x0000000457800000, 0x0000000457800000|100%| S|CS|TAMS 0x0000000457000000| PB 0x0000000457000000| Complete 
| 175|0x0000000457800000, 0x0000000458000000, 0x0000000458000000|100%| S|CS|TAMS 0x0000000457800000| PB 0x0000000457800000| Complete 
| 176|0x0000000458000000, 0x0000000458800000, 0x0000000458800000|100%| S|CS|TAMS 0x0000000458000000| PB 0x0000000458000000| Complete 
| 177|0x0000000458800000, 0x0000000458800000, 0x0000000459000000|  0%| F|  |TAMS 0x0000000458800000| PB 0x0000000458800000| Untracked 
| 178|0x0000000459000000, 0x0000000459000000, 0x0000000459800000|  0%| F|  |TAMS 0x0000000459000000| PB 0x0000000459000000| Untracked 
| 179|0x0000000459800000, 0x0000000459800000, 0x000000045a000000|  0%| F|  |TAMS 0x0000000459800000| PB 0x0000000459800000| Untracked 
| 180|0x000000045a000000, 0x000000045a000000, 0x000000045a800000|  0%| F|  |TAMS 0x000000045a000000| PB 0x000000045a000000| Untracked 
| 181|0x000000045a800000, 0x000000045a800000, 0x000000045b000000|  0%| F|  |TAMS 0x000000045a800000| PB 0x000000045a800000| Untracked 
| 182|0x000000045b000000, 0x000000045b000000, 0x000000045b800000|  0%| F|  |TAMS 0x000000045b000000| PB 0x000000045b000000| Untracked 
| 183|0x000000045b800000, 0x000000045b800000, 0x000000045c000000|  0%| F|  |TAMS 0x000000045b800000| PB 0x000000045b800000| Untracked 
| 184|0x000000045c000000, 0x000000045c000000, 0x000000045c800000|  0%| F|  |TAMS 0x000000045c000000| PB 0x000000045c000000| Untracked 
| 185|0x000000045c800000, 0x000000045c800000, 0x000000045d000000|  0%| F|  |TAMS 0x000000045c800000| PB 0x000000045c800000| Untracked 
| 186|0x000000045d000000, 0x000000045d000000, 0x000000045d800000|  0%| F|  |TAMS 0x000000045d000000| PB 0x000000045d000000| Untracked 
| 187|0x000000045d800000, 0x000000045d800000, 0x000000045e000000|  0%| F|  |TAMS 0x000000045d800000| PB 0x000000045d800000| Untracked 
| 188|0x000000045e000000, 0x000000045e000000, 0x000000045e800000|  0%| F|  |TAMS 0x000000045e000000| PB 0x000000045e000000| Untracked 
| 189|0x000000045e800000, 0x000000045e800000, 0x000000045f000000|  0%| F|  |TAMS 0x000000045e800000| PB 0x000000045e800000| Untracked 
| 190|0x000000045f000000, 0x000000045f000000, 0x000000045f800000|  0%| F|  |TAMS 0x000000045f000000| PB 0x000000045f000000| Untracked 
| 191|0x000000045f800000, 0x000000045f800000, 0x0000000460000000|  0%| F|  |TAMS 0x000000045f800000| PB 0x000000045f800000| Untracked 
| 192|0x0000000460000000, 0x0000000460000000, 0x0000000460800000|  0%| F|  |TAMS 0x0000000460000000| PB 0x0000000460000000| Untracked 
| 193|0x0000000460800000, 0x0000000460800000, 0x0000000461000000|  0%| F|  |TAMS 0x0000000460800000| PB 0x0000000460800000| Untracked 
| 194|0x0000000461000000, 0x0000000461000000, 0x0000000461800000|  0%| F|  |TAMS 0x0000000461000000| PB 0x0000000461000000| Untracked 
| 195|0x0000000461800000, 0x0000000461800000, 0x0000000462000000|  0%| F|  |TAMS 0x0000000461800000| PB 0x0000000461800000| Untracked 
| 196|0x0000000462000000, 0x0000000462000000, 0x0000000462800000|  0%| F|  |TAMS 0x0000000462000000| PB 0x0000000462000000| Untracked 
| 197|0x0000000462800000, 0x0000000462800000, 0x0000000463000000|  0%| F|  |TAMS 0x0000000462800000| PB 0x0000000462800000| Untracked 
| 198|0x0000000463000000, 0x0000000463000000, 0x0000000463800000|  0%| F|  |TAMS 0x0000000463000000| PB 0x0000000463000000| Untracked 
| 199|0x0000000463800000, 0x0000000463800000, 0x0000000464000000|  0%| F|  |TAMS 0x0000000463800000| PB 0x0000000463800000| Untracked 
| 200|0x0000000464000000, 0x0000000464000000, 0x0000000464800000|  0%| F|  |TAMS 0x0000000464000000| PB 0x0000000464000000| Untracked 
| 201|0x0000000464800000, 0x0000000464800000, 0x0000000465000000|  0%| F|  |TAMS 0x0000000464800000| PB 0x0000000464800000| Untracked 
| 202|0x0000000465000000, 0x0000000465000000, 0x0000000465800000|  0%| F|  |TAMS 0x0000000465000000| PB 0x0000000465000000| Untracked 
| 203|0x0000000465800000, 0x0000000465800000, 0x0000000466000000|  0%| F|  |TAMS 0x0000000465800000| PB 0x0000000465800000| Untracked 
| 204|0x0000000466000000, 0x0000000466000000, 0x0000000466800000|  0%| F|  |TAMS 0x0000000466000000| PB 0x0000000466000000| Untracked 
| 205|0x0000000466800000, 0x0000000466800000, 0x0000000467000000|  0%| F|  |TAMS 0x0000000466800000| PB 0x0000000466800000| Untracked 
| 206|0x0000000467000000, 0x0000000467000000, 0x0000000467800000|  0%| F|  |TAMS 0x0000000467000000| PB 0x0000000467000000| Untracked 
| 207|0x0000000467800000, 0x0000000467800000, 0x0000000468000000|  0%| F|  |TAMS 0x0000000467800000| PB 0x0000000467800000| Untracked 
| 208|0x0000000468000000, 0x0000000468000000, 0x0000000468800000|  0%| F|  |TAMS 0x0000000468000000| PB 0x0000000468000000| Untracked 
| 209|0x0000000468800000, 0x0000000468800000, 0x0000000469000000|  0%| F|  |TAMS 0x0000000468800000| PB 0x0000000468800000| Untracked 
| 210|0x0000000469000000, 0x0000000469000000, 0x0000000469800000|  0%| F|  |TAMS 0x0000000469000000| PB 0x0000000469000000| Untracked 
| 211|0x0000000469800000, 0x0000000469800000, 0x000000046a000000|  0%| F|  |TAMS 0x0000000469800000| PB 0x0000000469800000| Untracked 
| 212|0x000000046a000000, 0x000000046a000000, 0x000000046a800000|  0%| F|  |TAMS 0x000000046a000000| PB 0x000000046a000000| Untracked 
| 213|0x000000046a800000, 0x000000046a800000, 0x000000046b000000|  0%| F|  |TAMS 0x000000046a800000| PB 0x000000046a800000| Untracked 
| 214|0x000000046b000000, 0x000000046b000000, 0x000000046b800000|  0%| F|  |TAMS 0x000000046b000000| PB 0x000000046b000000| Untracked 
| 215|0x000000046b800000, 0x000000046b800000, 0x000000046c000000|  0%| F|  |TAMS 0x000000046b800000| PB 0x000000046b800000| Untracked 
| 216|0x000000046c000000, 0x000000046c000000, 0x000000046c800000|  0%| F|  |TAMS 0x000000046c000000| PB 0x000000046c000000| Untracked 
| 217|0x000000046c800000, 0x000000046c800000, 0x000000046d000000|  0%| F|  |TAMS 0x000000046c800000| PB 0x000000046c800000| Untracked 
| 218|0x000000046d000000, 0x000000046d000000, 0x000000046d800000|  0%| F|  |TAMS 0x000000046d000000| PB 0x000000046d000000| Untracked 
| 219|0x000000046d800000, 0x000000046d800000, 0x000000046e000000|  0%| F|  |TAMS 0x000000046d800000| PB 0x000000046d800000| Untracked 
| 220|0x000000046e000000, 0x000000046e000000, 0x000000046e800000|  0%| F|  |TAMS 0x000000046e000000| PB 0x000000046e000000| Untracked 
| 221|0x000000046e800000, 0x000000046e800000, 0x000000046f000000|  0%| F|  |TAMS 0x000000046e800000| PB 0x000000046e800000| Untracked 
| 222|0x000000046f000000, 0x000000046f000000, 0x000000046f800000|  0%| F|  |TAMS 0x000000046f000000| PB 0x000000046f000000| Untracked 
| 223|0x000000046f800000, 0x000000046f800000, 0x0000000470000000|  0%| F|  |TAMS 0x000000046f800000| PB 0x000000046f800000| Untracked 
| 224|0x0000000470000000, 0x0000000470000000, 0x0000000470800000|  0%| F|  |TAMS 0x0000000470000000| PB 0x0000000470000000| Untracked 
| 225|0x0000000470800000, 0x0000000470800000, 0x0000000471000000|  0%| F|  |TAMS 0x0000000470800000| PB 0x0000000470800000| Untracked 
| 226|0x0000000471000000, 0x0000000471000000, 0x0000000471800000|  0%| F|  |TAMS 0x0000000471000000| PB 0x0000000471000000| Untracked 
| 227|0x0000000471800000, 0x0000000471800000, 0x0000000472000000|  0%| F|  |TAMS 0x0000000471800000| PB 0x0000000471800000| Untracked 
| 228|0x0000000472000000, 0x0000000472000000, 0x0000000472800000|  0%| F|  |TAMS 0x0000000472000000| PB 0x0000000472000000| Untracked 
| 229|0x0000000472800000, 0x0000000472800000, 0x0000000473000000|  0%| F|  |TAMS 0x0000000472800000| PB 0x0000000472800000| Untracked 
| 230|0x0000000473000000, 0x0000000473000000, 0x0000000473800000|  0%| F|  |TAMS 0x0000000473000000| PB 0x0000000473000000| Untracked 
| 231|0x0000000473800000, 0x0000000473800000, 0x0000000474000000|  0%| F|  |TAMS 0x0000000473800000| PB 0x0000000473800000| Untracked 
| 232|0x0000000474000000, 0x0000000474000000, 0x0000000474800000|  0%| F|  |TAMS 0x0000000474000000| PB 0x0000000474000000| Untracked 
| 233|0x0000000474800000, 0x0000000474800000, 0x0000000475000000|  0%| F|  |TAMS 0x0000000474800000| PB 0x0000000474800000| Untracked 
| 234|0x0000000475000000, 0x0000000475000000, 0x0000000475800000|  0%| F|  |TAMS 0x0000000475000000| PB 0x0000000475000000| Untracked 
| 235|0x0000000475800000, 0x0000000475800000, 0x0000000476000000|  0%| F|  |TAMS 0x0000000475800000| PB 0x0000000475800000| Untracked 
| 236|0x0000000476000000, 0x0000000476000000, 0x0000000476800000|  0%| F|  |TAMS 0x0000000476000000| PB 0x0000000476000000| Untracked 
| 237|0x0000000476800000, 0x0000000476800000, 0x0000000477000000|  0%| F|  |TAMS 0x0000000476800000| PB 0x0000000476800000| Untracked 
| 238|0x0000000477000000, 0x0000000477000000, 0x0000000477800000|  0%| F|  |TAMS 0x0000000477000000| PB 0x0000000477000000| Untracked 
| 239|0x0000000477800000, 0x0000000477800000, 0x0000000478000000|  0%| F|  |TAMS 0x0000000477800000| PB 0x0000000477800000| Untracked 
| 240|0x0000000478000000, 0x0000000478000000, 0x0000000478800000|  0%| F|  |TAMS 0x0000000478000000| PB 0x0000000478000000| Untracked 
| 241|0x0000000478800000, 0x0000000478800000, 0x0000000479000000|  0%| F|  |TAMS 0x0000000478800000| PB 0x0000000478800000| Untracked 
| 242|0x0000000479000000, 0x0000000479000000, 0x0000000479800000|  0%| F|  |TAMS 0x0000000479000000| PB 0x0000000479000000| Untracked 
| 243|0x0000000479800000, 0x0000000479800000, 0x000000047a000000|  0%| F|  |TAMS 0x0000000479800000| PB 0x0000000479800000| Untracked 
| 244|0x000000047a000000, 0x000000047a000000, 0x000000047a800000|  0%| F|  |TAMS 0x000000047a000000| PB 0x000000047a000000| Untracked 
| 245|0x000000047a800000, 0x000000047a800000, 0x000000047b000000|  0%| F|  |TAMS 0x000000047a800000| PB 0x000000047a800000| Untracked 
| 246|0x000000047b000000, 0x000000047b000000, 0x000000047b800000|  0%| F|  |TAMS 0x000000047b000000| PB 0x000000047b000000| Untracked 
| 247|0x000000047b800000, 0x000000047b800000, 0x000000047c000000|  0%| F|  |TAMS 0x000000047b800000| PB 0x000000047b800000| Untracked 
| 248|0x000000047c000000, 0x000000047c000000, 0x000000047c800000|  0%| F|  |TAMS 0x000000047c000000| PB 0x000000047c000000| Untracked 
| 249|0x000000047c800000, 0x000000047c800000, 0x000000047d000000|  0%| F|  |TAMS 0x000000047c800000| PB 0x000000047c800000| Untracked 
| 250|0x000000047d000000, 0x000000047d000000, 0x000000047d800000|  0%| F|  |TAMS 0x000000047d000000| PB 0x000000047d000000| Untracked 
| 251|0x000000047d800000, 0x000000047d800000, 0x000000047e000000|  0%| F|  |TAMS 0x000000047d800000| PB 0x000000047d800000| Untracked 
| 252|0x000000047e000000, 0x000000047e000000, 0x000000047e800000|  0%| F|  |TAMS 0x000000047e000000| PB 0x000000047e000000| Untracked 
| 253|0x000000047e800000, 0x000000047e800000, 0x000000047f000000|  0%| F|  |TAMS 0x000000047e800000| PB 0x000000047e800000| Untracked 
| 254|0x000000047f000000, 0x000000047f000000, 0x000000047f800000|  0%| F|  |TAMS 0x000000047f000000| PB 0x000000047f000000| Untracked 
| 255|0x000000047f800000, 0x000000047f800000, 0x0000000480000000|  0%| F|  |TAMS 0x000000047f800000| PB 0x000000047f800000| Untracked 
| 256|0x0000000480000000, 0x0000000480000000, 0x0000000480800000|  0%| F|  |TAMS 0x0000000480000000| PB 0x0000000480000000| Untracked 
| 257|0x0000000480800000, 0x0000000480800000, 0x0000000481000000|  0%| F|  |TAMS 0x0000000480800000| PB 0x0000000480800000| Untracked 
| 258|0x0000000481000000, 0x0000000481000000, 0x0000000481800000|  0%| F|  |TAMS 0x0000000481000000| PB 0x0000000481000000| Untracked 
| 259|0x0000000481800000, 0x0000000481800000, 0x0000000482000000|  0%| F|  |TAMS 0x0000000481800000| PB 0x0000000481800000| Untracked 
| 260|0x0000000482000000, 0x0000000482000000, 0x0000000482800000|  0%| F|  |TAMS 0x0000000482000000| PB 0x0000000482000000| Untracked 
| 261|0x0000000482800000, 0x0000000482800000, 0x0000000483000000|  0%| F|  |TAMS 0x0000000482800000| PB 0x0000000482800000| Untracked 
| 262|0x0000000483000000, 0x0000000483000000, 0x0000000483800000|  0%| F|  |TAMS 0x0000000483000000| PB 0x0000000483000000| Untracked 
| 263|0x0000000483800000, 0x0000000483800000, 0x0000000484000000|  0%| F|  |TAMS 0x0000000483800000| PB 0x0000000483800000| Untracked 
| 264|0x0000000484000000, 0x0000000484000000, 0x0000000484800000|  0%| F|  |TAMS 0x0000000484000000| PB 0x0000000484000000| Untracked 
| 265|0x0000000484800000, 0x0000000484800000, 0x0000000485000000|  0%| F|  |TAMS 0x0000000484800000| PB 0x0000000484800000| Untracked 
| 266|0x0000000485000000, 0x0000000485000000, 0x0000000485800000|  0%| F|  |TAMS 0x0000000485000000| PB 0x0000000485000000| Untracked 
| 267|0x0000000485800000, 0x0000000485800000, 0x0000000486000000|  0%| F|  |TAMS 0x0000000485800000| PB 0x0000000485800000| Untracked 
| 268|0x0000000486000000, 0x0000000486000000, 0x0000000486800000|  0%| F|  |TAMS 0x0000000486000000| PB 0x0000000486000000| Untracked 
| 269|0x0000000486800000, 0x0000000486800000, 0x0000000487000000|  0%| F|  |TAMS 0x0000000486800000| PB 0x0000000486800000| Untracked 
| 270|0x0000000487000000, 0x0000000487000000, 0x0000000487800000|  0%| F|  |TAMS 0x0000000487000000| PB 0x0000000487000000| Untracked 
| 271|0x0000000487800000, 0x0000000487800000, 0x0000000488000000|  0%| F|  |TAMS 0x0000000487800000| PB 0x0000000487800000| Untracked 
| 272|0x0000000488000000, 0x0000000488000000, 0x0000000488800000|  0%| F|  |TAMS 0x0000000488000000| PB 0x0000000488000000| Untracked 
| 273|0x0000000488800000, 0x0000000488800000, 0x0000000489000000|  0%| F|  |TAMS 0x0000000488800000| PB 0x0000000488800000| Untracked 
| 274|0x0000000489000000, 0x0000000489000000, 0x0000000489800000|  0%| F|  |TAMS 0x0000000489000000| PB 0x0000000489000000| Untracked 
| 275|0x0000000489800000, 0x0000000489800000, 0x000000048a000000|  0%| F|  |TAMS 0x0000000489800000| PB 0x0000000489800000| Untracked 
| 276|0x000000048a000000, 0x000000048a000000, 0x000000048a800000|  0%| F|  |TAMS 0x000000048a000000| PB 0x000000048a000000| Untracked 
| 277|0x000000048a800000, 0x000000048a800000, 0x000000048b000000|  0%| F|  |TAMS 0x000000048a800000| PB 0x000000048a800000| Untracked 
| 278|0x000000048b000000, 0x000000048b000000, 0x000000048b800000|  0%| F|  |TAMS 0x000000048b000000| PB 0x000000048b000000| Untracked 
| 279|0x000000048b800000, 0x000000048b800000, 0x000000048c000000|  0%| F|  |TAMS 0x000000048b800000| PB 0x000000048b800000| Untracked 
| 280|0x000000048c000000, 0x000000048c000000, 0x000000048c800000|  0%| F|  |TAMS 0x000000048c000000| PB 0x000000048c000000| Untracked 
| 281|0x000000048c800000, 0x000000048c800000, 0x000000048d000000|  0%| F|  |TAMS 0x000000048c800000| PB 0x000000048c800000| Untracked 
| 282|0x000000048d000000, 0x000000048d000000, 0x000000048d800000|  0%| F|  |TAMS 0x000000048d000000| PB 0x000000048d000000| Untracked 
| 283|0x000000048d800000, 0x000000048d800000, 0x000000048e000000|  0%| F|  |TAMS 0x000000048d800000| PB 0x000000048d800000| Untracked 
| 284|0x000000048e000000, 0x000000048e000000, 0x000000048e800000|  0%| F|  |TAMS 0x000000048e000000| PB 0x000000048e000000| Untracked 
| 285|0x000000048e800000, 0x000000048e800000, 0x000000048f000000|  0%| F|  |TAMS 0x000000048e800000| PB 0x000000048e800000| Untracked 
| 286|0x000000048f000000, 0x000000048f000000, 0x000000048f800000|  0%| F|  |TAMS 0x000000048f000000| PB 0x000000048f000000| Untracked 
| 287|0x000000048f800000, 0x000000048f800000, 0x0000000490000000|  0%| F|  |TAMS 0x000000048f800000| PB 0x000000048f800000| Untracked 
| 288|0x0000000490000000, 0x0000000490000000, 0x0000000490800000|  0%| F|  |TAMS 0x0000000490000000| PB 0x0000000490000000| Untracked 
| 289|0x0000000490800000, 0x0000000490800000, 0x0000000491000000|  0%| F|  |TAMS 0x0000000490800000| PB 0x0000000490800000| Untracked 
| 290|0x0000000491000000, 0x0000000491000000, 0x0000000491800000|  0%| F|  |TAMS 0x0000000491000000| PB 0x0000000491000000| Untracked 
| 291|0x0000000491800000, 0x0000000491800000, 0x0000000492000000|  0%| F|  |TAMS 0x0000000491800000| PB 0x0000000491800000| Untracked 
| 292|0x0000000492000000, 0x0000000492000000, 0x0000000492800000|  0%| F|  |TAMS 0x0000000492000000| PB 0x0000000492000000| Untracked 
| 293|0x0000000492800000, 0x0000000492800000, 0x0000000493000000|  0%| F|  |TAMS 0x0000000492800000| PB 0x0000000492800000| Untracked 
| 294|0x0000000493000000, 0x0000000493000000, 0x0000000493800000|  0%| F|  |TAMS 0x0000000493000000| PB 0x0000000493000000| Untracked 
| 295|0x0000000493800000, 0x0000000493800000, 0x0000000494000000|  0%| F|  |TAMS 0x0000000493800000| PB 0x0000000493800000| Untracked 
| 296|0x0000000494000000, 0x0000000494000000, 0x0000000494800000|  0%| F|  |TAMS 0x0000000494000000| PB 0x0000000494000000| Untracked 
| 297|0x0000000494800000, 0x0000000494800000, 0x0000000495000000|  0%| F|  |TAMS 0x0000000494800000| PB 0x0000000494800000| Untracked 
| 298|0x0000000495000000, 0x0000000495000000, 0x0000000495800000|  0%| F|  |TAMS 0x0000000495000000| PB 0x0000000495000000| Untracked 
| 299|0x0000000495800000, 0x0000000495800000, 0x0000000496000000|  0%| F|  |TAMS 0x0000000495800000| PB 0x0000000495800000| Untracked 
| 300|0x0000000496000000, 0x0000000496000000, 0x0000000496800000|  0%| F|  |TAMS 0x0000000496000000| PB 0x0000000496000000| Untracked 
|2033|0x00000007f8800000, 0x00000007f9000000, 0x00000007f9000000|100%| O|  |TAMS 0x00000007f8800000| PB 0x00000007f8800000| Untracked 
|2034|0x00000007f9000000, 0x00000007f9000000, 0x00000007f9800000|  0%| F|  |TAMS 0x00000007f9000000| PB 0x00000007f9000000| Untracked 
|2035|0x00000007f9800000, 0x00000007fa000000, 0x00000007fa000000|100%| O|  |TAMS 0x00000007f9800000| PB 0x00000007f9800000| Untracked 
|2036|0x00000007fa000000, 0x00000007fa800000, 0x00000007fa800000|100%| O|  |TAMS 0x00000007fa000000| PB 0x00000007fa000000| Untracked 
|2037|0x00000007fa800000, 0x00000007fb000000, 0x00000007fb000000|100%| O|  |TAMS 0x00000007fa800000| PB 0x00000007fa800000| Untracked 
|2038|0x00000007fb000000, 0x00000007fb800000, 0x00000007fb800000|100%| O|  |TAMS 0x00000007fb000000| PB 0x00000007fb000000| Untracked 
|2039|0x00000007fb800000, 0x00000007fc000000, 0x00000007fc000000|100%| O|  |TAMS 0x00000007fb800000| PB 0x00000007fb800000| Untracked 
|2040|0x00000007fc000000, 0x00000007fc800000, 0x00000007fc800000|100%| O|  |TAMS 0x00000007fc000000| PB 0x00000007fc000000| Untracked 
|2041|0x00000007fc800000, 0x00000007fd000000, 0x00000007fd000000|100%| O|  |TAMS 0x00000007fc800000| PB 0x00000007fc800000| Untracked 
|2042|0x00000007fd000000, 0x00000007fd800000, 0x00000007fd800000|100%| O|  |TAMS 0x00000007fd000000| PB 0x00000007fd000000| Untracked 
|2043|0x00000007fd800000, 0x00000007fe000000, 0x00000007fe000000|100%| O|  |TAMS 0x00000007fd800000| PB 0x00000007fd800000| Untracked 
|2044|0x00000007fe000000, 0x00000007fe800000, 0x00000007fe800000|100%| O|  |TAMS 0x00000007fe000000| PB 0x00000007fe000000| Untracked 
|2045|0x00000007fe800000, 0x00000007ff000000, 0x00000007ff000000|100%| O|  |TAMS 0x00000007fe800000| PB 0x00000007fe800000| Untracked 
|2046|0x00000007ff000000, 0x00000007ff779000, 0x00000007ff800000| 93%|OA|  |TAMS 0x00000007ff000000| PB 0x00000007ff000000| Untracked 
|2047|0x00000007ff800000, 0x00000007ff882000, 0x0000000800000000|  6%|CA|  |TAMS 0x00000007ff800000| PB 0x00000007ff800000| Untracked 

Card table byte_map: [0x00007fbd16dc9000,0x00007fbd18dc9000] _byte_map_base: 0x00007fbd14dc9000

Marking Bits: (CMBitMap*) 0x00007fbd3004b860
 Bits: [0x00007fbd04dc9000, 0x00007fbd14dc9000)

Polling page: 0x00007fbd39f8b000

Metaspace:

Usage:
  Non-class:     93.59 MB used.
      Class:     14.29 MB used.
       Both:    107.88 MB used.

Virtual space:
  Non-class space:      128.00 MB reserved,      94.25 MB ( 74%) committed,  2 nodes.
      Class space:        1.00 GB reserved,      14.69 MB (  1%) committed,  1 nodes.
             Both:        1.12 GB reserved,     108.94 MB (  9%) committed. 

Chunk freelists:
   Non-Class:  1.02 MB
       Class:  1.19 MB
        Both:  2.20 MB

MaxMetaspaceSize: unlimited
CompressedClassSpaceSize: 1.00 GB
Initial GC threshold: 21.00 MB
Current GC threshold: 180.31 MB
CDS: on
MetaspaceReclaimPolicy: balanced
 - commit_granule_bytes: 65536.
 - commit_granule_words: 8192.
 - virtual_space_node_default_size: 8388608.
 - enlarge_chunks_in_place: 1.
 - new_chunks_are_fully_committed: 0.
 - uncommit_free_chunks: 1.
 - use_allocation_guard: 0.


Internal statistics:

num_allocs_failed_limit: 9.
num_arena_births: 1026.
num_arena_deaths: 104.
num_vsnodes_births: 3.
num_vsnodes_deaths: 0.
num_space_committed: 1739.
num_space_uncommitted: 0.
num_chunks_returned_to_freelist: 145.
num_chunks_taken_from_freelist: 5649.
num_chunk_merges: 54.
num_chunk_splits: 3653.
num_chunks_enlarged: 2306.
num_inconsistent_stats: 0.

CodeHeap 'non-profiled nmethods': size=119168Kb used=16294Kb max_used=19560Kb free=102873Kb
 bounds [0x00007fbd20969000, 0x00007fbd21c89000, 0x00007fbd27dc9000]
CodeHeap 'profiled nmethods': size=119164Kb used=27234Kb max_used=41076Kb free=91929Kb
 bounds [0x00007fbd18dc9000, 0x00007fbd1b5e9000, 0x00007fbd20228000]
CodeHeap 'non-nmethods': size=7428Kb used=1937Kb max_used=3749Kb free=5490Kb
 bounds [0x00007fbd20228000, 0x00007fbd205f8000, 0x00007fbd20969000]
 total_blobs=17446 nmethods=16596 adapters=758
 compilation: enabled
              stopped_count=0, restarted_count=0
 full_count=0

Compilation events (20 events):
Event: 36.132 Thread 0x00007fbcc07fd290 22649       4       sbtassembly.Assembly$$$Lambda$3590/0x000000080199afc8::apply (8 bytes)
Event: 36.136 Thread 0x00007fbd301afcc0 nmethod 22650 0x00007fbd20a71390 code [0x00007fbd20a71540, 0x00007fbd20a71988]
Event: 36.136 Thread 0x00007fbd301afcc0 22651       4       sbtassembly.Assembly$$$Lambda$5845/0x0000000801ecc000::apply (12 bytes)
Event: 36.143 Thread 0x00007fbd301afcc0 nmethod 22651 0x00007fbd20a36290 code [0x00007fbd20a36440, 0x00007fbd20a36d38]
Event: 36.143 Thread 0x00007fbcc07fd290 nmethod 22649 0x00007fbd2098f990 code [0x00007fbd2098fb40, 0x00007fbd2098ff80]
Event: 36.147 Thread 0x00007fbcc09f3970 nmethod 22640 0x00007fbd20b2bb10 code [0x00007fbd20b2bdc0, 0x00007fbd20b2eba8]
Event: 36.393 Thread 0x00007fbd301afcc0 22652       4       jdk.nio.zipfs.ZipFileSystem::ensureOpen (16 bytes)
Event: 36.394 Thread 0x00007fbd301afcc0 nmethod 22652 0x00007fbd20b2a310 code [0x00007fbd20b2a480, 0x00007fbd20b2a520]
Event: 36.778 Thread 0x00007fbd301b1380 22653       1       sbt.internal.util.Terminal$::sbt$internal$util$Terminal$$props (5 bytes)
Event: 36.778 Thread 0x00007fbd301b1380 nmethod 22653 0x00007fbd20b30890 code [0x00007fbd20b30a00, 0x00007fbd20b30ac8]
Event: 36.805 Thread 0x00007fbd301b1380 22654       3       jdk.nio.zipfs.ZipFileSystemProvider::createDirectory (9 bytes)
Event: 36.806 Thread 0x00007fbd301b1380 nmethod 22654 0x00007fbd19239090 code [0x00007fbd19239280, 0x00007fbd192398d8]
Event: 36.807 Thread 0x00007fbd301b1380 22655       3       jdk.nio.zipfs.ZipPath::createDirectory (13 bytes)
Event: 36.807 Thread 0x00007fbd301b1380 nmethod 22655 0x00007fbd19299910 code [0x00007fbd19299ac0, 0x00007fbd19299c60]
Event: 36.807 Thread 0x00007fbd301b1380 22656   !   3       jdk.nio.zipfs.ZipFileSystem::createDirectory (101 bytes)
Event: 36.812 Thread 0x00007fbd301b1380 nmethod 22656 0x00007fbd18eb9e90 code [0x00007fbd18eba2c0, 0x00007fbd18ebbf88]
Event: 37.148 Thread 0x00007fbd301b1380 22657   !   3       java.util.zip.Deflater::deflate (420 bytes)
Event: 37.154 Thread 0x00007fbd301b1380 nmethod 22657 0x00007fbd18ef8b90 code [0x00007fbd18ef8f40, 0x00007fbd18efae40]
Event: 37.293 Thread 0x00007fbd301afcc0 22658   !   4       java.util.zip.Deflater::deflate (420 bytes)
Event: 37.306 Thread 0x00007fbd301afcc0 nmethod 22658 0x00007fbd21062c10 code [0x00007fbd21062dc0, 0x00007fbd210634b8]

GC Heap History (20 events):
Event: 25.669 GC heap after
{Heap after GC invocations=25 (full 0):
 garbage-first heap   total 2154496K, used 797409K [0x0000000400000000, 0x0000000800000000)
  region size 8192K, 5 young (40960K), 5 survivors (40960K)
 Metaspace       used 109502K, committed 110528K, reserved 1179648K
  class space    used 14458K, committed 14848K, reserved 1048576K
}
Event: 26.970 GC heap before
{Heap before GC invocations=25 (full 0):
 garbage-first heap   total 2154496K, used 1919713K [0x0000000400000000, 0x0000000800000000)
  region size 8192K, 128 young (1048576K), 5 survivors (40960K)
 Metaspace       used 109517K, committed 110592K, reserved 1179648K
  class space    used 14461K, committed 14848K, reserved 1048576K
}
Event: 27.002 GC heap after
{Heap after GC invocations=26 (full 0):
 garbage-first heap   total 2154496K, used 1015652K [0x0000000400000000, 0x0000000800000000)
  region size 8192K, 16 young (131072K), 16 survivors (131072K)
 Metaspace       used 109517K, committed 110592K, reserved 1179648K
  class space    used 14461K, committed 14848K, reserved 1048576K
}
Event: 27.695 GC heap before
{Heap before GC invocations=26 (full 0):
 garbage-first heap   total 2154496K, used 1908580K [0x0000000400000000, 0x0000000800000000)
  region size 8192K, 119 young (974848K), 16 survivors (131072K)
 Metaspace       used 109518K, committed 110592K, reserved 1179648K
  class space    used 14461K, committed 14848K, reserved 1048576K
}
Event: 27.726 GC heap after
{Heap after GC invocations=27 (full 0):
 garbage-first heap   total 2154496K, used 1128141K [0x0000000400000000, 0x0000000800000000)
  region size 8192K, 12 young (98304K), 12 survivors (98304K)
 Metaspace       used 109518K, committed 110592K, reserved 1179648K
  class space    used 14461K, committed 14848K, reserved 1048576K
}
Event: 28.316 GC heap before
{Heap before GC invocations=27 (full 0):
 garbage-first heap   total 2154496K, used 1873613K [0x0000000400000000, 0x0000000800000000)
  region size 8192K, 105 young (860160K), 12 survivors (98304K)
 Metaspace       used 109518K, committed 110592K, reserved 1179648K
  class space    used 14461K, committed 14848K, reserved 1048576K
}
Event: 28.339 GC heap after
{Heap after GC invocations=28 (full 0):
 garbage-first heap   total 2154496K, used 1179628K [0x0000000400000000, 0x0000000800000000)
  region size 8192K, 11 young (90112K), 11 survivors (90112K)
 Metaspace       used 109518K, committed 110592K, reserved 1179648K
  class space    used 14461K, committed 14848K, reserved 1048576K
}
Event: 29.130 GC heap before
{Heap before GC invocations=28 (full 0):
 garbage-first heap   total 2154496K, used 1998828K [0x0000000400000000, 0x0000000800000000)
  region size 8192K, 101 young (827392K), 11 survivors (90112K)
 Metaspace       used 109518K, committed 110592K, reserved 1179648K
  class space    used 14461K, committed 14848K, reserved 1048576K
}
Event: 29.162 GC heap after
{Heap after GC invocations=29 (full 0):
 garbage-first heap   total 2588672K, used 1313070K [0x0000000400000000, 0x0000000800000000)
  region size 8192K, 11 young (90112K), 11 survivors (90112K)
 Metaspace       used 109518K, committed 110592K, reserved 1179648K
  class space    used 14461K, committed 14848K, reserved 1048576K
}
Event: 30.221 GC heap before
{Heap before GC invocations=30 (full 0):
 garbage-first heap   total 2588672K, used 2230574K [0x0000000400000000, 0x0000000800000000)
  region size 8192K, 128 young (1048576K), 11 survivors (90112K)
 Metaspace       used 109710K, committed 110784K, reserved 1179648K
  class space    used 14511K, committed 14912K, reserved 1048576K
}
Event: 30.260 GC heap after
{Heap after GC invocations=31 (full 0):
 garbage-first heap   total 2588672K, used 1356305K [0x0000000400000000, 0x0000000800000000)
  region size 8192K, 14 young (114688K), 14 survivors (114688K)
 Metaspace       used 109710K, committed 110784K, reserved 1179648K
  class space    used 14511K, committed 14912K, reserved 1048576K
}
Event: 31.058 GC heap before
{Heap before GC invocations=31 (full 0):
 garbage-first heap   total 2588672K, used 2347537K [0x0000000400000000, 0x0000000800000000)
  region size 8192K, 128 young (1048576K), 14 survivors (114688K)
 Metaspace       used 109713K, committed 110784K, reserved 1179648K
  class space    used 14511K, committed 14912K, reserved 1048576K
}
Event: 31.100 GC heap after
{Heap after GC invocations=32 (full 0):
 garbage-first heap   total 2588672K, used 1362377K [0x0000000400000000, 0x0000000800000000)
  region size 8192K, 13 young (106496K), 13 survivors (106496K)
 Metaspace       used 109713K, committed 110784K, reserved 1179648K
  class space    used 14511K, committed 14912K, reserved 1048576K
}
Event: 31.305 GC heap before
{Heap before GC invocations=32 (full 0):
 garbage-first heap   total 2588672K, used 1583561K [0x0000000400000000, 0x0000000800000000)
  region size 8192K, 42 young (344064K), 13 survivors (106496K)
 Metaspace       used 109713K, committed 110784K, reserved 1179648K
  class space    used 14511K, committed 14912K, reserved 1048576K
}
Event: 31.320 GC heap after
{Heap after GC invocations=33 (full 0):
 garbage-first heap   total 2588672K, used 1349244K [0x0000000400000000, 0x0000000800000000)
  region size 8192K, 5 young (40960K), 5 survivors (40960K)
 Metaspace       used 109713K, committed 110784K, reserved 1179648K
  class space    used 14511K, committed 14912K, reserved 1048576K
}
Event: 32.345 GC heap before
{Heap before GC invocations=33 (full 0):
 garbage-first heap   total 2588672K, used 2406012K [0x0000000400000000, 0x0000000800000000)
  region size 8192K, 119 young (974848K), 5 survivors (40960K)
 Metaspace       used 109714K, committed 110784K, reserved 1179648K
  class space    used 14511K, committed 14912K, reserved 1048576K
}
Event: 32.380 GC heap after
{Heap after GC invocations=34 (full 0):
 garbage-first heap   total 2588672K, used 1559957K [0x0000000400000000, 0x0000000800000000)
  region size 8192K, 14 young (114688K), 14 survivors (114688K)
 Metaspace       used 109714K, committed 110784K, reserved 1179648K
  class space    used 14511K, committed 14912K, reserved 1048576K
}
Event: 33.132 GC heap before
{Heap before GC invocations=35 (full 0):
 garbage-first heap   total 2588672K, used 2051477K [0x0000000400000000, 0x0000000800000000)
  region size 8192K, 107 young (876544K), 14 survivors (114688K)
 Metaspace       used 109715K, committed 110784K, reserved 1179648K
  class space    used 14511K, committed 14912K, reserved 1048576K
}
Event: 33.159 GC heap after
{Heap after GC invocations=36 (full 0):
 garbage-first heap   total 2588672K, used 1340466K [0x0000000400000000, 0x0000000800000000)
  region size 8192K, 11 young (90112K), 11 survivors (90112K)
 Metaspace       used 109715K, committed 110784K, reserved 1179648K
  class space    used 14511K, committed 14912K, reserved 1048576K
}
Event: 37.815 GC heap before
{Heap before GC invocations=36 (full 0):
 garbage-first heap   total 2588672K, used 2282546K [0x0000000400000000, 0x0000000800000000)
  region size 8192K, 124 young (1015808K), 11 survivors (90112K)
 Metaspace       used 110468K, committed 111552K, reserved 1179648K
  class space    used 14633K, committed 15040K, reserved 1048576K
}

Dll operation events (12 events):
Event: 0.006 Loaded shared library /home/smobaraki/work/firesim/.conda-env/lib/jvm/lib/libjava.so
Event: 0.029 Loaded shared library /home/smobaraki/work/firesim/.conda-env/lib/jvm/lib/libjsvml.so
Event: 0.046 Loaded shared library /home/smobaraki/work/firesim/.conda-env/lib/jvm/lib/libnio.so
Event: 0.051 Loaded shared library /home/smobaraki/work/firesim/.conda-env/lib/jvm/lib/libzip.so
Event: 0.128 Loaded shared library /home/smobaraki/work/firesim/.conda-env/lib/jvm/lib/libjimage.so
Event: 0.178 Loaded shared library /home/smobaraki/work/firesim/.conda-env/lib/jvm/lib/libverify.so
Event: 0.185 Loaded shared library /home/smobaraki/work/firesim/.conda-env/lib/jvm/lib/libnet.so
Event: 0.551 Loaded shared library /home/smobaraki/.cache/JNA/temp/jna354077960372809107.tmp
Event: 0.638 Loaded shared library /home/smobaraki/work/firesim/.conda-env/lib/jvm/lib/libextnet.so
Event: 0.900 Loaded shared library /home/smobaraki/work/firesim/.conda-env/lib/jvm/lib/libmanagement.so
Event: 0.902 Loaded shared library /home/smobaraki/work/firesim/.conda-env/lib/jvm/lib/libmanagement_ext.so
Event: 2.175 Loaded shared library /run/user/1021/.sbt848495e8/swoval/swoval-jni/14809798465318140395-libswoval-files0.so

Deoptimization events (20 events):
Event: 34.242 Thread 0x00007fbd310c6960 DEOPT PACKING pc=0x00007fbd21648928 sp=0x00007fbbbcff7610
Event: 34.242 Thread 0x00007fbd310c6960 DEOPT UNPACKING pc=0x00007fbd20291219 sp=0x00007fbbbcff75c0 mode 2
Event: 34.242 Thread 0x00007fbd310c6960 Uncommon trap: trap_request=0xffffffc6 fr.pc=0x00007fbd21648928 relative=0x00000000000000a8
Event: 34.242 Thread 0x00007fbd310c6960 Uncommon trap: reason=bimorphic_or_optimized_type_check action=maybe_recompile pc=0x00007fbd21648928 method=java.nio.file.Files.provider(Ljava/nio/file/Path;)Ljava/nio/file/spi/FileSystemProvider; @ 1 c2
Event: 34.242 Thread 0x00007fbd310c6960 DEOPT PACKING pc=0x00007fbd21648928 sp=0x00007fbbbcff7610
Event: 34.242 Thread 0x00007fbd310c6960 DEOPT UNPACKING pc=0x00007fbd20291219 sp=0x00007fbbbcff75c0 mode 2
Event: 34.243 Thread 0x00007fbd310c6960 Uncommon trap: trap_request=0xffffff45 fr.pc=0x00007fbd20ab670c relative=0x00000000000009ec
Event: 34.243 Thread 0x00007fbd310c6960 Uncommon trap: reason=unstable_if action=reinterpret pc=0x00007fbd20ab670c method=java.lang.String.<init>(Ljava/nio/charset/Charset;[BII)V @ 364 c2
Event: 34.243 Thread 0x00007fbd310c6960 DEOPT PACKING pc=0x00007fbd20ab670c sp=0x00007fbbbcff7580
Event: 34.243 Thread 0x00007fbd310c6960 DEOPT UNPACKING pc=0x00007fbd20291219 sp=0x00007fbbbcff7510 mode 2
Event: 34.591 Thread 0x00007fbd310c6960 DEOPT PACKING pc=0x00007fbd18facf0d sp=0x00007fbbbcff78f0
Event: 34.591 Thread 0x00007fbd310c6960 DEOPT UNPACKING pc=0x00007fbd202919af sp=0x00007fbbbcff6da8 mode 0
Event: 34.710 Thread 0x00007fbd310c6960 DEOPT PACKING pc=0x00007fbd192e6d9f sp=0x00007fbbbcff7860
Event: 34.710 Thread 0x00007fbd310c6960 DEOPT UNPACKING pc=0x00007fbd202919af sp=0x00007fbbbcff6cf8 mode 0
Event: 34.717 Thread 0x00007fbd310c6960 DEOPT PACKING pc=0x00007fbd19098f65 sp=0x00007fbbbcff7800
Event: 34.717 Thread 0x00007fbd310c6960 DEOPT UNPACKING pc=0x00007fbd202919af sp=0x00007fbbbcff6d10 mode 0
Event: 37.145 Thread 0x00007fbd310c6960 Uncommon trap: trap_request=0xffffff45 fr.pc=0x00007fbd20b199f8 relative=0x0000000000000358
Event: 37.145 Thread 0x00007fbd310c6960 Uncommon trap: reason=unstable_if action=reinterpret pc=0x00007fbd20b199f8 method=java.util.zip.Deflater.deflate([BIII)I @ 96 c2
Event: 37.145 Thread 0x00007fbd310c6960 DEOPT PACKING pc=0x00007fbd20b199f8 sp=0x00007fbbbcff7800
Event: 37.145 Thread 0x00007fbd310c6960 DEOPT UNPACKING pc=0x00007fbd20291219 sp=0x00007fbbbcff7780 mode 2

Classes loaded (20 events):
Event: 19.792 Loading class com/sun/org/apache/xerces/internal/parsers/AbstractSAXParser$LocatorProxy
Event: 19.793 Loading class org/xml/sax/ext/Locator2
Event: 19.793 Loading class org/xml/sax/Locator
Event: 19.793 Loading class org/xml/sax/Locator done
Event: 19.793 Loading class org/xml/sax/ext/Locator2 done
Event: 19.793 Loading class com/sun/org/apache/xerces/internal/parsers/AbstractSAXParser$LocatorProxy done
Event: 21.469 Loading class java/io/PushbackInputStream
Event: 21.469 Loading class java/io/PushbackInputStream done
Event: 21.787 Loading class java/io/DataOutputStream
Event: 21.787 Loading class java/io/DataOutputStream done
Event: 29.948 Loading class java/io/SequenceInputStream
Event: 29.948 Loading class java/io/SequenceInputStream done
Event: 34.213 Loading class java/nio/file/ClosedFileSystemException
Event: 34.213 Loading class java/nio/file/ClosedFileSystemException done
Event: 34.232 Loading class java/nio/file/ReadOnlyFileSystemException
Event: 34.233 Loading class java/nio/file/ReadOnlyFileSystemException done
Event: 34.240 Loading class java/util/zip/Deflater
Event: 34.240 Loading class java/util/zip/Deflater done
Event: 34.240 Loading class java/util/zip/Deflater$DeflaterZStreamRef
Event: 34.240 Loading class java/util/zip/Deflater$DeflaterZStreamRef done

Classes unloaded (20 events):
Event: 13.922 Thread 0x00007fbd3019b5a0 Unloading class 0x0000000801779000 'java/lang/invoke/LambdaForm$DMH+0x0000000801779000'
Event: 13.922 Thread 0x00007fbd3019b5a0 Unloading class 0x0000000801778c00 'java/lang/invoke/LambdaForm$DMH+0x0000000801778c00'
Event: 13.922 Thread 0x00007fbd3019b5a0 Unloading class 0x0000000801778800 'java/lang/invoke/LambdaForm$DMH+0x0000000801778800'
Event: 13.922 Thread 0x00007fbd3019b5a0 Unloading class 0x0000000801778400 'java/lang/invoke/LambdaForm$DMH+0x0000000801778400'
Event: 13.922 Thread 0x00007fbd3019b5a0 Unloading class 0x0000000801775c00 'java/lang/invoke/LambdaForm$DMH+0x0000000801775c00'
Event: 13.922 Thread 0x00007fbd3019b5a0 Unloading class 0x0000000801775800 'java/lang/invoke/LambdaForm$DMH+0x0000000801775800'
Event: 13.922 Thread 0x00007fbd3019b5a0 Unloading class 0x0000000801775400 'java/lang/invoke/LambdaForm$DMH+0x0000000801775400'
Event: 13.922 Thread 0x00007fbd3019b5a0 Unloading class 0x0000000801775000 'java/lang/invoke/LambdaForm$DMH+0x0000000801775000'
Event: 13.922 Thread 0x00007fbd3019b5a0 Unloading class 0x0000000801774c00 'java/lang/invoke/LambdaForm$DMH+0x0000000801774c00'
Event: 13.922 Thread 0x00007fbd3019b5a0 Unloading class 0x0000000801774400 'java/lang/invoke/LambdaForm$DMH+0x0000000801774400'
Event: 13.922 Thread 0x00007fbd3019b5a0 Unloading class 0x0000000801774800 'java/lang/invoke/LambdaForm$DMH+0x0000000801774800'
Event: 13.922 Thread 0x00007fbd3019b5a0 Unloading class 0x000000080177b400 'java/lang/invoke/LambdaForm$DMH+0x000000080177b400'
Event: 13.922 Thread 0x00007fbd3019b5a0 Unloading class 0x00000008016b6800 '$8068e8f7a1427c3c452c$'
Event: 13.922 Thread 0x00007fbd3019b5a0 Unloading class 0x00000008016b6000 '$6f129e1c274c8debbda9$'
Event: 13.922 Thread 0x00007fbd3019b5a0 Unloading class 0x00000008016b5800 '$712758e0b995a25568be$'
Event: 13.922 Thread 0x00007fbd3019b5a0 Unloading class 0x00000008016b5000 '$8d5a20270d410f6898b9$'
Event: 13.922 Thread 0x00007fbd3019b5a0 Unloading class 0x00000008016b4800 '$ebca0085388ab015e72c$'
Event: 13.922 Thread 0x00007fbd3019b5a0 Unloading class 0x00000008016b4000 '$c72c64e443744fd88976$'
Event: 13.922 Thread 0x00007fbd3019b5a0 Unloading class 0x0000000801690000 '$40ce30818fb1ceb38234$'
Event: 29.208 Thread 0x00007fbd3019b5a0 Unloading class 0x0000000801e40400 'java/lang/invoke/LambdaForm$DMH+0x0000000801e40400'

Classes redefined (0 events):
No events

Internal exceptions (20 events):
Event: 24.310 Thread 0x00007fbc08000bc0 Exception <a 'java/io/IOException'{0x0000000434b25988}> (0x0000000434b25988) 
thrown [src/hotspot/share/prims/jni.cpp, line 519]
Event: 24.315 Thread 0x00007fbd310c6960 Exception <a 'sun/nio/fs/UnixException'{0x0000000432c9dae8}> (0x0000000432c9dae8) 
thrown [src/hotspot/share/prims/jni.cpp, line 519]
Event: 24.330 Thread 0x00007fbb6c007120 Exception <a 'sun/nio/fs/UnixException'{0x0000000432ef5df0}> (0x0000000432ef5df0) 
thrown [src/hotspot/share/prims/jni.cpp, line 519]
Event: 24.330 Thread 0x00007fbb6c007120 Exception <a 'sun/nio/fs/UnixException'{0x0000000432ef62b8}> (0x0000000432ef62b8) 
thrown [src/hotspot/share/prims/jni.cpp, line 519]
Event: 24.330 Thread 0x00007fbb6c007120 Exception <a 'sun/nio/fs/UnixException'{0x0000000432efaa48}> (0x0000000432efaa48) 
thrown [src/hotspot/share/prims/jni.cpp, line 519]
Event: 24.342 Thread 0x00007fbb6c007120 Exception <a 'sun/nio/fs/UnixException'{0x0000000432033260}> (0x0000000432033260) 
thrown [src/hotspot/share/prims/jni.cpp, line 519]
Event: 24.346 Thread 0x00007fbd310c6960 Exception <a 'sun/nio/fs/UnixException'{0x0000000432094518}> (0x0000000432094518) 
thrown [src/hotspot/share/prims/jni.cpp, line 519]
Event: 24.375 Thread 0x00007fbd310c6960 Exception <a 'java/lang/NoSuchMethodError'{0x00000004320e7808}: 'java.lang.Object java.lang.invoke.DirectMethodHandle$Holder.invokeStatic(java.lang.Object, java.lang.Object, long, long)'> (0x00000004320e7808) 
thrown [src/hotspot/share/interpreter/linkResolver.cpp, line 772]
Event: 24.375 Thread 0x00007fbd310c6960 Exception <a 'java/lang/NoSuchMethodError'{0x00000004320ef488}: 'java.lang.Object java.lang.invoke.DirectMethodHandle$Holder.newInvokeSpecial(java.lang.Object, java.lang.Object, long, long)'> (0x00000004320ef488) 
thrown [src/hotspot/share/interpreter/linkResolver.cpp, line 772]
Event: 24.376 Thread 0x00007fbd310c6960 Exception <a 'java/lang/NoSuchMethodError'{0x00000004320f3278}: 'java.lang.Object java.lang.invoke.DirectMethodHandle$Holder.invokeSpecial(java.lang.Object, java.lang.Object, java.lang.Object, long, long)'> (0x00000004320f3278) 
thrown [src/hotspot/share/interpreter/linkResolver.cpp, line 772]
Event: 24.376 Thread 0x00007fbd310c6960 Exception <a 'java/lang/NoSuchMethodError'{0x00000004320f6ac8}: 'java.lang.Object java.lang.invoke.Invokers$Holder.linkToTargetMethod(java.lang.Object, long, long, java.lang.Object)'> (0x00000004320f6ac8) 
thrown [src/hotspot/share/interpreter/linkResolver.cpp, line 772]
Event: 24.948 Thread 0x00007fbd310c6960 Exception <a 'java/lang/NoSuchMethodError'{0x0000000453fa1170}: 'java.lang.Object java.lang.invoke.DirectMethodHandle$Holder.newInvokeSpecial(java.lang.Object, java.lang.Object, java.lang.Object, java.lang.Object, java.lang.Object, java.lang.Object, java.lang.Object, java.lang.Object, java.lang.Object, java.lang.Object, java.lang.Object)'> (0x0000000453fa1170) 
thrown [src/hotspot/share/interpreter/linkResolver.cpp, line 772]
Event: 25.358 Thread 0x00007fbd310c6960 Exception <a 'sun/nio/fs/UnixException'{0x0000000440b419d0}> (0x0000000440b419d0) 
thrown [src/hotspot/share/prims/jni.cpp, line 519]
Event: 25.407 Thread 0x00007fbd310c6960 Exception <a 'sun/nio/fs/UnixException'{0x000000043f705c88}> (0x000000043f705c88) 
thrown [src/hotspot/share/prims/jni.cpp, line 519]
Event: 34.202 Thread 0x00007fbd310c6960 Exception <a 'java/lang/NoSuchMethodError'{0x00000004731724f8}: 'java.lang.Object java.lang.invoke.DirectMethodHandle$Holder.newInvokeSpecial(java.lang.Object, java.lang.Object, java.lang.Object, java.lang.Object, long)'> (0x00000004731724f8) 
thrown [src/hotspot/share/interpreter/linkResolver.cpp, line 772]
Event: 34.202 Thread 0x00007fbd310c6960 Exception <a 'java/lang/NoSuchMethodError'{0x0000000473176460}: 'java.lang.Object java.lang.invoke.DirectMethodHandle$Holder.invokeSpecial(java.lang.Object, java.lang.Object, java.lang.Object, java.lang.Object, java.lang.Object, long)'> (0x0000000473176460) 
thrown [src/hotspot/share/interpreter/linkResolver.cpp, line 772]
Event: 34.202 Thread 0x00007fbd310c6960 Exception <a 'java/lang/NoSuchMethodError'{0x0000000473179e88}: 'java.lang.Object java.lang.invoke.Invokers$Holder.linkToTargetMethod(java.lang.Object, java.lang.Object, java.lang.Object, long, java.lang.Object)'> (0x0000000473179e88) 
thrown [src/hotspot/share/interpreter/linkResolver.cpp, line 772]
Event: 34.203 Thread 0x00007fbd310c6960 Exception <a 'sun/nio/fs/UnixException'{0x000000047317d7b8}> (0x000000047317d7b8) 
thrown [src/hotspot/share/prims/jni.cpp, line 519]
Event: 34.203 Thread 0x00007fbd310c6960 Exception <a 'java/lang/NoSuchMethodError'{0x000000047317e478}: 'java.lang.Object java.lang.invoke.DirectMethodHandle$Holder.invokeStatic(java.lang.Object, java.lang.Object, java.lang.Object, long, java.lang.Object)'> (0x000000047317e478) 
thrown [src/hotspot/share/interpreter/linkResolver.cpp, line 772]
Event: 34.234 Thread 0x00007fbd310c6960 Exception <a 'sun/nio/fs/UnixException'{0x000000047318e4f8}> (0x000000047318e4f8) 
thrown [src/hotspot/share/prims/jni.cpp, line 519]

VM Operations (20 events):
Event: 32.320 Executing VM operation: Cleanup done
Event: 32.344 Executing VM operation: G1CollectForAllocation
Event: 32.380 Executing VM operation: G1CollectForAllocation done
Event: 32.496 Executing VM operation: G1PauseRemark
Event: 32.534 Executing VM operation: G1PauseRemark done
Event: 33.069 Executing VM operation: G1PauseCleanup
Event: 33.070 Executing VM operation: G1PauseCleanup done
Event: 33.132 Executing VM operation: G1CollectForAllocation
Event: 33.159 Executing VM operation: G1CollectForAllocation done
Event: 34.159 Executing VM operation: Cleanup
Event: 34.159 Executing VM operation: Cleanup done
Event: 34.231 Executing VM operation: HandshakeAllThreads
Event: 34.232 Executing VM operation: HandshakeAllThreads done
Event: 35.232 Executing VM operation: Cleanup
Event: 35.233 Executing VM operation: Cleanup done
Event: 36.235 Executing VM operation: Cleanup
Event: 36.236 Executing VM operation: Cleanup done
Event: 37.237 Executing VM operation: Cleanup
Event: 37.237 Executing VM operation: Cleanup done
Event: 37.815 Executing VM operation: G1CollectForAllocation

Events (20 events):
Event: 33.701 Protecting memory [0x00007fbcf41f6000,0x00007fbcf41fa000] with protection modes 0
Event: 33.753 Thread 0x00007fbcc4400200 Thread added: 0x00007fbcc4400200
Event: 33.753 Protecting memory [0x00007fbcf40f5000,0x00007fbcf40f9000] with protection modes 0
Event: 33.789 Thread 0x00007fbcc4408b40 Thread added: 0x00007fbcc4408b40
Event: 33.795 Protecting memory [0x00007fbcf44f9000,0x00007fbcf44fd000] with protection modes 0
Event: 33.796 Thread 0x00007fbcc42cafc0 Thread added: 0x00007fbcc42cafc0
Event: 33.797 Protecting memory [0x00007fbc7e7ef000,0x00007fbc7e7f3000] with protection modes 0
Event: 34.416 Thread 0x00007fbcc4400200 Thread exited: 0x00007fbcc4400200
Event: 34.445 Thread 0x00007fbcc433d8c0 Thread exited: 0x00007fbcc433d8c0
Event: 34.546 Thread 0x00007fbba8015f30 Thread added: 0x00007fbba8015f30
Event: 34.546 Protecting memory [0x00007fbcf41f6000,0x00007fbcf41fa000] with protection modes 0
Event: 35.071 Thread 0x00007fbba8015f30 Thread exited: 0x00007fbba8015f30
Event: 35.071 Thread 0x00007fbcc42cafc0 Thread exited: 0x00007fbcc42cafc0
Event: 35.071 Thread 0x00007fbcc4408b40 Thread exited: 0x00007fbcc4408b40
Event: 35.876 Thread 0x00007fbcc07fd290 Thread added: 0x00007fbcc07fd290
Event: 35.877 Protecting memory [0x00007fbcf44f9000,0x00007fbcf44fd000] with protection modes 0
Event: 35.909 Thread 0x00007fbcc09f3970 Thread added: 0x00007fbcc09f3970
Event: 35.909 Protecting memory [0x00007fbc7e7ef000,0x00007fbc7e7f3000] with protection modes 0
Event: 36.393 Thread 0x00007fbcc09f3970 Thread exited: 0x00007fbcc09f3970
Event: 36.778 Thread 0x00007fbcc07fd290 Thread exited: 0x00007fbcc07fd290


Dynamic libraries:
400000000-496800000 rw-p 00000000 00:00 0 
534800000-7f8800000 ---p 00000000 00:00 0 
7f8800000-7ff700000 rw-p 00000000 00:00 0 
7ff700000-7ff779000 rw-p 00d24000 fd:02 4630175257                       /home/smobaraki/work/firesim/.conda-env/lib/jvm/lib/server/classes.jsa
7ff779000-7ff800000 rw-p 00000000 00:00 0 
7ff800000-7ff882000 rw-p 00ca2000 fd:02 4630175257                       /home/smobaraki/work/firesim/.conda-env/lib/jvm/lib/server/classes.jsa
7ff882000-800000000 rw-p 00000000 00:00 0 
800000000-80047a000 rw-p 00001000 fd:02 4630175257                       /home/smobaraki/work/firesim/.conda-env/lib/jvm/lib/server/classes.jsa
80047a000-800c65000 r--p 0047b000 fd:02 4630175257                       /home/smobaraki/work/firesim/.conda-env/lib/jvm/lib/server/classes.jsa
800c65000-801000000 ---p 00000000 00:00 0 
801000000-801040000 rw-p 00000000 00:00 0 
801040000-801080000 rw-p 00000000 00:00 0 
801080000-801260000 rw-p 00000000 00:00 0 
801260000-801280000 rw-p 00000000 00:00 0 
801280000-8014c0000 rw-p 00000000 00:00 0 
8014c0000-801500000 rw-p 00000000 00:00 0 
801500000-801ac0000 rw-p 00000000 00:00 0 
801ac0000-801b00000 rw-p 00000000 00:00 0 
801b00000-801bc0000 rw-p 00000000 00:00 0 
801bc0000-801be0000 rw-p 00000000 00:00 0 
801be0000-801c00000 ---p 00000000 00:00 0 
801c00000-801ed0000 rw-p 00000000 00:00 0 
801ed0000-841000000 ---p 00000000 00:00 0 
5601cc808000-5601cc809000 r--p 00000000 fd:02 6691819782                 /home/smobaraki/work/firesim/.conda-env/lib/jvm/bin/java
5601cc809000-5601cc80a000 r-xp 00001000 fd:02 6691819782                 /home/smobaraki/work/firesim/.conda-env/lib/jvm/bin/java
5601cc80a000-5601cc80b000 r--p 00002000 fd:02 6691819782                 /home/smobaraki/work/firesim/.conda-env/lib/jvm/bin/java
5601cc80b000-5601cc80c000 r--p 00002000 fd:02 6691819782                 /home/smobaraki/work/firesim/.conda-env/lib/jvm/bin/java
5601cc80c000-5601cc80d000 rw-p 00003000 fd:02 6691819782                 /home/smobaraki/work/firesim/.conda-env/lib/jvm/bin/java
5601ce0ee000-5601ce134000 rw-p 00000000 00:00 0                          [heap]
7fbb248a0000-7fbb28000000 rw-p 00000000 00:00 0 
7fbb28000000-7fbb28141000 rw-p 00000000 00:00 0 
7fbb28141000-7fbb2c000000 ---p 00000000 00:00 0 
7fbb2c000000-7fbb2c6ae000 rw-p 00000000 00:00 0 
7fbb2c6ae000-7fbb30000000 ---p 00000000 00:00 0 
7fbb30000000-7fbb30921000 rw-p 00000000 00:00 0 
7fbb30921000-7fbb34000000 ---p 00000000 00:00 0 
7fbb34000000-7fbb3411f000 rw-p 00000000 00:00 0 
7fbb3411f000-7fbb38000000 ---p 00000000 00:00 0 
7fbb38000000-7fbb38d2e000 rw-p 00000000 00:00 0 
7fbb38d2e000-7fbb3c000000 ---p 00000000 00:00 0 
7fbb3c000000-7fbb3cdaa000 rw-p 00000000 00:00 0 
7fbb3cdaa000-7fbb40000000 ---p 00000000 00:00 0 
7fbb40000000-7fbb40021000 rw-p 00000000 00:00 0 
7fbb40021000-7fbb44000000 ---p 00000000 00:00 0 
7fbb44000000-7fbb44021000 rw-p 00000000 00:00 0 
7fbb44021000-7fbb48000000 ---p 00000000 00:00 0 
7fbb48210000-7fbb49264000 rw-p 00000000 00:00 0 
7fbb495c9000-7fbb4a7fd000 rw-p 00000000 00:00 0 
7fbb4a7fd000-7fbb4a801000 ---p 00000000 00:00 0 
7fbb4a801000-7fbb4affe000 rw-p 00000000 00:00 0 
7fbb4affe000-7fbb4b002000 ---p 00000000 00:00 0 
7fbb4b002000-7fbb4b7ff000 rw-p 00000000 00:00 0 
7fbb4b7ff000-7fbb4b803000 ---p 00000000 00:00 0 
7fbb4b803000-7fbb4c000000 rw-p 00000000 00:00 0 
7fbb4c000000-7fbb4c133000 rw-p 00000000 00:00 0 
7fbb4c133000-7fbb50000000 ---p 00000000 00:00 0 
7fbb50000000-7fbb50d17000 rw-p 00000000 00:00 0 
7fbb50d17000-7fbb54000000 ---p 00000000 00:00 0 
7fbb54000000-7fbb540f6000 rw-p 00000000 00:00 0 
7fbb540f6000-7fbb58000000 ---p 00000000 00:00 0 
7fbb58000000-7fbb58170000 rw-p 00000000 00:00 0 
7fbb58170000-7fbb5c000000 ---p 00000000 00:00 0 
7fbb5c000000-7fbb5c542000 rw-p 00000000 00:00 0 
7fbb5c542000-7fbb60000000 ---p 00000000 00:00 0 
7fbb60000000-7fbb605b8000 rw-p 00000000 00:00 0 
7fbb605b8000-7fbb64000000 ---p 00000000 00:00 0 
7fbb64000000-7fbb64150000 rw-p 00000000 00:00 0 
7fbb64150000-7fbb68000000 ---p 00000000 00:00 0 
7fbb68000000-7fbb688d1000 rw-p 00000000 00:00 0 
7fbb688d1000-7fbb6c000000 ---p 00000000 00:00 0 
7fbb6c000000-7fbb6c0b9000 rw-p 00000000 00:00 0 
7fbb6c0b9000-7fbb70000000 ---p 00000000 00:00 0 
7fbb7007e000-7fbb707f9000 rw-p 00000000 00:00 0 
7fbb707f9000-7fbb707fd000 ---p 00000000 00:00 0 
7fbb707fd000-7fbb70ffa000 rw-p 00000000 00:00 0 
7fbb70ffa000-7fbb70ffe000 ---p 00000000 00:00 0 
7fbb70ffe000-7fbb717fb000 rw-p 00000000 00:00 0 
7fbb717fb000-7fbb717ff000 ---p 00000000 00:00 0 
7fbb717ff000-7fbb71ffc000 rw-p 00000000 00:00 0 
7fbb71ffc000-7fbb72000000 ---p 00000000 00:00 0 
7fbb72000000-7fbb727fd000 rw-p 00000000 00:00 0 
7fbb727fd000-7fbb72801000 ---p 00000000 00:00 0 
7fbb72801000-7fbb72ffe000 rw-p 00000000 00:00 0 
7fbb72ffe000-7fbb73002000 ---p 00000000 00:00 0 
7fbb73002000-7fbb737ff000 rw-p 00000000 00:00 0 
7fbb737ff000-7fbb73803000 ---p 00000000 00:00 0 
7fbb73803000-7fbb74000000 rw-p 00000000 00:00 0 
7fbb74000000-7fbb7462c000 rw-p 00000000 00:00 0 
7fbb7462c000-7fbb78000000 ---p 00000000 00:00 0 
7fbb787f9000-7fbb787fd000 ---p 00000000 00:00 0 
7fbb787fd000-7fbb78ffa000 rw-p 00000000 00:00 0 
7fbb78ffa000-7fbb78ffe000 ---p 00000000 00:00 0 
7fbb78ffe000-7fbb797fb000 rw-p 00000000 00:00 0 
7fbb797fb000-7fbb797ff000 ---p 00000000 00:00 0 
7fbb797ff000-7fbb79ffc000 rw-p 00000000 00:00 0 
7fbb79ffc000-7fbb7a000000 ---p 00000000 00:00 0 
7fbb7a000000-7fbb7a7fd000 rw-p 00000000 00:00 0 
7fbb7a7fd000-7fbb7a801000 ---p 00000000 00:00 0 
7fbb7a801000-7fbb7affe000 rw-p 00000000 00:00 0 
7fbb7affe000-7fbb7b002000 ---p 00000000 00:00 0 
7fbb7b002000-7fbb7b7ff000 rw-p 00000000 00:00 0 
7fbb7b7ff000-7fbb7b803000 ---p 00000000 00:00 0 
7fbb7b803000-7fbb7c000000 rw-p 00000000 00:00 0 
7fbb7c000000-7fbb7c71f000 rw-p 00000000 00:00 0 
7fbb7c71f000-7fbb80000000 ---p 00000000 00:00 0 
7fbb80000000-7fbb80021000 rw-p 00000000 00:00 0 
7fbb80021000-7fbb84000000 ---p 00000000 00:00 0 
7fbb84000000-7fbb84200000 rw-p 00000000 00:00 0 
7fbb84200000-7fbb84300000 rw-p 00000000 00:00 0 
7fbb84300000-7fbb84400000 rw-p 00000000 00:00 0 
7fbb84400000-7fbb84680000 rw-p 00000000 00:00 0 
7fbb84680000-7fbb84700000 rw-p 00000000 00:00 0 
7fbb84700000-7fbb84900000 rw-p 00000000 00:00 0 
7fbb84900000-7fbb84b80000 rw-p 00000000 00:00 0 
7fbb84b80000-7fbb84c00000 rw-p 00000000 00:00 0 
7fbb84c00000-7fbb857c0000 rw-p 00000000 00:00 0 
7fbb857c0000-7fbb85800000 rw-p 00000000 00:00 0 
7fbb85800000-7fbb85900000 rw-p 00000000 00:00 0 
7fbb85900000-7fbb85940000 rw-p 00000000 00:00 0 
7fbb85940000-7fbb85a00000 ---p 00000000 00:00 0 
7fbb85a00000-7fbb85f00000 rw-p 00000000 00:00 0 
7fbb85f00000-7fbb88000000 ---p 00000000 00:00 0 
7fbb88000000-7fbb88021000 rw-p 00000000 00:00 0 
7fbb88021000-7fbb8c000000 ---p 00000000 00:00 0 
7fbb8c000000-7fbb8c99e000 rw-p 00000000 00:00 0 
7fbb8c99e000-7fbb90000000 ---p 00000000 00:00 0 
7fbb90000000-7fbb900ed000 rw-p 00000000 00:00 0 
7fbb900ed000-7fbb94000000 ---p 00000000 00:00 0 
7fbb94000000-7fbb940a3000 rw-p 00000000 00:00 0 
7fbb940a3000-7fbb98000000 ---p 00000000 00:00 0 
7fbb98000000-7fbb9804a000 rw-p 00000000 00:00 0 
7fbb9804a000-7fbb9c000000 ---p 00000000 00:00 0 
7fbb9c479000-7fbb9c47d000 ---p 00000000 00:00 0 
7fbb9c47d000-7fbb9cc7a000 rw-p 00000000 00:00 0 
7fbb9cc7a000-7fbb9cc7e000 ---p 00000000 00:00 0 
7fbb9cc7e000-7fbb9d47b000 rw-p 00000000 00:00 0 
7fbb9d47b000-7fbb9d47f000 ---p 00000000 00:00 0 
7fbb9d47f000-7fbb9dc7c000 rw-p 00000000 00:00 0 
7fbb9dffc000-7fbb9e000000 ---p 00000000 00:00 0 
7fbb9e000000-7fbb9e7fd000 rw-p 00000000 00:00 0 
7fbb9e7fd000-7fbb9e801000 ---p 00000000 00:00 0 
7fbb9e801000-7fbb9effe000 rw-p 00000000 00:00 0 
7fbb9effe000-7fbb9f002000 ---p 00000000 00:00 0 
7fbb9f002000-7fbb9f7ff000 rw-p 00000000 00:00 0 
7fbb9f7ff000-7fbb9f803000 ---p 00000000 00:00 0 
7fbb9f803000-7fbba0000000 rw-p 00000000 00:00 0 
7fbba0000000-7fbba0b2d000 rw-p 00000000 00:00 0 
7fbba0b2d000-7fbba4000000 ---p 00000000 00:00 0 
7fbba4000000-7fbba4068000 rw-p 00000000 00:00 0 
7fbba4068000-7fbba8000000 ---p 00000000 00:00 0 
7fbba8000000-7fbba8ab8000 rw-p 00000000 00:00 0 
7fbba8ab8000-7fbbac000000 ---p 00000000 00:00 0 
7fbbac000000-7fbbacb7b000 rw-p 00000000 00:00 0 
7fbbacb7b000-7fbbb0000000 ---p 00000000 00:00 0 
7fbbb0000000-7fbbb0d17000 rw-p 00000000 00:00 0 
7fbbb0d17000-7fbbb4000000 ---p 00000000 00:00 0 
7fbbb4000000-7fbbb4c1f000 rw-p 00000000 00:00 0 
7fbbb4c1f000-7fbbb8000000 ---p 00000000 00:00 0 
7fbbb8000000-7fbbb8660000 rw-p 00000000 00:00 0 
7fbbb8660000-7fbbbc000000 ---p 00000000 00:00 0 
7fbbbc089000-7fbbbc479000 rw-p 00000000 00:00 0 
7fbbbc7f9000-7fbbbc7fd000 ---p 00000000 00:00 0 
7fbbbc7fd000-7fbbbcffa000 rw-p 00000000 00:00 0 
7fbbbcffa000-7fbbbcffe000 ---p 00000000 00:00 0 
7fbbbcffe000-7fbbbd7fb000 rw-p 00000000 00:00 0 
7fbbbd7fb000-7fbbbd7ff000 ---p 00000000 00:00 0 
7fbbbd7ff000-7fbbbdffc000 rw-p 00000000 00:00 0 
7fbbbdffc000-7fbbbe000000 ---p 00000000 00:00 0 
7fbbbe000000-7fbbbe7fd000 rw-p 00000000 00:00 0 
7fbbbe7fd000-7fbbbe801000 ---p 00000000 00:00 0 
7fbbbe801000-7fbbbeffe000 rw-p 00000000 00:00 0 
7fbbbeffe000-7fbbbf002000 ---p 00000000 00:00 0 
7fbbbf002000-7fbbbf7ff000 rw-p 00000000 00:00 0 
7fbbbf7ff000-7fbbbf803000 ---p 00000000 00:00 0 
7fbbbf803000-7fbbc0000000 rw-p 00000000 00:00 0 
7fbbc0000000-7fbbc01f6000 rw-p 00000000 00:00 0 
7fbbc01f6000-7fbbc4000000 ---p 00000000 00:00 0 
7fbbc4000000-7fbbc40be000 rw-p 00000000 00:00 0 
7fbbc40be000-7fbbc8000000 ---p 00000000 00:00 0 
7fbbc8000000-7fbbc8080000 rw-p 00000000 00:00 0 
7fbbc8080000-7fbbcc000000 ---p 00000000 00:00 0 
7fbbcc000000-7fbbcc11e000 rw-p 00000000 00:00 0 
7fbbcc11e000-7fbbd0000000 ---p 00000000 00:00 0 
7fbbd0000000-7fbbd0045000 rw-p 00000000 00:00 0 
7fbbd0045000-7fbbd4000000 ---p 00000000 00:00 0 
7fbbd4000000-7fbbd414f000 rw-p 00000000 00:00 0 
7fbbd414f000-7fbbd8000000 ---p 00000000 00:00 0 
7fbbd8000000-7fbbd9171000 rw-p 00000000 00:00 0 
7fbbd9171000-7fbbdc000000 ---p 00000000 00:00 0 
7fbbdc7f9000-7fbbdc7fd000 ---p 00000000 00:00 0 
7fbbdc7fd000-7fbbdcffa000 rw-p 00000000 00:00 0 
7fbbdcffa000-7fbbdcffe000 ---p 00000000 00:00 0 
7fbbdcffe000-7fbbdd7fb000 rw-p 00000000 00:00 0 
7fbbdd7fb000-7fbbdd7ff000 ---p 00000000 00:00 0 
7fbbdd7ff000-7fbbddffc000 rw-p 00000000 00:00 0 
7fbbddffc000-7fbbde000000 ---p 00000000 00:00 0 
7fbbde000000-7fbbde7fd000 rw-p 00000000 00:00 0 
7fbbde7fd000-7fbbde801000 ---p 00000000 00:00 0 
7fbbde801000-7fbbdeffe000 rw-p 00000000 00:00 0 
7fbbdeffe000-7fbbdf002000 ---p 00000000 00:00 0 
7fbbdf002000-7fbbdf7ff000 rw-p 00000000 00:00 0 
7fbbdf7ff000-7fbbdf803000 ---p 00000000 00:00 0 
7fbbdf803000-7fbbe0000000 rw-p 00000000 00:00 0 
7fbbe0000000-7fbbe121b000 rw-p 00000000 00:00 0 
7fbbe121b000-7fbbe4000000 ---p 00000000 00:00 0 
7fbbe4000000-7fbbe4fef000 rw-p 00000000 00:00 0 
7fbbe4fef000-7fbbe8000000 ---p 00000000 00:00 0 
7fbbe8000000-7fbbe9441000 rw-p 00000000 00:00 0 
7fbbe9441000-7fbbec000000 ---p 00000000 00:00 0 
7fbbec000000-7fbbecd7e000 rw-p 00000000 00:00 0 
7fbbecd7e000-7fbbf0000000 ---p 00000000 00:00 0 
7fbbf0000000-7fbbf11f2000 rw-p 00000000 00:00 0 
7fbbf11f2000-7fbbf4000000 ---p 00000000 00:00 0 
7fbbf4000000-7fbbf4f74000 rw-p 00000000 00:00 0 
7fbbf4f74000-7fbbf8000000 ---p 00000000 00:00 0 
7fbbf8000000-7fbbf932e000 rw-p 00000000 00:00 0 
7fbbf932e000-7fbbfc000000 ---p 00000000 00:00 0 
7fbbfc000000-7fbbfd4a0000 rw-p 00000000 00:00 0 
7fbbfd4a0000-7fbc00000000 ---p 00000000 00:00 0 
7fbc0007e000-7fbc007f9000 rw-p 00000000 00:00 0 
7fbc007f9000-7fbc007fd000 ---p 00000000 00:00 0 
7fbc007fd000-7fbc00ffa000 rw-p 00000000 00:00 0 
7fbc00ffa000-7fbc00ffe000 ---p 00000000 00:00 0 
7fbc00ffe000-7fbc017fb000 rw-p 00000000 00:00 0 
7fbc017fb000-7fbc017ff000 ---p 00000000 00:00 0 
7fbc017ff000-7fbc01ffc000 rw-p 00000000 00:00 0 
7fbc01ffc000-7fbc02000000 ---p 00000000 00:00 0 
7fbc02000000-7fbc027fd000 rw-p 00000000 00:00 0 
7fbc027fd000-7fbc02801000 ---p 00000000 00:00 0 
7fbc02801000-7fbc02ffe000 rw-p 00000000 00:00 0 
7fbc02ffe000-7fbc03002000 ---p 00000000 00:00 0 
7fbc03002000-7fbc037ff000 rw-p 00000000 00:00 0 
7fbc037ff000-7fbc03803000 ---p 00000000 00:00 0 
7fbc03803000-7fbc04000000 rw-p 00000000 00:00 0 
7fbc04000000-7fbc05059000 rw-p 00000000 00:00 0 
7fbc05059000-7fbc08000000 ---p 00000000 00:00 0 
7fbc08000000-7fbc096f1000 rw-p 00000000 00:00 0 
7fbc096f1000-7fbc0c000000 ---p 00000000 00:00 0 
7fbc0c000000-7fbc0cbb5000 rw-p 00000000 00:00 0 
7fbc0cbb5000-7fbc10000000 ---p 00000000 00:00 0 
7fbc10000000-7fbc1114b000 rw-p 00000000 00:00 0 
7fbc1114b000-7fbc14000000 ---p 00000000 00:00 0 
7fbc14000000-7fbc1517c000 rw-p 00000000 00:00 0 
7fbc1517c000-7fbc18000000 ---p 00000000 00:00 0 
7fbc18000000-7fbc18021000 rw-p 00000000 00:00 0 
7fbc18021000-7fbc1c000000 ---p 00000000 00:00 0 
7fbc1c5f4000-7fbc1c5f8000 ---p 00000000 00:00 0 
7fbc1c5f8000-7fbc1cdf5000 rw-p 00000000 00:00 0 
7fbc1cdf5000-7fbc1cdf9000 ---p 00000000 00:00 0 
7fbc1cdf9000-7fbc1d5f6000 rw-p 00000000 00:00 0 
7fbc1d5f6000-7fbc1d5fa000 ---p 00000000 00:00 0 
7fbc1d5fa000-7fbc1ddf7000 rw-p 00000000 00:00 0 
7fbc1ddf7000-7fbc1ddfb000 ---p 00000000 00:00 0 
7fbc1ddfb000-7fbc1e5f8000 rw-p 00000000 00:00 0 
7fbc1e5f8000-7fbc1e5fc000 ---p 00000000 00:00 0 
7fbc1e5fc000-7fbc1edf9000 rw-p 00000000 00:00 0 
7fbc1edf9000-7fbc1edfd000 ---p 00000000 00:00 0 
7fbc1edfd000-7fbc1f5fa000 rw-p 00000000 00:00 0 
7fbc1f5fa000-7fbc1f5fe000 ---p 00000000 00:00 0 
7fbc1f5fe000-7fbc1fdfb000 rw-p 00000000 00:00 0 
7fbc1fdfb000-7fbc1fdff000 r-xp 00000000 fd:00 67114782                   /usr/lib64/libattr.so.1.1.0
7fbc1fdff000-7fbc1fffe000 ---p 00004000 fd:00 67114782                   /usr/lib64/libattr.so.1.1.0
7fbc1fffe000-7fbc1ffff000 r--p 00003000 fd:00 67114782                   /usr/lib64/libattr.so.1.1.0
7fbc1ffff000-7fbc20000000 rw-p 00004000 fd:00 67114782                   /usr/lib64/libattr.so.1.1.0
7fbc20000000-7fbc20021000 rw-p 00000000 00:00 0 
7fbc20021000-7fbc24000000 ---p 00000000 00:00 0 
7fbc24000000-7fbc24021000 rw-p 00000000 00:00 0 
7fbc24021000-7fbc28000000 ---p 00000000 00:00 0 
7fbc28000000-7fbc29301000 rw-p 00000000 00:00 0 
7fbc29301000-7fbc2c000000 ---p 00000000 00:00 0 
7fbc2c000000-7fbc2d2e2000 rw-p 00000000 00:00 0 
7fbc2d2e2000-7fbc30000000 ---p 00000000 00:00 0 
7fbc30000000-7fbc310fb000 rw-p 00000000 00:00 0 
7fbc310fb000-7fbc34000000 ---p 00000000 00:00 0 
7fbc34000000-7fbc34f9c000 rw-p 00000000 00:00 0 
7fbc34f9c000-7fbc38000000 ---p 00000000 00:00 0 
7fbc38000000-7fbc3809c000 rw-p 00000000 00:00 0 
7fbc3809c000-7fbc3c000000 ---p 00000000 00:00 0 
7fbc3c000000-7fbc3cc63000 rw-p 00000000 00:00 0 
7fbc3cc63000-7fbc40000000 ---p 00000000 00:00 0 
7fbc40000000-7fbc40021000 rw-p 00000000 00:00 0 
7fbc40021000-7fbc44000000 ---p 00000000 00:00 0 
7fbc44000000-7fbc440ac000 rw-p 00000000 00:00 0 
7fbc440ac000-7fbc48000000 ---p 00000000 00:00 0 
7fbc48000000-7fbc48021000 rw-p 00000000 00:00 0 
7fbc48021000-7fbc4c000000 ---p 00000000 00:00 0 
7fbc4c000000-7fbc4c021000 rw-p 00000000 00:00 0 
7fbc4c021000-7fbc50000000 ---p 00000000 00:00 0 
7fbc50000000-7fbc50021000 rw-p 00000000 00:00 0 
7fbc50021000-7fbc54000000 ---p 00000000 00:00 0 
7fbc54000000-7fbc54021000 rw-p 00000000 00:00 0 
7fbc54021000-7fbc58000000 ---p 00000000 00:00 0 
7fbc58000000-7fbc58021000 rw-p 00000000 00:00 0 
7fbc58021000-7fbc5c000000 ---p 00000000 00:00 0 
7fbc5c000000-7fbc5c021000 rw-p 00000000 00:00 0 
7fbc5c021000-7fbc60000000 ---p 00000000 00:00 0 
7fbc60000000-7fbc60021000 rw-p 00000000 00:00 0 
7fbc60021000-7fbc64000000 ---p 00000000 00:00 0 
7fbc64000000-7fbc64021000 rw-p 00000000 00:00 0 
7fbc64021000-7fbc68000000 ---p 00000000 00:00 0 
7fbc68000000-7fbc68021000 rw-p 00000000 00:00 0 
7fbc68021000-7fbc6c000000 ---p 00000000 00:00 0 
7fbc6c000000-7fbc6c021000 rw-p 00000000 00:00 0 
7fbc6c021000-7fbc70000000 ---p 00000000 00:00 0 
7fbc70000000-7fbc70021000 rw-p 00000000 00:00 0 
7fbc70021000-7fbc74000000 ---p 00000000 00:00 0 
7fbc74000000-7fbc74021000 rw-p 00000000 00:00 0 
7fbc74021000-7fbc78000000 ---p 00000000 00:00 0 
7fbc78000000-7fbc78021000 rw-p 00000000 00:00 0 
7fbc78021000-7fbc7c000000 ---p 00000000 00:00 0 
7fbc7c1ab000-7fbc7c1af000 r-xp 00000000 fd:00 67140965                   /usr/lib64/libcap.so.2.22
7fbc7c1af000-7fbc7c3ae000 ---p 00004000 fd:00 67140965                   /usr/lib64/libcap.so.2.22
7fbc7c3ae000-7fbc7c3af000 r--p 00003000 fd:00 67140965                   /usr/lib64/libcap.so.2.22
7fbc7c3af000-7fbc7c3b0000 rw-p 00004000 fd:00 67140965                   /usr/lib64/libcap.so.2.22
7fbc7c3b0000-7fbc7c3c2000 r-xp 00000000 fd:00 68060982                   /usr/lib64/libnss_myhostname.so.2
7fbc7c3c2000-7fbc7c5c1000 ---p 00012000 fd:00 68060982                   /usr/lib64/libnss_myhostname.so.2
7fbc7c5c1000-7fbc7c5c4000 r--p 00011000 fd:00 68060982                   /usr/lib64/libnss_myhostname.so.2
7fbc7c5c4000-7fbc7c5c5000 rw-p 00014000 fd:00 68060982                   /usr/lib64/libnss_myhostname.so.2
7fbc7c5c5000-7fbc7c5db000 r-xp 00000000 fd:00 67113914                   /usr/lib64/libresolv-2.17.so
7fbc7c5db000-7fbc7c7db000 ---p 00016000 fd:00 67113914                   /usr/lib64/libresolv-2.17.so
7fbc7c7db000-7fbc7c7dc000 r--p 00016000 fd:00 67113914                   /usr/lib64/libresolv-2.17.so
7fbc7c7dc000-7fbc7c7dd000 rw-p 00017000 fd:00 67113914                   /usr/lib64/libresolv-2.17.so
7fbc7c7dd000-7fbc7c7df000 rw-p 00000000 00:00 0 
7fbc7c7df000-7fbc7c7e5000 r-xp 00000000 fd:00 67140657                   /usr/lib64/libnss_dns-2.17.so
7fbc7c7e5000-7fbc7c9e4000 ---p 00006000 fd:00 67140657                   /usr/lib64/libnss_dns-2.17.so
7fbc7c9e4000-7fbc7c9e5000 r--p 00005000 fd:00 67140657                   /usr/lib64/libnss_dns-2.17.so
7fbc7c9e5000-7fbc7c9e6000 rw-p 00006000 fd:00 67140657                   /usr/lib64/libnss_dns-2.17.so
7fbc7c9e6000-7fbc7c9e7000 r-xp 00000000 00:27 5952303                    /run/user/1021/.sbt848495e8/swoval/swoval-jni/14809798465318140395-libswoval-files0.so
7fbc7c9e7000-7fbc7cbe6000 ---p 00001000 00:27 5952303                    /run/user/1021/.sbt848495e8/swoval/swoval-jni/14809798465318140395-libswoval-files0.so
7fbc7cbe6000-7fbc7cbe7000 r--p 00000000 00:27 5952303                    /run/user/1021/.sbt848495e8/swoval/swoval-jni/14809798465318140395-libswoval-files0.so
7fbc7cbe7000-7fbc7cbe8000 rw-p 00001000 00:27 5952303                    /run/user/1021/.sbt848495e8/swoval/swoval-jni/14809798465318140395-libswoval-files0.so
7fbc7cbe8000-7fbc7cbec000 ---p 00000000 00:00 0 
7fbc7cbec000-7fbc7d3e9000 rw-p 00000000 00:00 0 
7fbc7d3e9000-7fbc7d3ed000 ---p 00000000 00:00 0 
7fbc7d3ed000-7fbc7dbea000 rw-p 00000000 00:00 0 
7fbc7dbea000-7fbc7dbee000 ---p 00000000 00:00 0 
7fbc7dbee000-7fbc7e3eb000 rw-p 00000000 00:00 0 
7fbc7e3eb000-7fbc7e3ef000 ---p 00000000 00:00 0 
7fbc7e3ef000-7fbc7e4ec000 rw-p 00000000 00:00 0 
7fbc7e4ec000-7fbc7e4f0000 ---p 00000000 00:00 0 
7fbc7e4f0000-7fbc7e5ed000 rw-p 00000000 00:00 0 
7fbc7e5ed000-7fbc7e5f1000 ---p 00000000 00:00 0 
7fbc7e5f1000-7fbc7e6ee000 rw-p 00000000 00:00 0 
7fbc7e6ee000-7fbc7e6f2000 ---p 00000000 00:00 0 
7fbc7e6f2000-7fbc7e7ef000 rw-p 00000000 00:00 0 
7fbc7e7ef000-7fbc7e7f3000 ---p 00000000 00:00 0 
7fbc7e7f3000-7fbc7e8f0000 rw-p 00000000 00:00 0 
7fbc7e8f0000-7fbc7e8f1000 ---p 00000000 00:00 0 
7fbc7e8f1000-7fbc7e9f2000 rw-p 00000000 00:00 0 
7fbc7e9f2000-7fbc7e9f3000 ---p 00000000 00:00 0 
7fbc7e9f3000-7fbc7eaf4000 rw-p 00000000 00:00 0 
7fbc7eaf4000-7fbc7eaf5000 ---p 00000000 00:00 0 
7fbc7eaf5000-7fbc7ebf6000 rw-p 00000000 00:00 0 
7fbc7ebf6000-7fbc7ebf7000 ---p 00000000 00:00 0 
7fbc7ebf7000-7fbc7ecf8000 rw-p 00000000 00:00 0 
7fbc7ecf8000-7fbc7ecf9000 ---p 00000000 00:00 0 
7fbc7ecf9000-7fbc7edfa000 rw-p 00000000 00:00 0 
7fbc7edfa000-7fbc7edfb000 ---p 00000000 00:00 0 
7fbc7edfb000-7fbc7eefc000 rw-p 00000000 00:00 0 
7fbc7eefc000-7fbc7eefd000 ---p 00000000 00:00 0 
7fbc7eefd000-7fbc7effe000 rw-p 00000000 00:00 0 
7fbc7effe000-7fbc7f002000 ---p 00000000 00:00 0 
7fbc7f002000-7fbc7f7ff000 rw-p 00000000 00:00 0 
7fbc7f7ff000-7fbc7f803000 ---p 00000000 00:00 0 
7fbc7f803000-7fbc80000000 rw-p 00000000 00:00 0 
7fbc80000000-7fbc80021000 rw-p 00000000 00:00 0 
7fbc80021000-7fbc84000000 ---p 00000000 00:00 0 
7fbc84000000-7fbc84021000 rw-p 00000000 00:00 0 
7fbc84021000-7fbc88000000 ---p 00000000 00:00 0 
7fbc88000000-7fbc88262000 rw-p 00000000 00:00 0 
7fbc88262000-7fbc8c000000 ---p 00000000 00:00 0 
7fbc8c000000-7fbc8d506000 rw-p 00000000 00:00 0 
7fbc8d506000-7fbc90000000 ---p 00000000 00:00 0 
7fbc90000000-7fbc9035b000 rw-p 00000000 00:00 0 
7fbc9035b000-7fbc94000000 ---p 00000000 00:00 0 
7fbc94000000-7fbc9479c000 rw-p 00000000 00:00 0 
7fbc9479c000-7fbc98000000 ---p 00000000 00:00 0 
7fbc98000000-7fbc990e0000 rw-p 00000000 00:00 0 
7fbc990e0000-7fbc9c000000 ---p 00000000 00:00 0 
7fbc9c000000-7fbc9c021000 rw-p 00000000 00:00 0 
7fbc9c021000-7fbca0000000 ---p 00000000 00:00 0 
7fbca0000000-7fbca0f18000 rw-p 00000000 00:00 0 
7fbca0f18000-7fbca4000000 ---p 00000000 00:00 0 
7fbca4000000-7fbca51a5000 rw-p 00000000 00:00 0 
7fbca51a5000-7fbca8000000 ---p 00000000 00:00 0 
7fbca8000000-7fbca8567000 rw-p 00000000 00:00 0 
7fbca8567000-7fbcac000000 ---p 00000000 00:00 0 
7fbcac000000-7fbcac423000 rw-p 00000000 00:00 0 
7fbcac423000-7fbcb0000000 ---p 00000000 00:00 0 
7fbcb0000000-7fbcb0021000 rw-p 00000000 00:00 0 
7fbcb0021000-7fbcb4000000 ---p 00000000 00:00 0 
7fbcb40eb000-7fbcb40ec000 ---p 00000000 00:00 0 
7fbcb40ec000-7fbcb41ed000 rw-p 00000000 00:00 0 
7fbcb41ed000-7fbcb41ee000 ---p 00000000 00:00 0 
7fbcb41ee000-7fbcb42ef000 rw-p 00000000 00:00 0 
7fbcb42ef000-7fbcb42f0000 ---p 00000000 00:00 0 
7fbcb42f0000-7fbcb43f1000 rw-p 00000000 00:00 0 
7fbcb43f1000-7fbcb43f2000 ---p 00000000 00:00 0 
7fbcb43f2000-7fbcb44f3000 rw-p 00000000 00:00 0 
7fbcb44f3000-7fbcb44f4000 ---p 00000000 00:00 0 
7fbcb44f4000-7fbcb45f5000 rw-p 00000000 00:00 0 
7fbcb45f5000-7fbcb45f6000 ---p 00000000 00:00 0 
7fbcb45f6000-7fbcb46f7000 rw-p 00000000 00:00 0 
7fbcb46f7000-7fbcb46f8000 ---p 00000000 00:00 0 
7fbcb46f8000-7fbcb47f9000 rw-p 00000000 00:00 0 
7fbcb47f9000-7fbcb47fd000 ---p 00000000 00:00 0 
7fbcb47fd000-7fbcb4ffa000 rw-p 00000000 00:00 0 
7fbcb4ffa000-7fbcb4ffe000 ---p 00000000 00:00 0 
7fbcb4ffe000-7fbcb57fb000 rw-p 00000000 00:00 0 
7fbcb57fb000-7fbcb57ff000 ---p 00000000 00:00 0 
7fbcb57ff000-7fbcb5ffc000 rw-p 00000000 00:00 0 
7fbcb5ffc000-7fbcb6000000 ---p 00000000 00:00 0 
7fbcb6000000-7fbcb67fd000 rw-p 00000000 00:00 0 
7fbcb67fd000-7fbcb6801000 ---p 00000000 00:00 0 
7fbcb6801000-7fbcb6ffe000 rw-p 00000000 00:00 0 
7fbcb6ffe000-7fbcb7002000 ---p 00000000 00:00 0 
7fbcb7002000-7fbcb77ff000 rw-p 00000000 00:00 0 
7fbcb77ff000-7fbcb7803000 ---p 00000000 00:00 0 
7fbcb7803000-7fbcb8000000 rw-p 00000000 00:00 0 
7fbcb8000000-7fbcb8021000 rw-p 00000000 00:00 0 
7fbcb8021000-7fbcbc000000 ---p 00000000 00:00 0 
7fbcbc000000-7fbcbc021000 rw-p 00000000 00:00 0 
7fbcbc021000-7fbcc0000000 ---p 00000000 00:00 0 
7fbcc0000000-7fbcc1465000 rw-p 00000000 00:00 0 
7fbcc1465000-7fbcc4000000 ---p 00000000 00:00 0 
7fbcc4000000-7fbcc443f000 rw-p 00000000 00:00 0 
7fbcc443f000-7fbcc8000000 ---p 00000000 00:00 0 
7fbcc8000000-7fbcc8021000 rw-p 00000000 00:00 0 
7fbcc8021000-7fbccc000000 ---p 00000000 00:00 0 
7fbccc000000-7fbccc021000 rw-p 00000000 00:00 0 
7fbccc021000-7fbcd0000000 ---p 00000000 00:00 0 
7fbcd0000000-7fbcd0021000 rw-p 00000000 00:00 0 
7fbcd0021000-7fbcd4000000 ---p 00000000 00:00 0 
7fbcd4000000-7fbcd4021000 rw-p 00000000 00:00 0 
7fbcd4021000-7fbcd8000000 ---p 00000000 00:00 0 
7fbcd8000000-7fbcd8021000 rw-p 00000000 00:00 0 
7fbcd8021000-7fbcdc000000 ---p 00000000 00:00 0 
7fbcdc072000-7fbcdc076000 r--p 00000000 fd:02 2293274948                 /home/smobaraki/work/firesim/.conda-env/lib/liblzma.so.5.2.6
7fbcdc076000-7fbcdc08d000 r-xp 00004000 fd:02 2293274948                 /home/smobaraki/work/firesim/.conda-env/lib/liblzma.so.5.2.6
7fbcdc08d000-7fbcdc098000 r--p 0001b000 fd:02 2293274948                 /home/smobaraki/work/firesim/.conda-env/lib/liblzma.so.5.2.6
7fbcdc098000-7fbcdc099000 ---p 00026000 fd:02 2293274948                 /home/smobaraki/work/firesim/.conda-env/lib/liblzma.so.5.2.6
7fbcdc099000-7fbcdc09a000 r--p 00026000 fd:02 2293274948                 /home/smobaraki/work/firesim/.conda-env/lib/liblzma.so.5.2.6
7fbcdc09a000-7fbcdc09b000 rw-p 00027000 fd:02 2293274948                 /home/smobaraki/work/firesim/.conda-env/lib/liblzma.so.5.2.6
7fbcdc09b000-7fbcdc0b9000 r-xp 00000000 fd:02 4892289968                 /home/smobaraki/.cache/JNA/temp/jna354077960372809107.tmp (deleted)
7fbcdc0b9000-7fbcdc2b8000 ---p 0001e000 fd:02 4892289968                 /home/smobaraki/.cache/JNA/temp/jna354077960372809107.tmp (deleted)
7fbcdc2b8000-7fbcdc2b9000 rw-p 0001d000 fd:02 4892289968                 /home/smobaraki/.cache/JNA/temp/jna354077960372809107.tmp (deleted)
7fbcdc2b9000-7fbcdc2ba000 rw-p 00000000 00:00 0 
7fbcdc2ba000-7fbcdc2be000 ---p 00000000 00:00 0 
7fbcdc2be000-7fbcdcabb000 rw-p 00000000 00:00 0 
7fbcdcabb000-7fbcdcabf000 ---p 00000000 00:00 0 
7fbcdcabf000-7fbcdd2bc000 rw-p 00000000 00:00 0 
7fbcdd2bc000-7fbcdd2c0000 ---p 00000000 00:00 0 
7fbcdd2c0000-7fbcddabd000 rw-p 00000000 00:00 0 
7fbcddabd000-7fbce4000000 r--p 00000000 fd:00 34107                      /usr/lib/locale/locale-archive
7fbce4000000-7fbce43dc000 rw-p 00000000 00:00 0 
7fbce43dc000-7fbce8000000 ---p 00000000 00:00 0 
7fbce8000000-7fbce8021000 rw-p 00000000 00:00 0 
7fbce8021000-7fbcec000000 ---p 00000000 00:00 0 
7fbcec000000-7fbcec400000 rw-p 00000000 00:00 0 
7fbcec400000-7fbcede00000 rw-p 00000000 00:00 0 
7fbcede00000-7fbceec00000 rw-p 00000000 00:00 0 
7fbceec00000-7fbceef00000 rw-p 00000000 00:00 0 
7fbceef00000-7fbcef000000 rw-p 00000000 00:00 0 
7fbcef000000-7fbcf0000000 rw-p 00000000 00:00 0 
7fbcf0000000-7fbcf0021000 rw-p 00000000 00:00 0 
7fbcf0021000-7fbcf4000000 ---p 00000000 00:00 0 
7fbcf4018000-7fbcf4023000 r--p 00000000 fd:02 116893721                  /home/smobaraki/work/firesim/.conda-env/lib/libzstd.so.1.5.2
7fbcf4023000-7fbcf40c9000 r-xp 0000b000 fd:02 116893721                  /home/smobaraki/work/firesim/.conda-env/lib/libzstd.so.1.5.2
7fbcf40c9000-7fbcf40d9000 r--p 000b1000 fd:02 116893721                  /home/smobaraki/work/firesim/.conda-env/lib/libzstd.so.1.5.2
7fbcf40d9000-7fbcf40da000 r--p 000c1000 fd:02 116893721                  /home/smobaraki/work/firesim/.conda-env/lib/libzstd.so.1.5.2
7fbcf40da000-7fbcf40db000 rw-p 000c2000 fd:02 116893721                  /home/smobaraki/work/firesim/.conda-env/lib/libzstd.so.1.5.2
7fbcf40db000-7fbcf40df000 r--p 00000000 fd:02 2420150868                 /home/smobaraki/work/firesim/.conda-env/lib/libelf-0.187.so
7fbcf40df000-7fbcf40ef000 r-xp 00004000 fd:02 2420150868                 /home/smobaraki/work/firesim/.conda-env/lib/libelf-0.187.so
7fbcf40ef000-7fbcf40f3000 r--p 00014000 fd:02 2420150868                 /home/smobaraki/work/firesim/.conda-env/lib/libelf-0.187.so
7fbcf40f3000-7fbcf40f4000 r--p 00017000 fd:02 2420150868                 /home/smobaraki/work/firesim/.conda-env/lib/libelf-0.187.so
7fbcf40f4000-7fbcf40f5000 rw-p 00018000 fd:02 2420150868                 /home/smobaraki/work/firesim/.conda-env/lib/libelf-0.187.so
7fbcf40f5000-7fbcf40f9000 ---p 00000000 00:00 0 
7fbcf40f9000-7fbcf41f6000 rw-p 00000000 00:00 0 
7fbcf41f6000-7fbcf41fa000 ---p 00000000 00:00 0 
7fbcf41fa000-7fbcf42f7000 rw-p 00000000 00:00 0 
7fbcf42f7000-7fbcf42fb000 ---p 00000000 00:00 0 
7fbcf42fb000-7fbcf43f8000 rw-p 00000000 00:00 0 
7fbcf43f8000-7fbcf43fc000 ---p 00000000 00:00 0 
7fbcf43fc000-7fbcf44f9000 rw-p 00000000 00:00 0 
7fbcf44f9000-7fbcf44fd000 ---p 00000000 00:00 0 
7fbcf44fd000-7fbcf45fa000 rw-p 00000000 00:00 0 
7fbcf45fa000-7fbcf45fb000 ---p 00000000 00:00 0 
7fbcf45fb000-7fbcf46fc000 rw-p 00000000 00:00 0 
7fbcf46fc000-7fbcf4700000 ---p 00000000 00:00 0 
7fbcf4700000-7fbcf47fd000 rw-p 00000000 00:00 0 
7fbcf47fd000-7fbcf4801000 ---p 00000000 00:00 0 
7fbcf4801000-7fbcf4ffe000 rw-p 00000000 00:00 0 
7fbcf4ffe000-7fbcf5002000 ---p 00000000 00:00 0 
7fbcf5002000-7fbcf57ff000 rw-p 00000000 00:00 0 
7fbcf57ff000-7fbcf5803000 ---p 00000000 00:00 0 
7fbcf5803000-7fbcf8000000 rw-p 00000000 00:00 0 
7fbcf8000000-7fbcf8021000 rw-p 00000000 00:00 0 
7fbcf8021000-7fbcfc000000 ---p 00000000 00:00 0 
7fbcfc000000-7fbcfc0ae000 rw-p 00000000 00:00 0 
7fbcfc0ae000-7fbd00000000 ---p 00000000 00:00 0 
7fbd00000000-7fbd00021000 rw-p 00000000 00:00 0 
7fbd00021000-7fbd04000000 ---p 00000000 00:00 0 
7fbd04002000-7fbd04004000 r--p 00000000 fd:02 2414769852                 /home/smobaraki/work/firesim/.conda-env/lib/libbz2.so.1.0.8
7fbd04004000-7fbd04012000 r-xp 00002000 fd:02 2414769852                 /home/smobaraki/work/firesim/.conda-env/lib/libbz2.so.1.0.8
7fbd04012000-7fbd04014000 r--p 00010000 fd:02 2414769852                 /home/smobaraki/work/firesim/.conda-env/lib/libbz2.so.1.0.8
7fbd04014000-7fbd04015000 r--p 00011000 fd:02 2414769852                 /home/smobaraki/work/firesim/.conda-env/lib/libbz2.so.1.0.8
7fbd04015000-7fbd04016000 rw-p 00012000 fd:02 2414769852                 /home/smobaraki/work/firesim/.conda-env/lib/libbz2.so.1.0.8
7fbd04016000-7fbd0402c000 r--p 00000000 fd:02 2420150869                 /home/smobaraki/work/firesim/.conda-env/lib/libdw-0.187.so
7fbd0402c000-7fbd04077000 r-xp 00016000 fd:02 2420150869                 /home/smobaraki/work/firesim/.conda-env/lib/libdw-0.187.so
7fbd04077000-7fbd040a2000 r--p 00061000 fd:02 2420150869                 /home/smobaraki/work/firesim/.conda-env/lib/libdw-0.187.so
7fbd040a2000-7fbd040ab000 r--p 0008b000 fd:02 2420150869                 /home/smobaraki/work/firesim/.conda-env/lib/libdw-0.187.so
7fbd040ab000-7fbd040ac000 rw-p 00094000 fd:02 2420150869                 /home/smobaraki/work/firesim/.conda-env/lib/libdw-0.187.so
7fbd040c6000-7fbd040cd000 r--s 00000000 fd:00 134606483                  /usr/lib64/gconv/gconv-modules.cache
7fbd040cd000-7fbd040d1000 ---p 00000000 00:00 0 
7fbd040d1000-7fbd041ce000 rw-p 00000000 00:00 0 
7fbd041ce000-7fbd041cf000 ---p 00000000 00:00 0 
7fbd041cf000-7fbd042d0000 rw-p 00000000 00:00 0 
7fbd042d0000-7fbd042d5000 r--p 00000000 fd:02 4630193684                 /home/smobaraki/work/firesim/.conda-env/lib/jvm/lib/libjsvml.so
7fbd042d5000-7fbd04316000 r-xp 00005000 fd:02 4630193684                 /home/smobaraki/work/firesim/.conda-env/lib/jvm/lib/libjsvml.so
7fbd04316000-7fbd0439f000 r--p 00046000 fd:02 4630193684                 /home/smobaraki/work/firesim/.conda-env/lib/jvm/lib/libjsvml.so
7fbd0439f000-7fbd043a0000 r--p 000ce000 fd:02 4630193684                 /home/smobaraki/work/firesim/.conda-env/lib/jvm/lib/libjsvml.so
7fbd043a0000-7fbd043a1000 rw-p 000cf000 fd:02 4630193684                 /home/smobaraki/work/firesim/.conda-env/lib/jvm/lib/libjsvml.so
7fbd043a1000-7fbd044be000 rw-p 00000000 00:00 0 
7fbd044be000-7fbd044bf000 ---p 00000000 00:00 0 
7fbd044bf000-7fbd045c0000 rw-p 00000000 00:00 0 
7fbd045c0000-7fbd045c1000 ---p 00000000 00:00 0 
7fbd045c1000-7fbd07369000 rw-p 00000000 00:00 0 
7fbd07369000-7fbd14be9000 ---p 00000000 00:00 0 
7fbd14be9000-7fbd1527d000 rw-p 00000000 00:00 0 
7fbd1527d000-7fbd16d8d000 ---p 00000000 00:00 0 
7fbd16d8d000-7fbd1727d000 rw-p 00000000 00:00 0 
7fbd1727d000-7fbd18d8d000 ---p 00000000 00:00 0 
7fbd18d8d000-7fbd18dc9000 rw-p 00000000 00:00 0 
7fbd18dc9000-7fbd1b5e9000 rwxp 00000000 00:00 0 
7fbd1b5e9000-7fbd20228000 ---p 00000000 00:00 0 
7fbd20228000-7fbd205f8000 rwxp 00000000 00:00 0 
7fbd205f8000-7fbd20969000 ---p 00000000 00:00 0 
7fbd20969000-7fbd21c89000 rwxp 00000000 00:00 0 
7fbd21c89000-7fbd27dc9000 ---p 00000000 00:00 0 
7fbd27dc9000-7fbd30000000 r--s 00000000 fd:02 2643697024                 /home/smobaraki/work/firesim/.conda-env/lib/jvm/lib/modules
7fbd30000000-7fbd32bef000 rw-p 00000000 00:00 0 
7fbd32bef000-7fbd34000000 ---p 00000000 00:00 0 
7fbd34001000-7fbd34002000 rw-p 00000000 00:00 0 
7fbd34002000-7fbd34004000 r--p 00000000 fd:02 4630201287                 /home/smobaraki/work/firesim/.conda-env/lib/jvm/lib/libmanagement_ext.so
7fbd34004000-7fbd34007000 r-xp 00002000 fd:02 4630201287                 /home/smobaraki/work/firesim/.conda-env/lib/jvm/lib/libmanagement_ext.so
7fbd34007000-7fbd34008000 r--p 00005000 fd:02 4630201287                 /home/smobaraki/work/firesim/.conda-env/lib/jvm/lib/libmanagement_ext.so
7fbd34008000-7fbd34009000 r--p 00006000 fd:02 4630201287                 /home/smobaraki/work/firesim/.conda-env/lib/jvm/lib/libmanagement_ext.so
7fbd34009000-7fbd3400a000 rw-p 00007000 fd:02 4630201287                 /home/smobaraki/work/firesim/.conda-env/lib/jvm/lib/libmanagement_ext.so
7fbd3400a000-7fbd3400d000 r--p 00000000 fd:02 4630193689                 /home/smobaraki/work/firesim/.conda-env/lib/jvm/lib/libmanagement.so
7fbd3400d000-7fbd3400e000 r-xp 00003000 fd:02 4630193689                 /home/smobaraki/work/firesim/.conda-env/lib/jvm/lib/libmanagement.so
7fbd3400e000-7fbd3400f000 r--p 00004000 fd:02 4630193689                 /home/smobaraki/work/firesim/.conda-env/lib/jvm/lib/libmanagement.so
7fbd3400f000-7fbd34010000 r--p 00004000 fd:02 4630193689                 /home/smobaraki/work/firesim/.conda-env/lib/jvm/lib/libmanagement.so
7fbd34010000-7fbd34011000 rw-p 00005000 fd:02 4630193689                 /home/smobaraki/work/firesim/.conda-env/lib/jvm/lib/libmanagement.so
7fbd34011000-7fbd34012000 r--p 00000000 fd:02 4630175207                 /home/smobaraki/work/firesim/.conda-env/lib/jvm/lib/libextnet.so
7fbd34012000-7fbd34013000 r-xp 00001000 fd:02 4630175207                 /home/smobaraki/work/firesim/.conda-env/lib/jvm/lib/libextnet.so
7fbd34013000-7fbd34014000 r--p 00002000 fd:02 4630175207                 /home/smobaraki/work/firesim/.conda-env/lib/jvm/lib/libextnet.so
7fbd34014000-7fbd34015000 r--p 00002000 fd:02 4630175207                 /home/smobaraki/work/firesim/.conda-env/lib/jvm/lib/libextnet.so
7fbd34015000-7fbd34016000 rw-p 00003000 fd:02 4630175207                 /home/smobaraki/work/firesim/.conda-env/lib/jvm/lib/libextnet.so
7fbd34016000-7fbd3401a000 ---p 00000000 00:00 0 
7fbd3401a000-7fbd34038000 rw-p 00000000 00:00 0 
7fbd34038000-7fbd3403d000 r--p 00000000 fd:02 4630201250                 /home/smobaraki/work/firesim/.conda-env/lib/jvm/lib/libverify.so
7fbd3403d000-7fbd34044000 r-xp 00005000 fd:02 4630201250                 /home/smobaraki/work/firesim/.conda-env/lib/jvm/lib/libverify.so
7fbd34044000-7fbd34046000 r--p 0000c000 fd:02 4630201250                 /home/smobaraki/work/firesim/.conda-env/lib/jvm/lib/libverify.so
7fbd34046000-7fbd34048000 r--p 0000d000 fd:02 4630201250                 /home/smobaraki/work/firesim/.conda-env/lib/jvm/lib/libverify.so
7fbd34048000-7fbd34049000 rw-p 0000f000 fd:02 4630201250                 /home/smobaraki/work/firesim/.conda-env/lib/jvm/lib/libverify.so
7fbd34049000-7fbd3404b000 r--p 00000000 fd:02 4630201282                 /home/smobaraki/work/firesim/.conda-env/lib/jvm/lib/libzip.so
7fbd3404b000-7fbd3404f000 r-xp 00002000 fd:02 4630201282                 /home/smobaraki/work/firesim/.conda-env/lib/jvm/lib/libzip.so
7fbd3404f000-7fbd34051000 r--p 00006000 fd:02 4630201282                 /home/smobaraki/work/firesim/.conda-env/lib/jvm/lib/libzip.so
7fbd34051000-7fbd34052000 r--p 00007000 fd:02 4630201282                 /home/smobaraki/work/firesim/.conda-env/lib/jvm/lib/libzip.so
7fbd34052000-7fbd34053000 rw-p 00008000 fd:02 4630201282                 /home/smobaraki/work/firesim/.conda-env/lib/jvm/lib/libzip.so
7fbd34053000-7fbd34659000 rw-p 00000000 00:00 0 
7fbd34659000-7fbd3465a000 ---p 00000000 00:00 0 
7fbd3465a000-7fbd3475b000 rw-p 00000000 00:00 0 
7fbd3475b000-7fbd3475c000 ---p 00000000 00:00 0 
7fbd3475c000-7fbd3485d000 rw-p 00000000 00:00 0 
7fbd3485d000-7fbd3485e000 ---p 00000000 00:00 0 
7fbd3485e000-7fbd34ed8000 rw-p 00000000 00:00 0 
7fbd34ed8000-7fbd369e8000 ---p 00000000 00:00 0 
7fbd369e8000-7fbd377d9000 rw-p 00000000 00:00 0 
7fbd377d9000-7fbd3789b000 ---p 00000000 00:00 0 
7fbd3789b000-7fbd378ec000 rw-p 00000000 00:00 0 
7fbd378ec000-7fbd37984000 ---p 00000000 00:00 0 
7fbd37984000-7fbd37990000 r-xp 00000000 fd:00 67140661                   /usr/lib64/libnss_files-2.17.so
7fbd37990000-7fbd37b8f000 ---p 0000c000 fd:00 67140661                   /usr/lib64/libnss_files-2.17.so
7fbd37b8f000-7fbd37b90000 r--p 0000b000 fd:00 67140661                   /usr/lib64/libnss_files-2.17.so
7fbd37b90000-7fbd37b91000 rw-p 0000c000 fd:00 67140661                   /usr/lib64/libnss_files-2.17.so
7fbd37b91000-7fbd37b97000 rw-p 00000000 00:00 0 
7fbd37b97000-7fbd37c98000 r-xp 00000000 fd:00 67140649                   /usr/lib64/libm-2.17.so
7fbd37c98000-7fbd37e97000 ---p 00101000 fd:00 67140649                   /usr/lib64/libm-2.17.so
7fbd37e97000-7fbd37e98000 r--p 00100000 fd:00 67140649                   /usr/lib64/libm-2.17.so
7fbd37e98000-7fbd37e99000 rw-p 00101000 fd:00 67140649                   /usr/lib64/libm-2.17.so
7fbd37e99000-7fbd37f3f000 r--p 00000000 fd:02 6539721022                 /home/smobaraki/work/firesim/.conda-env/lib/libstdc++.so.6.0.30
7fbd37f3f000-7fbd37fd3000 r-xp 000a6000 fd:02 6539721022                 /home/smobaraki/work/firesim/.conda-env/lib/libstdc++.so.6.0.30
7fbd37fd3000-7fbd3803b000 r--p 0013a000 fd:02 6539721022                 /home/smobaraki/work/firesim/.conda-env/lib/libstdc++.so.6.0.30
7fbd3803b000-7fbd38046000 r--p 001a1000 fd:02 6539721022                 /home/smobaraki/work/firesim/.conda-env/lib/libstdc++.so.6.0.30
7fbd38046000-7fbd3804a000 rw-p 001ac000 fd:02 6539721022                 /home/smobaraki/work/firesim/.conda-env/lib/libstdc++.so.6.0.30
7fbd3804a000-7fbd3804d000 rw-p 00000000 00:00 0 
7fbd3804d000-7fbd38054000 r-xp 00000000 fd:00 67113918                   /usr/lib64/librt-2.17.so
7fbd38054000-7fbd38253000 ---p 00007000 fd:00 67113918                   /usr/lib64/librt-2.17.so
7fbd38253000-7fbd38254000 r--p 00006000 fd:00 67113918                   /usr/lib64/librt-2.17.so
7fbd38254000-7fbd38255000 rw-p 00007000 fd:00 67113918                   /usr/lib64/librt-2.17.so
7fbd38255000-7fbd384d6000 r--p 00000000 fd:02 4630201240                 /home/smobaraki/work/firesim/.conda-env/lib/jvm/lib/server/libjvm.so
7fbd384d6000-7fbd391e1000 r-xp 00281000 fd:02 4630201240                 /home/smobaraki/work/firesim/.conda-env/lib/jvm/lib/server/libjvm.so
7fbd391e1000-7fbd3943a000 r--p 00f8c000 fd:02 4630201240                 /home/smobaraki/work/firesim/.conda-env/lib/jvm/lib/server/libjvm.so
7fbd3943a000-7fbd39502000 r--p 011e5000 fd:02 4630201240                 /home/smobaraki/work/firesim/.conda-env/lib/jvm/lib/server/libjvm.so
7fbd39502000-7fbd39538000 rw-p 012ad000 fd:02 4630201240                 /home/smobaraki/work/firesim/.conda-env/lib/jvm/lib/server/libjvm.so
7fbd39538000-7fbd39598000 rw-p 00000000 00:00 0 
7fbd39598000-7fbd395af000 r-xp 00000000 fd:00 67113909                   /usr/lib64/libpthread-2.17.so
7fbd395af000-7fbd397ae000 ---p 00017000 fd:00 67113909                   /usr/lib64/libpthread-2.17.so
7fbd397ae000-7fbd397af000 r--p 00016000 fd:00 67113909                   /usr/lib64/libpthread-2.17.so
7fbd397af000-7fbd397b0000 rw-p 00017000 fd:00 67113909                   /usr/lib64/libpthread-2.17.so
7fbd397b0000-7fbd397b4000 rw-p 00000000 00:00 0 
7fbd397b4000-7fbd397b6000 r-xp 00000000 fd:00 67140647                   /usr/lib64/libdl-2.17.so
7fbd397b6000-7fbd399b6000 ---p 00002000 fd:00 67140647                   /usr/lib64/libdl-2.17.so
7fbd399b6000-7fbd399b7000 r--p 00002000 fd:00 67140647                   /usr/lib64/libdl-2.17.so
7fbd399b7000-7fbd399b8000 rw-p 00003000 fd:00 67140647                   /usr/lib64/libdl-2.17.so
7fbd399b8000-7fbd39b7c000 r-xp 00000000 fd:00 67140641                   /usr/lib64/libc-2.17.so
7fbd39b7c000-7fbd39d7b000 ---p 001c4000 fd:00 67140641                   /usr/lib64/libc-2.17.so
7fbd39d7b000-7fbd39d7f000 r--p 001c3000 fd:00 67140641                   /usr/lib64/libc-2.17.so
7fbd39d7f000-7fbd39d81000 rw-p 001c7000 fd:00 67140641                   /usr/lib64/libc-2.17.so
7fbd39d81000-7fbd39d86000 rw-p 00000000 00:00 0 
7fbd39d86000-7fbd39da8000 r-xp 00000000 fd:00 67140633                   /usr/lib64/ld-2.17.so
7fbd39da8000-7fbd39da9000 r--p 00000000 00:00 0 
7fbd39da9000-7fbd39daa000 rw-p 00000000 00:00 0 
7fbd39daa000-7fbd39dab000 r-xp 00000000 fd:00 134566786                  /tmp/qpPooW (deleted)
7fbd39dab000-7fbd39dac000 rw-p 00000000 00:00 0 
7fbd39dac000-7fbd39daf000 r--p 00000000 fd:02 4630175309                 /home/smobaraki/work/firesim/.conda-env/lib/jvm/lib/libnet.so
7fbd39daf000-7fbd39db6000 r-xp 00003000 fd:02 4630175309                 /home/smobaraki/work/firesim/.conda-env/lib/jvm/lib/libnet.so
7fbd39db6000-7fbd39db8000 r--p 0000a000 fd:02 4630175309                 /home/smobaraki/work/firesim/.conda-env/lib/jvm/lib/libnet.so
7fbd39db8000-7fbd39db9000 r--p 0000b000 fd:02 4630175309                 /home/smobaraki/work/firesim/.conda-env/lib/jvm/lib/libnet.so
7fbd39db9000-7fbd39dba000 rw-p 0000c000 fd:02 4630175309                 /home/smobaraki/work/firesim/.conda-env/lib/jvm/lib/libnet.so
7fbd39dba000-7fbd39dc2000 r--p 00000000 fd:02 4630201094                 /home/smobaraki/work/firesim/.conda-env/lib/jvm/lib/libnio.so
7fbd39dc2000-7fbd39dcb000 r-xp 00008000 fd:02 4630201094                 /home/smobaraki/work/firesim/.conda-env/lib/jvm/lib/libnio.so
7fbd39dcb000-7fbd39dcf000 r--p 00011000 fd:02 4630201094                 /home/smobaraki/work/firesim/.conda-env/lib/jvm/lib/libnio.so
7fbd39dcf000-7fbd39dd0000 r--p 00015000 fd:02 4630201094                 /home/smobaraki/work/firesim/.conda-env/lib/jvm/lib/libnio.so
7fbd39dd0000-7fbd39dd1000 rw-p 00016000 fd:02 4630201094                 /home/smobaraki/work/firesim/.conda-env/lib/jvm/lib/libnio.so
7fbd39dd1000-7fbd39e12000 rw-p 00000000 00:00 0 
7fbd39e12000-7fbd39e20000 r--p 00000000 fd:02 4630175421                 /home/smobaraki/work/firesim/.conda-env/lib/jvm/lib/libjava.so
7fbd39e20000-7fbd39e32000 r-xp 0000e000 fd:02 4630175421                 /home/smobaraki/work/firesim/.conda-env/lib/jvm/lib/libjava.so
7fbd39e32000-7fbd39e38000 r--p 00020000 fd:02 4630175421                 /home/smobaraki/work/firesim/.conda-env/lib/jvm/lib/libjava.so
7fbd39e38000-7fbd39e39000 r--p 00026000 fd:02 4630175421                 /home/smobaraki/work/firesim/.conda-env/lib/jvm/lib/libjava.so
7fbd39e39000-7fbd39e3a000 rw-p 00027000 fd:02 4630175421                 /home/smobaraki/work/firesim/.conda-env/lib/jvm/lib/libjava.so
7fbd39e3a000-7fbd39e3b000 rw-p 00000000 00:00 0 
7fbd39e3b000-7fbd39e3f000 ---p 00000000 00:00 0 
7fbd39e3f000-7fbd39f3c000 rw-p 00000000 00:00 0 
7fbd39f3c000-7fbd39f40000 r--p 00000000 fd:02 2414769839                 /home/smobaraki/work/firesim/.conda-env/lib/libgcc_s.so.1
7fbd39f40000-7fbd39f50000 r-xp 00004000 fd:02 2414769839                 /home/smobaraki/work/firesim/.conda-env/lib/libgcc_s.so.1
7fbd39f50000-7fbd39f53000 r--p 00014000 fd:02 2414769839                 /home/smobaraki/work/firesim/.conda-env/lib/libgcc_s.so.1
7fbd39f53000-7fbd39f54000 r--p 00016000 fd:02 2414769839                 /home/smobaraki/work/firesim/.conda-env/lib/libgcc_s.so.1
7fbd39f54000-7fbd39f55000 rw-p 00017000 fd:02 2414769839                 /home/smobaraki/work/firesim/.conda-env/lib/libgcc_s.so.1
7fbd39f55000-7fbd39f59000 rw-p 00000000 00:00 0 
7fbd39f59000-7fbd39f5c000 r--p 00000000 fd:02 4447396747                 /home/smobaraki/work/firesim/.conda-env/lib/libz.so.1.2.13
7fbd39f5c000-7fbd39f6a000 r-xp 00003000 fd:02 4447396747                 /home/smobaraki/work/firesim/.conda-env/lib/libz.so.1.2.13
7fbd39f6a000-7fbd39f71000 r--p 00011000 fd:02 4447396747                 /home/smobaraki/work/firesim/.conda-env/lib/libz.so.1.2.13
7fbd39f71000-7fbd39f72000 r--p 00017000 fd:02 4447396747                 /home/smobaraki/work/firesim/.conda-env/lib/libz.so.1.2.13
7fbd39f72000-7fbd39f73000 rw-p 00018000 fd:02 4447396747                 /home/smobaraki/work/firesim/.conda-env/lib/libz.so.1.2.13
7fbd39f73000-7fbd39f7c000 rw-p 00000000 00:00 0 
7fbd39f7c000-7fbd39f83000 ---p 00000000 00:00 0 
7fbd39f83000-7fbd39f8b000 rw-s 00000000 fd:00 273940064                  /tmp/hsperfdata_smobaraki/8452
7fbd39f8b000-7fbd39f8c000 ---p 00000000 00:00 0 
7fbd39f8c000-7fbd39f8d000 r--p 00000000 00:00 0 
7fbd39f8d000-7fbd39f8e000 ---p 00000000 00:00 0 
7fbd39f8e000-7fbd39f90000 r--p 00000000 fd:02 4630175252                 /home/smobaraki/work/firesim/.conda-env/lib/jvm/lib/libjimage.so
7fbd39f90000-7fbd39f92000 r-xp 00002000 fd:02 4630175252                 /home/smobaraki/work/firesim/.conda-env/lib/jvm/lib/libjimage.so
7fbd39f92000-7fbd39f93000 r--p 00004000 fd:02 4630175252                 /home/smobaraki/work/firesim/.conda-env/lib/jvm/lib/libjimage.so
7fbd39f93000-7fbd39f94000 r--p 00005000 fd:02 4630175252                 /home/smobaraki/work/firesim/.conda-env/lib/jvm/lib/libjimage.so
7fbd39f94000-7fbd39f95000 rw-p 00006000 fd:02 4630175252                 /home/smobaraki/work/firesim/.conda-env/lib/jvm/lib/libjimage.so
7fbd39f95000-7fbd39f98000 r--p 00000000 fd:02 4630193633                 /home/smobaraki/work/firesim/.conda-env/lib/jvm/lib/libjli.so
7fbd39f98000-7fbd39fa1000 r-xp 00003000 fd:02 4630193633                 /home/smobaraki/work/firesim/.conda-env/lib/jvm/lib/libjli.so
7fbd39fa1000-7fbd39fa4000 r--p 0000c000 fd:02 4630193633                 /home/smobaraki/work/firesim/.conda-env/lib/jvm/lib/libjli.so
7fbd39fa4000-7fbd39fa5000 r--p 0000e000 fd:02 4630193633                 /home/smobaraki/work/firesim/.conda-env/lib/jvm/lib/libjli.so
7fbd39fa5000-7fbd39fa6000 rw-p 0000f000 fd:02 4630193633                 /home/smobaraki/work/firesim/.conda-env/lib/jvm/lib/libjli.so
7fbd39fa6000-7fbd39fa7000 rw-p 00000000 00:00 0 
7fbd39fa7000-7fbd39fa8000 r--p 00021000 fd:00 67140633                   /usr/lib64/ld-2.17.so
7fbd39fa8000-7fbd39fa9000 rw-p 00022000 fd:00 67140633                   /usr/lib64/ld-2.17.so
7fbd39fa9000-7fbd39faa000 rw-p 00000000 00:00 0 
7fff085b6000-7fff085d9000 rw-p 00000000 00:00 0                          [stack]
7fff085e2000-7fff085e4000 r-xp 00000000 00:00 0                          [vdso]
ffffffffff600000-ffffffffff601000 r-xp 00000000 00:00 0                  [vsyscall]


VM Arguments:
jvm_args: -Xmx16G -Xss8M -Djava.io.tmpdir=/home/smobaraki/work/firesim/sim/.java_tmp 
java_command: /home/smobaraki/work/firesim/target-design/chipyard/generators/rocket-chip/sbt-launch.jar -Dsbt.ivy.home=/home/smobaraki/work/firesim/sim/.ivy2 -Dsbt.global.base=/home/smobaraki/work/firesim/sim/.sbt -Dsbt.boot.directory=/home/smobaraki/work/firesim/sim/.sbt/boot/ -Dsbt.color=always -Dsbt.supershell=false -Dsbt.server.forcestart=true ;project firesim; set assembly / assemblyOutputPath := file("/home/smobaraki/work/firesim/sim/generated-src/firesim-main.jar"); assembly
java_class_path (initial): /home/smobaraki/work/firesim/target-design/chipyard/generators/rocket-chip/sbt-launch.jar
Launcher Type: SUN_STANDARD

[Global flags]
     intx CICompilerCount                          = 12                                        {product} {ergonomic}
     uint ConcGCThreads                            = 3                                         {product} {ergonomic}
     uint G1ConcRefinementThreads                  = 13                                        {product} {ergonomic}
   size_t G1HeapRegionSize                         = 8388608                                   {product} {ergonomic}
    uintx GCDrainStackTargetSize                   = 64                                        {product} {ergonomic}
   size_t InitialHeapSize                          = 2105540608                                {product} {ergonomic}
   size_t MarkStackSize                            = 4194304                                   {product} {ergonomic}
   size_t MaxHeapSize                              = 17179869184                               {product} {command line}
   size_t MaxNewSize                               = 10301210624                               {product} {ergonomic}
   size_t MinHeapDeltaBytes                        = 8388608                                   {product} {ergonomic}
   size_t MinHeapSize                              = 8388608                                   {product} {ergonomic}
    uintx NonNMethodCodeHeapSize                   = 7602480                                {pd product} {ergonomic}
    uintx NonProfiledCodeHeapSize                  = 122027880                              {pd product} {ergonomic}
    uintx ProfiledCodeHeapSize                     = 122027880                              {pd product} {ergonomic}
    uintx ReservedCodeCacheSize                    = 251658240                              {pd product} {ergonomic}
     bool SegmentedCodeCache                       = true                                      {product} {ergonomic}
   size_t SoftMaxHeapSize                          = 17179869184                            {manageable} {ergonomic}
     intx ThreadStackSize                          = 8192                                   {pd product} {command line}
     bool UseCompressedClassPointers               = true                           {product lp64_product} {ergonomic}
     bool UseCompressedOops                        = true                           {product lp64_product} {ergonomic}
     bool UseG1GC                                  = true                                      {product} {ergonomic}

Logging:
Log output configuration:
 #0: stdout all=warning uptime,level,tags foldmultilines=false
 #1: stderr all=off uptime,level,tags foldmultilines=false

Environment Variables:
JAVA_HOME=/home/smobaraki/work/firesim/.conda-env/lib/jvm
JAVA_TOOL_OPTIONS=-Xmx16G -Xss8M -Djava.io.tmpdir=/home/smobaraki/work/firesim/sim/.java_tmp
PATH=/home/smobaraki/work/firesim/utils/fireperf:/home/smobaraki/work/firesim/utils/fireperf/FlameGraph:/home/smobaraki/work/firesim/sw/firesim-software:/home/smobaraki/work/firesim/.conda-env/riscv-tools/bin:/home/smobaraki/work/firesim/.conda-env/bin:/home/smobaraki/work/firesim/utils/fireperf:/home/smobaraki/work/firesim/utils/fireperf/FlameGraph:/home/smobaraki/work/firesim/sw/firesim-software:/home/smobaraki/work/firesim/.conda-env/riscv-tools/bin:/home/smobaraki/work/firesim/utils/fireperf:/home/smobaraki/work/firesim/utils/fireperf/FlameGraph:/home/smobaraki/work/firesim/sw/firesim-software:/home/smobaraki/work/firesim/.conda-env/riscv-tools/bin:/home/Xilinx/Vitis_HLS/2021.1/bin:/home/Xilinx/Vivado/2021.1/bin:/home/Xilinx/Model_Composer/2021.1/bin:/home/Xilinx/Vitis/2021.1/bin:/home/Xilinx/Vitis/2021.1/gnu/microblaze/lin/bin:/home/Xilinx/Vitis/2021.1/gnu/arm/lin/bin:/home/Xilinx/Vitis/2021.1/gnu/microblaze/linux_toolchain/lin64_le/bin:/home/Xilinx/Vitis/2021.1/gnu/aarch32/lin/gcc-arm-linux-gnueabi/bin:/home/Xilinx/Vitis/2021.1/gnu/aarch32/lin/gcc-arm-none-eabi/bin:/home/Xilinx/Vitis/2021.1/gnu/aarch64/lin/aarch64-linux/bin:/home/Xilinx/Vitis/2021.1/gnu/aarch64/lin/aarch64-none/bin:/home/Xilinx/Vitis/2021.1/gnu/armr5/lin/gcc-arm-none-eabi/bin:/home/Xilinx/Vitis/2021.1/tps/lnx64/cmake-3.3.2/bin:/home/Xilinx/Vitis/2021.1/aietools/bin:/home/Xilinx/Vivado_Lab/2023.1/bin:/home/smobaraki/.vscode-server/cli/servers/Stable-e10f2369d0d9614a452462f2e01cdc4aa9486296/server/bin/remote-cli:/home/Xilinx/Vitis_HLS/2021.1/bin:/home/Xilinx/Vivado/2021.1/bin:/home/Xilinx/Model_Composer/2021.1/bin:/home/Xilinx/Vitis/2021.1/bin:/home/Xilinx/Vitis/2021.1/gnu/microblaze/lin/bin:/home/Xilinx/Vitis/2021.1/gnu/arm/lin/bin:/home/Xilinx/Vitis/2021.1/gnu/microblaze/linux_toolchain/lin64_le/bin:/home/Xilinx/Vitis/2021.1/gnu/aarch32/lin/gcc-arm-linux-gnueabi/bin:/home/Xilinx/Vitis/2021.1/gnu/aarch32/lin/gcc-arm-none-eabi/bin:/home/Xilinx/Vitis/2021.1/gnu/aarch64/lin/aarch64-linux/bin:/home/Xilinx/Vitis/2021.1/gnu/aarch64/lin/aarch64-none/bin:/home/Xilinx/Vitis/2021.1/gnu/armr5/lin/gcc-arm-none-eabi/bin:/home/Xilinx/Vitis/2021.1/tps/lnx64/cmake-3.3.2/bin:/home/Xilinx/Vitis/2021.1/aietools/bin:/home/Xilinx/Vivado_Lab/2023.1/bin:/home/smobaraki/work/firesim/.conda-env/bin:/home/smobaraki/conda/condabin:/home/Xilinx/Vitis_HLS/2021.1/bin:/home/Xilinx/Vivado/2021.1/bin:/home/Xilinx/Model_Composer/2021.1/bin:/home/Xilinx/Vitis/2021.1/bin:/home/Xilinx/Vitis/2021.1/gnu/microblaze/lin/bin:/home/Xilinx/Vitis/2021.1/gnu/arm/lin/bin:/home/Xilinx/Vitis/2021.1/gnu/microblaze/linux_toolchain/lin64_le/bin:/home/Xilinx/Vitis/2021.1/gnu/aarch32/lin/gcc-arm-linux-gnueabi/bin:/home/Xilinx/Vitis/2021.1/gnu/aarch32/lin/gcc-arm-none-eabi/bin:/home/Xilinx/Vitis/2021.1/gnu/aarch64/lin/aarch64-linux/bin:/home/Xilinx/Vitis/2021.1/gnu/aarch64/lin/aarch64-none/bin:/home/Xilinx/Vitis/2021.1/gnu/armr5/lin/gcc-arm-none-eabi/bin:/home/Xilinx/Vitis/2021.1/tps/lnx64/cmake-3.3.2/bin:/home/Xilinx/Vitis/2021.1/aietools/bin:/home/Xilinx/Vivado_Lab/2023.1/bin:/usr/lib64/qt-3.3/bin:/usr/local/bin:/usr/bin:/var/lib/snapd/snap/bin:/usr/local/sbin:/usr/sbin:/home/smobaraki/.local/bin:/home/smobaraki/bin:/home/smobaraki/work/firesim/deploy:/home/smobaraki/work/firesim/deploy:/home/smobaraki/work/firesim/deploy
LD_LIBRARY_PATH=/home/smobaraki/work/firesim/.conda-env/riscv-tools/lib:/home/smobaraki/work/firesim/.conda-env/riscv-tools/lib
SHELL=/bin/bash
LANG=en_US.utf8
TERM=vt100

Active Locale:
LC_ALL=en_US.utf8
LC_COLLATE=en_US.utf8
LC_CTYPE=en_US.utf8
LC_MESSAGES=en_US.utf8
LC_MONETARY=en_US.utf8
LC_NUMERIC=en_US.utf8
LC_TIME=en_US.utf8

Signal Handlers:
   SIGSEGV: crash_handler in libjvm.so, mask=11100100010111111101111111111110, flags=SA_RESTART|SA_SIGINFO, unblocked
    SIGBUS: crash_handler in libjvm.so, mask=11100100010111111101111111111110, flags=SA_RESTART|SA_SIGINFO, unblocked
    SIGFPE: crash_handler in libjvm.so, mask=11100100010111111101111111111110, flags=SA_RESTART|SA_SIGINFO, unblocked
   SIGPIPE: javaSignalHandler in libjvm.so, mask=11100100010111111101111111111110, flags=SA_RESTART|SA_SIGINFO, unblocked
   SIGXFSZ: javaSignalHandler in libjvm.so, mask=11100100010111111101111111111110, flags=SA_RESTART|SA_SIGINFO, unblocked
    SIGILL: crash_handler in libjvm.so, mask=11100100010111111101111111111110, flags=SA_RESTART|SA_SIGINFO, unblocked
   SIGUSR2: SR_handler in libjvm.so, mask=00000000000000000000000000000000, flags=SA_RESTART|SA_SIGINFO, unblocked
    SIGHUP: UserHandler in libjvm.so, mask=11100100010111111101111111111110, flags=SA_RESTART|SA_SIGINFO, unblocked
    SIGINT: UserHandler in libjvm.so, mask=11100100010111111101111111111110, flags=SA_RESTART|SA_SIGINFO, unblocked
   SIGTERM: UserHandler in libjvm.so, mask=11100100010111111101111111111110, flags=SA_RESTART|SA_SIGINFO, unblocked
   SIGQUIT: UserHandler in libjvm.so, mask=11100100010111111101111111111110, flags=SA_RESTART|SA_SIGINFO, unblocked
   SIGTRAP: crash_handler in libjvm.so, mask=11100100010111111101111111111110, flags=SA_RESTART|SA_SIGINFO, unblocked


---------------  S Y S T E M  ---------------

OS:
CentOS Linux release 7.9.2009 (Core)
uname: Linux 3.10.0-1160.99.1.el7.x86_64 #1 SMP Wed Sep 13 14:19:20 UTC 2023 x86_64
OS uptime: 4 days 1:09 hours
libc: glibc 2.17 NPTL 2.17 
rlimit (soft/hard): STACK 8192k/infinity , CORE 0k/infinity , NPROC 4096/513338 , NOFILE 16384/16384 , AS infinity/infinity , CPU infinity/infinity , DATA infinity/infinity , FSIZE infinity/infinity , MEMLOCK 64k/64k
load average: 6.22 2.80 1.92

/proc/meminfo:
MemTotal:       131448804 kB
MemFree:          737864 kB
MemAvailable:    1521856 kB
Buffers:               0 kB
Cached:          1135628 kB
SwapCached:       143592 kB
Active:         120029072 kB
Inactive:        8191880 kB
Active(anon):   119222956 kB
Inactive(anon):  7878896 kB
Active(file):     806116 kB
Inactive(file):   312984 kB
Unevictable:           0 kB
Mlocked:               0 kB
SwapTotal:      21192700 kB
SwapFree:            100 kB
Dirty:                16 kB
Writeback:             0 kB
AnonPages:      126942244 kB
Mapped:            73680 kB
Shmem:             16528 kB
Slab:             501372 kB
SReclaimable:     290904 kB
SUnreclaim:       210468 kB
KernelStack:       12816 kB
PageTables:       307144 kB
NFS_Unstable:          0 kB
Bounce:                0 kB
WritebackTmp:          0 kB
CommitLimit:    86917100 kB
Committed_AS:   149885224 kB
VmallocTotal:   34359738367 kB
VmallocUsed:      674068 kB
VmallocChunk:   34291822588 kB
Percpu:            67200 kB
HardwareCorrupted:     0 kB
AnonHugePages:     94208 kB
CmaTotal:              0 kB
CmaFree:               0 kB
HugePages_Total:       0
HugePages_Free:        0
HugePages_Rsvd:        0
HugePages_Surp:        0
Hugepagesize:       2048 kB
DirectMap4k:      519316 kB
DirectMap2M:    65157120 kB
DirectMap1G:    70254592 kB

/sys/kernel/mm/transparent_hugepage/enabled: [always] madvise never
/sys/kernel/mm/transparent_hugepage/defrag (defrag/compaction efforts parameter): [always] madvise never

Process Memory:
Virtual Size: 23949204K (peak: 26537860K)
Resident Set Size: 3508972K (peak: 3508972K) (anon: 3483836K, file: 25132K, shmem: 4K)
Swapped out: 0K
C-Heap outstanding allocations: 506708K, retained: 310303K (may have wrapped)
glibc malloc tunables: (default)

/proc/sys/kernel/threads-max (system-wide limit on the number of threads): 1026677
/proc/sys/vm/max_map_count (maximum number of memory map areas a process may have): 65530
/proc/sys/kernel/pid_max (system-wide limit on number of process identifiers): 245760

container (cgroup) information:
container_type: cgroupv1
cpu_cpuset_cpus: 0-15
cpu_memory_nodes: 0-1
active_processor_count: 16
cpu_quota: no quota
cpu_period: 100000
cpu_shares: no shares
memory_limit_in_bytes: unlimited
memory_and_swap_limit_in_bytes: unlimited
memory_soft_limit_in_bytes: unlimited
memory_usage_in_bytes: 127905744 k
memory_max_usage_in_bytes: 128611208 k
kernel_memory_usage_in_bytes: unlimited
kernel_memory_max_usage_in_bytes: unlimited
kernel_memory_limit_in_bytes: unlimited
maximum number of tasks: unlimited
current number of tasks: 189

Steal ticks since vm start: 0
Steal ticks percentage since vm start:  0.000

CPU: total 16 (initial active 16) (4 cores per cpu, 2 threads per core) family 6 model 85 stepping 4 microcode 0x2007006, cx8, cmov, fxsr, ht, mmx, 3dnowpref, sse, sse2, sse3, ssse3, sse4.1, sse4.2, popcnt, lzcnt, tsc, tscinvbit, avx, avx2, aes, erms, clmul, bmi1, bmi2, rtm, adx, fma, vzeroupper, clflush, clflushopt, clwb, rdtscp, f16c, pku, ospke
CPU Model and flags from /proc/cpuinfo:
model name	: Intel(R) Xeon(R) Silver 4112 CPU @ 2.60GHz
flags		: fpu vme de pse tsc msr pae mce cx8 apic sep mtrr pge mca cmov pat pse36 clflush dts acpi mmx fxsr sse sse2 ss ht tm pbe syscall nx pdpe1gb rdtscp lm constant_tsc art arch_perfmon pebs bts rep_good nopl xtopology nonstop_tsc aperfmperf eagerfpu pni pclmulqdq dtes64 monitor ds_cpl vmx smx est tm2 ssse3 sdbg fma cx16 xtpr pdcm pcid dca sse4_1 sse4_2 x2apic movbe popcnt tsc_deadline_timer aes xsave avx f16c rdrand lahf_lm abm 3dnowprefetch epb cat_l3 cdp_l3 invpcid_single intel_ppin ssbd mba rsb_ctxsw ibrs ibpb stibp tpr_shadow vnmi flexpriority ept vpid fsgsbase tsc_adjust bmi1 hle avx2 smep bmi2 erms invpcid rtm cqm mpx rdt_a avx512f avx512dq rdseed adx smap clflushopt clwb intel_pt avx512cd avx512bw avx512vl xsaveopt xsavec xgetbv1 cqm_llc cqm_occup_llc cqm_mbm_total cqm_mbm_local dtherm ida arat pln pts pku ospke md_clear spec_ctrl intel_stibp flush_l1d arch_capabilities

Online cpus: 0-15
Offline cpus: 16-239
BIOS frequency limitation: <Not Available>
Frequency switch latency (ns): <Not Available>
Available cpu frequencies: <Not Available>
Current governor: <Not Available>
Core performance/turbo boost: <Not Available>

Memory: 4k page, physical 131448804k(737368k free), swap 21192700k(100k free)
Page Sizes: 4k

vm_info: OpenJDK 64-Bit Server VM (20-internal-adhoc..src) for linux-amd64 JRE (20-internal-adhoc..src), built on 2023-05-31T09:27:40Z by "" with gcc 12.2.0

END.
