#
# There is insufficient memory for the Java Runtime Environment to continue.
# Native memory allocation (mmap) failed to map 3204448256 bytes for committing reserved memory.
# Possible reasons:
#   The system is out of physical RAM or swap space
#   The process is running with CompressedOops enabled, and the Java Heap may be blocking the growth of the native heap
# Possible solutions:
#   Reduce memory load on the system
#   Increase physical memory or swap space
#   Check if swap backing store is full
#   Decrease Java heap size (-Xmx/-Xms)
#   Decrease number of Java threads
#   Decrease Java thread stack sizes (-Xss)
#   Set larger code cache with -XX:ReservedCodeCacheSize=
#   JVM is running with Zero Based Compressed Oops mode in which the Java heap is
#     placed in the first 32GB address space. The Java Heap base address is the
#     maximum limit for the native heap growth. Please use -XX:HeapBaseMinAddress
#     to set the Java Heap base and to place the Java Heap above 32GB virtual address.
# This output file may be truncated or incomplete.
#
#  Out of Memory Error (os_linux.cpp:2643), pid=7680, tid=7688
#
# JRE version: OpenJDK Runtime Environment (20.0) (build 20-internal-adhoc..src)
# Java VM: OpenJDK 64-Bit Server VM (20-internal-adhoc..src, mixed mode, sharing, tiered, compressed oops, compressed class ptrs, g1 gc, linux-amd64)
# Core dump will be written. Default location: Core dumps may be processed with "/usr/libexec/abrt-hook-ccpp %s %c %p %u %g %t e %P %I %h" (or dumping to /home/smobaraki/work/firesim/sim/core.7680)
#

---------------  S U M M A R Y ------------

Command Line: -Xmx16G -Xss8M -Djava.io.tmpdir=/home/smobaraki/work/firesim/sim/.java_tmp /home/smobaraki/work/firesim/target-design/chipyard/generators/rocket-chip/sbt-launch.jar -Dsbt.ivy.home=/home/smobaraki/work/firesim/sim/.ivy2 -Dsbt.global.base=/home/smobaraki/work/firesim/sim/.sbt -Dsbt.boot.directory=/home/smobaraki/work/firesim/sim/.sbt/boot/ -Dsbt.color=always -Dsbt.supershell=false -Dsbt.server.forcestart=true ;project firesim; set assembly / assemblyOutputPath := file("/home/smobaraki/work/firesim/sim/generated-src/firesim-main.jar"); assembly

Host: Intel(R) Xeon(R) Silver 4112 CPU @ 2.60GHz, 16 cores, 125G, CentOS Linux release 7.9.2009 (Core)
Time: Mon Oct 14 15:40:01 2024 CEST elapsed time: 28.019269 seconds (0d 0h 0m 28s)

---------------  T H R E A D  ---------------

Current thread (0x00007f731819b5a0):  VMThread "VM Thread" [stack: 0x00007f72db7a6000,0x00007f72db8a6000] [id=7688]

Stack: [0x00007f72db7a6000,0x00007f72db8a6000],  sp=0x00007f72db8a3b80,  free space=1014k
Native frames: (J=compiled Java code, j=interpreted, Vv=VM code, C=native code)
V  [libjvm.so+0xf117a4]  VMError::report_and_die(int, char const*, char const*, __va_list_tag*, Thread*, unsigned char*, void*, void*, char const*, int, unsigned long)+0x1a4  (os_linux.cpp:2643)
V  [libjvm.so+0xf126bd]  VMError::report_and_die(Thread*, char const*, int, unsigned long, VMErrorType, char const*, __va_list_tag*)+0x2d
V  [libjvm.so+0x64daef]  report_vm_out_of_memory(char const*, int, unsigned long, VMErrorType, char const*, ...)+0xef
V  [libjvm.so+0xc2ca27]  os::pd_commit_memory_or_exit(char*, unsigned long, unsigned long, bool, char const*)+0xf7
V  [libjvm.so+0xc275ab]  os::commit_memory_or_exit(char*, unsigned long, unsigned long, bool, char const*)+0x2b
V  [libjvm.so+0x78a7ce]  G1PageBasedVirtualSpace::commit(unsigned long, unsigned long)+0x6e
V  [libjvm.so+0x79e704]  G1RegionsLargerThanCommitSizeMapper::commit_regions(unsigned int, unsigned long, WorkerThreads*)+0x104
V  [libjvm.so+0x8235bb]  HeapRegionManager::commit_regions(unsigned int, unsigned long, WorkerThreads*)+0x8b
V  [libjvm.so+0x82457c]  HeapRegionManager::expand(unsigned int, unsigned int, WorkerThreads*)+0x2c
V  [libjvm.so+0x8246f7]  HeapRegionManager::expand_by(unsigned int, WorkerThreads*)+0x77
V  [libjvm.so+0x74aaf2]  G1CollectedHeap::expand(unsigned long, WorkerThreads*, double*)+0xf2
V  [libjvm.so+0x74b503]  G1CollectedHeap::expand_heap_after_young_collection()+0x63
V  [libjvm.so+0x7c1862]  G1YoungCollector::post_evacuate_collection_set(G1EvacInfo*, G1ParScanThreadStateSet*)+0x262
V  [libjvm.so+0x7c1c8f]  G1YoungCollector::collect()+0x3ff
V  [libjvm.so+0x749260]  G1CollectedHeap::do_collection_pause_at_safepoint_helper()+0x110
V  [libjvm.so+0x749338]  G1CollectedHeap::do_collection_pause_at_safepoint()+0x28
V  [libjvm.so+0x7bf324]  VM_G1CollectForAllocation::doit()+0x44
V  [libjvm.so+0xf17e7e]  VM_Operation::evaluate()+0x10e
V  [libjvm.so+0xf1a5c3]  VMThread::evaluate_operation(VM_Operation*)+0xd3
V  [libjvm.so+0xf1b343]  VMThread::inner_execute(VM_Operation*)+0x3a3
V  [libjvm.so+0xf1b56f]  VMThread::run()+0xcf
V  [libjvm.so+0xe8f773]  Thread::call_run()+0xb3
V  [libjvm.so+0xc2f81d]  thread_native_entry(Thread*)+0xed
VM_Operation (0x00007f72027fb020): G1CollectForAllocation, mode: safepoint, requested by thread 0x00007f71f8000bc0


---------------  P R O C E S S  ---------------

Threads class SMR info:
_java_thread_list=0x00007f71a05afac0, length=74, elements={
0x00007f7318018460, 0x00007f73181a83c0, 0x00007f73181a9a10, 0x00007f73181ab610,
0x00007f73181acb60, 0x00007f73181ae0e0, 0x00007f73181afcc0, 0x00007f73181b1380,
0x00007f73181bf720, 0x00007f73181c39e0, 0x00007f73186480e0, 0x00007f7318649780,
0x00007f731864ab00, 0x00007f731864c100, 0x00007f731864d560, 0x00007f73188124e0,
0x00007f73187bc280, 0x00007f7318838650, 0x00007f7318944c70, 0x00007f7318b9bed0,
0x00007f7318d113a0, 0x00007f731948c580, 0x00007f720c0644d0, 0x00007f720c3d6ab0,
0x00007f7270071cc0, 0x00007f7270978f80, 0x00007f721020dfb0, 0x00007f71f8000bc0,
0x00007f71f0000bc0, 0x00007f71f4000bc0, 0x00007f71f0001d40, 0x00007f721042a290,
0x00007f71e8000bc0, 0x00007f71e0000bc0, 0x00007f71f4001d40, 0x00007f71f0002ee0,
0x00007f71ec000bc0, 0x00007f72183b0c00, 0x00007f7178030440, 0x00007f73186f6120,
0x00007f7318cdeb20, 0x00007f7318b73c30, 0x00007f7318b74eb0, 0x00007f73188f3fd0,
0x00007f73188f4cd0, 0x00007f7318ce2120, 0x00007f7318b27f90, 0x00007f7318a8acf0,
0x00007f7318a8b960, 0x00007f7318a8ec70, 0x00007f7318a8ff70, 0x00007f7319e2a170,
0x00007f7319e2b250, 0x00007f71b4025540, 0x00007f7319e265a0, 0x00007f7319e28590,
0x00007f7318b5aba0, 0x00007f7318b5c3d0, 0x00007f7319e28d00, 0x00007f7319e25bd0,
0x00007f7318b5f230, 0x00007f7318b60190, 0x00007f7318b61070, 0x00007f7318b61db0,
0x00007f73180206f0, 0x00007f7318021460, 0x00007f7318022100, 0x00007f7318022e80,
0x00007f7318023c00, 0x00007f71882b8090, 0x00007f729012b0a0, 0x00007f713c000bf0,
0x00007f7134000f00, 0x00007f71840164d0
}

Java Threads: ( => current thread )
  0x00007f7318018460 JavaThread "main" [_thread_blocked, id=7681, stack(0x00007f731f446000,0x00007f731f547000)]
  0x00007f73181a83c0 JavaThread "Reference Handler" daemon [_thread_blocked, id=7689, stack(0x00007f72dafa3000,0x00007f72db7a4000)]
  0x00007f73181a9a10 JavaThread "Finalizer" daemon [_thread_blocked, id=7690, stack(0x00007f72da7a2000,0x00007f72dafa3000)]
  0x00007f73181ab610 JavaThread "Signal Dispatcher" daemon [_thread_blocked, id=7691, stack(0x00007f72d9fa1000,0x00007f72da7a2000)]
  0x00007f73181acb60 JavaThread "Service Thread" daemon [_thread_blocked, id=7692, stack(0x00007f72d97a0000,0x00007f72d9fa1000)]
  0x00007f73181ae0e0 JavaThread "Monitor Deflation Thread" daemon [_thread_blocked, id=7693, stack(0x00007f72d8f9f000,0x00007f72d97a0000)]
  0x00007f73181afcc0 JavaThread "C2 CompilerThread0" daemon [_thread_blocked, id=7694, stack(0x00007f72d8e9e000,0x00007f72d8f9f000)]
  0x00007f73181b1380 JavaThread "C1 CompilerThread0" daemon [_thread_blocked, id=7695, stack(0x00007f72d8d9d000,0x00007f72d8e9e000)]
  0x00007f73181bf720 JavaThread "Notification Thread" daemon [_thread_blocked, id=7696, stack(0x00007f72d859c000,0x00007f72d8d9d000)]
  0x00007f73181c39e0 JavaThread "Common-Cleaner" daemon [_thread_blocked, id=7698, stack(0x00007f72c12bc000,0x00007f72c1abd000)]
  0x00007f73186480e0 JavaThread "pool-1-thread-1" [_thread_blocked, id=7703, stack(0x00007f72c0abb000,0x00007f72c12bc000)]
  0x00007f7318649780 JavaThread "pool-1-thread-2" [_thread_blocked, id=7704, stack(0x00007f72c02ba000,0x00007f72c0abb000)]
  0x00007f731864ab00 JavaThread "pool-1-thread-3" [_thread_blocked, id=7705, stack(0x00007f72837ff000,0x00007f7284000000)]
  0x00007f731864c100 JavaThread "pool-1-thread-4" [_thread_blocked, id=7707, stack(0x00007f72827fd000,0x00007f7282ffe000)]
  0x00007f731864d560 JavaThread "pool-1-thread-5" [_thread_blocked, id=7708, stack(0x00007f7281ffc000,0x00007f72827fd000)]
  0x00007f73188124e0 JavaThread "process reaper" daemon [_thread_blocked, id=7710, stack(0x00007f72e80d3000,0x00007f72e80f5000)]
  0x00007f73187bc280 JavaThread "JNA Cleaner" daemon [_thread_blocked, id=7711, stack(0x00007f72817fb000,0x00007f7281ffc000)]
  0x00007f7318838650 JavaThread "boot-server-socket-thread-1" [_thread_in_native, id=7712, stack(0x00007f7280ffa000,0x00007f72817fb000)]
  0x00007f7318944c70 JavaThread "sbt-console-input-reader" [_thread_blocked, id=7737, stack(0x00007f72272fa000,0x00007f7227afb000)]
  0x00007f7318b9bed0 JavaThread "classloader-cache-cleanup-0" daemon [_thread_blocked, id=7738, stack(0x00007f7226af9000,0x00007f72272fa000)]
  0x00007f7318d113a0 JavaThread "sbt-command-exchange-fastTrack" daemon [_thread_blocked, id=7745, stack(0x00007f7225f54000,0x00007f7226755000)]
  0x00007f731948c580 JavaThread "scala-execution-context-global-59" daemon [_thread_blocked, id=7753, stack(0x00007f7282ffe000,0x00007f72837ff000)]
  0x00007f720c0644d0 JavaThread "scala-execution-context-global-60" daemon [_thread_blocked, id=7754, stack(0x00007f7224d13000,0x00007f7225514000)]
  0x00007f720c3d6ab0 JavaThread "scala-execution-context-global-61" daemon [_thread_blocked, id=7755, stack(0x00007f7224512000,0x00007f7224d13000)]
  0x00007f7270071cc0 JavaThread "scala-execution-context-global-62" daemon [_thread_blocked, id=7756, stack(0x00007f72037ff000,0x00007f7204000000)]
  0x00007f7270978f80 JavaThread "scala-execution-context-global-63" daemon [_thread_blocked, id=7757, stack(0x00007f7202ffe000,0x00007f72037ff000)]
  0x00007f721020dfb0 JavaThread "scala-execution-context-global-64" daemon [_thread_blocked, id=7758, stack(0x00007f72027fd000,0x00007f7202ffe000)]
  0x00007f71f8000bc0 JavaThread "scala-execution-context-global-65" daemon [_thread_blocked, id=7759, stack(0x00007f7201ffc000,0x00007f72027fd000)]
  0x00007f71f0000bc0 JavaThread "scala-execution-context-global-66" daemon [_thread_blocked, id=7760, stack(0x00007f72017fb000,0x00007f7201ffc000)]
  0x00007f71f4000bc0 JavaThread "scala-execution-context-global-67" daemon [_thread_blocked, id=7761, stack(0x00007f7200ffa000,0x00007f72017fb000)]
  0x00007f71f0001d40 JavaThread "scala-execution-context-global-69" daemon [_thread_blocked, id=7762, stack(0x00007f72007f9000,0x00007f7200ffa000)]
  0x00007f721042a290 JavaThread "scala-execution-context-global-68" daemon [_thread_blocked, id=7763, stack(0x00007f71df7ff000,0x00007f71e0000000)]
  0x00007f71e8000bc0 JavaThread "scala-execution-context-global-70" daemon [_thread_blocked, id=7764, stack(0x00007f71deffe000,0x00007f71df7ff000)]
  0x00007f71e0000bc0 JavaThread "scala-execution-context-global-74" daemon [_thread_blocked, id=7765, stack(0x00007f71de7fd000,0x00007f71deffe000)]
  0x00007f71f4001d40 JavaThread "scala-execution-context-global-72" daemon [_thread_blocked, id=7766, stack(0x00007f71ddffc000,0x00007f71de7fd000)]
  0x00007f71f0002ee0 JavaThread "scala-execution-context-global-73" daemon [_thread_blocked, id=7767, stack(0x00007f71dd7fb000,0x00007f71ddffc000)]
  0x00007f71ec000bc0 JavaThread "scala-execution-context-global-71" daemon [_thread_blocked, id=7768, stack(0x00007f71dcffa000,0x00007f71dd7fb000)]
  0x00007f72183b0c00 JavaThread "JGit-FileStoreAttributeReader-1" daemon [_thread_blocked, id=7880, stack(0x00007f717d7fb000,0x00007f717dffc000)]
  0x00007f7178030440 JavaThread "JGit-WorkQueue" daemon [_thread_blocked, id=7881, stack(0x00007f717dffc000,0x00007f717e7fd000)]
  0x00007f73186f6120 JavaThread "FileSystemWatchService" daemon [_thread_in_native, id=7900, stack(0x00007f719d7fb000,0x00007f719dffc000)]
  0x00007f7318cdeb20 JavaThread "NioPathWatcher-loop-thread-1" daemon [_thread_blocked, id=7901, stack(0x00007f719cffa000,0x00007f719d7fb000)]
  0x00007f7318b73c30 JavaThread "com.swoval.files.SymlinkWather.callback-executor-1" [_thread_blocked, id=7902, stack(0x00007f71be7fd000,0x00007f71beffe000)]
  0x00007f7318b74eb0 JavaThread "FileTreeRepository-callback-executor-1" [_thread_blocked, id=7903, stack(0x00007f71beffe000,0x00007f71bf7ff000)]
  0x00007f73188f3fd0 JavaThread "FileSystemWatchService" daemon [_thread_blocked, id=7904, stack(0x00007f71dc7f9000,0x00007f71dcffa000)]
  0x00007f73188f4cd0 JavaThread "NioPathWatcher-loop-thread-2" daemon [_thread_blocked, id=7905, stack(0x00007f71bf7ff000,0x00007f71c0000000)]
  0x00007f7318ce2120 JavaThread "FileSystemWatchService" daemon [_thread_in_native, id=7907, stack(0x00007f71bdffc000,0x00007f71be7fd000)]
  0x00007f7318b27f90 JavaThread "NioPathWatcher-loop-thread-3" daemon [_thread_blocked, id=7908, stack(0x00007f71bd7fb000,0x00007f71bdffc000)]
  0x00007f7318a8acf0 JavaThread "com.swoval.files.SymlinkWather.callback-executor-1" [_thread_blocked, id=7909, stack(0x00007f71bcffa000,0x00007f71bd7fb000)]
  0x00007f7318a8b960 JavaThread "FileTreeRepository-callback-executor-1" [_thread_blocked, id=7910, stack(0x00007f71bc7f9000,0x00007f71bcffa000)]
  0x00007f7318a8ec70 JavaThread "FileSystemWatchService" daemon [_thread_blocked, id=7911, stack(0x00007f719f7ff000,0x00007f71a0000000)]
  0x00007f7318a8ff70 JavaThread "NioPathWatcher-loop-thread-4" daemon [_thread_blocked, id=7912, stack(0x00007f719effe000,0x00007f719f7ff000)]
  0x00007f7319e2a170 JavaThread "sbt-task-progress-report-thread" [_thread_blocked, id=7957, stack(0x00007f717cffa000,0x00007f717d7fb000)]
  0x00007f7319e2b250 JavaThread "pool-11-thread-1" [_thread_blocked, id=7958, stack(0x00007f717c7f9000,0x00007f717cffa000)]
  0x00007f71b4025540 JavaThread "sbt-progress-report-scheduler" [_thread_blocked, id=7959, stack(0x00007f717e7fd000,0x00007f717effe000)]
  0x00007f7319e265a0 JavaThread "pool-11-thread-2" [_thread_blocked, id=7960, stack(0x00007f719dffc000,0x00007f719e7fd000)]
  0x00007f7319e28590 JavaThread "pool-11-thread-3" [_thread_blocked, id=7961, stack(0x00007f719e7fd000,0x00007f719effe000)]
  0x00007f7318b5aba0 JavaThread "pool-11-thread-4" [_thread_blocked, id=7962, stack(0x00007f719c7f9000,0x00007f719cffa000)]
  0x00007f7318b5c3d0 JavaThread "pool-11-thread-5" [_thread_blocked, id=7963, stack(0x00007f717f7ff000,0x00007f7180000000)]
  0x00007f7319e28d00 JavaThread "pool-11-thread-6" [_thread_blocked, id=7965, stack(0x00007f717effe000,0x00007f717f7ff000)]
  0x00007f7319e25bd0 JavaThread "pool-11-thread-7" [_thread_blocked, id=7966, stack(0x00007f715b7ff000,0x00007f715c000000)]
  0x00007f7318b5f230 JavaThread "pool-11-thread-8" [_thread_blocked, id=7969, stack(0x00007f715affe000,0x00007f715b7ff000)]
  0x00007f7318b60190 JavaThread "pool-11-thread-9" [_thread_blocked, id=7970, stack(0x00007f715a7fd000,0x00007f715affe000)]
  0x00007f7318b61070 JavaThread "pool-11-thread-10" [_thread_blocked, id=7971, stack(0x00007f7159ffc000,0x00007f715a7fd000)]
  0x00007f7318b61db0 JavaThread "pool-11-thread-11" [_thread_blocked, id=7972, stack(0x00007f71597fb000,0x00007f7159ffc000)]
  0x00007f73180206f0 JavaThread "pool-11-thread-12" [_thread_blocked, id=7973, stack(0x00007f7158ffa000,0x00007f71597fb000)]
  0x00007f7318021460 JavaThread "pool-11-thread-13" [_thread_blocked, id=7974, stack(0x00007f71587f9000,0x00007f7158ffa000)]
  0x00007f7318022100 JavaThread "pool-11-thread-14" [_thread_blocked, id=7975, stack(0x00007f71537ff000,0x00007f7154000000)]
  0x00007f7318022e80 JavaThread "pool-11-thread-15" [_thread_blocked, id=7976, stack(0x00007f7152ffe000,0x00007f71537ff000)]
  0x00007f7318023c00 JavaThread "pool-11-thread-16" [_thread_blocked, id=7977, stack(0x00007f71527fd000,0x00007f7152ffe000)]
  0x00007f71882b8090 JavaThread "pool-11-thread-17" [_thread_blocked, id=7978, stack(0x00007f7151ffc000,0x00007f71527fd000)]
  0x00007f729012b0a0 JavaThread "ForkJoinPool.commonPool-worker-1" daemon [_thread_blocked, id=7980, stack(0x00007f71517fb000,0x00007f7151ffc000)]
  0x00007f713c000bf0 JavaThread "pool-11-thread-18" [_thread_blocked, id=7981, stack(0x00007f7150ffa000,0x00007f71517fb000)]
  0x00007f7134000f00 JavaThread "ForkJoinPool.commonPool-worker-2" daemon [_thread_blocked, id=7982, stack(0x00007f71507f9000,0x00007f7150ffa000)]
  0x00007f71840164d0 JavaThread "pool-11-thread-19" [_thread_blocked, id=7991, stack(0x00007f7116f8e000,0x00007f711778f000)]

Other Threads:
=>0x00007f731819b5a0 VMThread "VM Thread" [stack: 0x00007f72db7a6000,0x00007f72db8a6000] [id=7688]
  0x00007f73181c1240 WatcherThread "VM Periodic Task Thread" [stack: 0x00007f72d849c000,0x00007f72d859c000] [id=7697]
  0x00007f731804acb0 WorkerThread "GC Thread#0" [stack: 0x00007f72eac04000,0x00007f72ead04000] [id=7682]
  0x00007f72c8008750 WorkerThread "GC Thread#1" [stack: 0x00007f7280efa000,0x00007f7280ffa000] [id=7713]
  0x00007f72c80092b0 WorkerThread "GC Thread#2" [stack: 0x00007f7280df8000,0x00007f7280ef8000] [id=7714]
  0x00007f72c8009e10 WorkerThread "GC Thread#3" [stack: 0x00007f7280cf6000,0x00007f7280df6000] [id=7715]
  0x00007f72c800a970 WorkerThread "GC Thread#4" [stack: 0x00007f7280bf4000,0x00007f7280cf4000] [id=7716]
  0x00007f72c800b4d0 WorkerThread "GC Thread#5" [stack: 0x00007f7280af2000,0x00007f7280bf2000] [id=7717]
  0x00007f72c800c030 WorkerThread "GC Thread#6" [stack: 0x00007f72809f0000,0x00007f7280af0000] [id=7718]
  0x00007f72c800cb90 WorkerThread "GC Thread#7" [stack: 0x00007f72808ee000,0x00007f72809ee000] [id=7719]
  0x00007f72c800d6f0 WorkerThread "GC Thread#8" [stack: 0x00007f72807ec000,0x00007f72808ec000] [id=7720]
  0x00007f72c800e250 WorkerThread "GC Thread#9" [stack: 0x00007f72806ea000,0x00007f72807ea000] [id=7721]
  0x00007f72c800f1a0 WorkerThread "GC Thread#10" [stack: 0x00007f72805e8000,0x00007f72806e8000] [id=7722]
  0x00007f72c80100f0 WorkerThread "GC Thread#11" [stack: 0x00007f72804e6000,0x00007f72805e6000] [id=7723]
  0x00007f72c8011060 WorkerThread "GC Thread#12" [stack: 0x00007f72803e4000,0x00007f72804e4000] [id=7724]
  0x00007f731805c3d0 ConcurrentGCThread "G1 Main Marker" [stack: 0x00007f72eab02000,0x00007f72eac02000] [id=7683]
  0x00007f731805d410 WorkerThread "G1 Conc#0" [stack: 0x00007f72eaa00000,0x00007f72eab00000] [id=7684]
  0x00007f72dc000960 WorkerThread "G1 Conc#1" [stack: 0x00007f72802e2000,0x00007f72803e2000] [id=7725]
  0x00007f72dc0014d0 WorkerThread "G1 Conc#2" [stack: 0x00007f72801e0000,0x00007f72802e0000] [id=7726]
  0x00007f7318168d00 ConcurrentGCThread "G1 Refine#0" [stack: 0x00007f72dbafc000,0x00007f72dbbfc000] [id=7686]
  0x00007f7318169d60 ConcurrentGCThread "G1 Service" [stack: 0x00007f72db9fa000,0x00007f72dbafa000] [id=7687]

Threads with active compile tasks:

VM state: at safepoint (normal execution)

VM Mutex/Monitor currently owned by a thread:  ([mutex/lock_event])
[0x00007f7318015f20] Threads_lock - owner thread: 0x00007f731819b5a0
[0x00007f7318016140] Heap_lock - owner thread: 0x00007f71f8000bc0

Heap address: 0x0000000400000000, size: 16384 MB, Compressed Oops mode: Zero based, Oop shift amount: 3

CDS archive(s) mapped at: [0x0000000800000000-0x0000000800c65000-0x0000000800c65000), size 12996608, SharedBaseAddress: 0x0000000800000000, ArchiveRelocationMode: 0.
Compressed class space mapped at: 0x0000000801000000-0x0000000841000000, reserved size: 1073741824
Narrow klass base: 0x0000000800000000, Narrow klass shift: 0, Narrow klass range: 0x100000000

GC Precious Log:
 CardTable entry size: 512
 Card Set container configuration: InlinePtr #cards 4 size 8 Array Of Cards #cards 64 size 144 Howl #buckets 8 coarsen threshold 14745 Howl Bitmap #cards 2048 size 272 coarsen threshold 1843 Card regions per heap region 1 cards per card region 16384
 CPUs: 16 total, 16 available
 Memory: 125G
 Large Page Support: Disabled
 NUMA Support: Disabled
 Compressed Oops: Enabled (Zero based)
 Heap Region Size: 8M
 Heap Min Capacity: 8M
 Heap Initial Capacity: 2008M
 Heap Max Capacity: 16G
 Pre-touch: Disabled
 Parallel Workers: 13
 Concurrent Workers: 3
 Concurrent Refinement Workers: 13
 Periodic GC: Disabled

Heap:
 garbage-first heap   total 2154496K, used 1255509K [0x0000000400000000, 0x0000000800000000)
  region size 8192K, 11 young (90112K), 11 survivors (90112K)
 Metaspace       used 109518K, committed 110592K, reserved 1179648K
  class space    used 14463K, committed 14848K, reserved 1048576K

Heap Regions: E=young(eden), S=young(survivor), O=old, HS=humongous(starts), HC=humongous(continues), CS=collection set, F=free, OA=open archive, CA=closed archive, TAMS=top-at-mark-start, PB=parsable bottom
|   0|0x0000000400000000, 0x0000000400800000, 0x0000000400800000|100%| O|  |TAMS 0x0000000400800000| PB 0x0000000400000000| Untracked 
|   1|0x0000000400800000, 0x0000000401000000, 0x0000000401000000|100%| O|  |TAMS 0x0000000401000000| PB 0x0000000400800000| Untracked 
|   2|0x0000000401000000, 0x0000000401800000, 0x0000000401800000|100%| O|  |TAMS 0x0000000401800000| PB 0x0000000401000000| Untracked 
|   3|0x0000000401800000, 0x0000000402000000, 0x0000000402000000|100%| O|  |TAMS 0x0000000402000000| PB 0x0000000401800000| Untracked 
|   4|0x0000000402000000, 0x0000000402800000, 0x0000000402800000|100%| O|  |TAMS 0x0000000402800000| PB 0x0000000402000000| Untracked 
|   5|0x0000000402800000, 0x0000000403000000, 0x0000000403000000|100%| O|  |TAMS 0x0000000403000000| PB 0x0000000402800000| Untracked 
|   6|0x0000000403000000, 0x0000000403800000, 0x0000000403800000|100%| O|  |TAMS 0x0000000403800000| PB 0x0000000403000000| Untracked 
|   7|0x0000000403800000, 0x0000000404000000, 0x0000000404000000|100%| O|  |TAMS 0x0000000404000000| PB 0x0000000403800000| Untracked 
|   8|0x0000000404000000, 0x0000000404800000, 0x0000000404800000|100%| O|  |TAMS 0x0000000404800000| PB 0x0000000404000000| Untracked 
|   9|0x0000000404800000, 0x0000000405000000, 0x0000000405000000|100%| O|  |TAMS 0x0000000405000000| PB 0x0000000404800000| Untracked 
|  10|0x0000000405000000, 0x0000000405800000, 0x0000000405800000|100%| O|  |TAMS 0x0000000405800000| PB 0x0000000405000000| Untracked 
|  11|0x0000000405800000, 0x0000000406000000, 0x0000000406000000|100%| O|  |TAMS 0x0000000406000000| PB 0x0000000405800000| Untracked 
|  12|0x0000000406000000, 0x0000000406800000, 0x0000000406800000|100%| O|  |TAMS 0x0000000406800000| PB 0x0000000406000000| Untracked 
|  13|0x0000000406800000, 0x0000000407000000, 0x0000000407000000|100%| O|  |TAMS 0x0000000407000000| PB 0x0000000406800000| Untracked 
|  14|0x0000000407000000, 0x0000000407800000, 0x0000000407800000|100%| O|  |TAMS 0x0000000407800000| PB 0x0000000407000000| Untracked 
|  15|0x0000000407800000, 0x0000000408000000, 0x0000000408000000|100%| O|  |TAMS 0x0000000408000000| PB 0x0000000407800000| Untracked 
|  16|0x0000000408000000, 0x0000000408800000, 0x0000000408800000|100%| O|  |TAMS 0x0000000408800000| PB 0x0000000408000000| Untracked 
|  17|0x0000000408800000, 0x0000000409000000, 0x0000000409000000|100%| O|  |TAMS 0x0000000409000000| PB 0x0000000408800000| Untracked 
|  18|0x0000000409000000, 0x0000000409800000, 0x0000000409800000|100%| O|  |TAMS 0x0000000409800000| PB 0x0000000409000000| Untracked 
|  19|0x0000000409800000, 0x000000040a000000, 0x000000040a000000|100%| O|  |TAMS 0x000000040a000000| PB 0x0000000409800000| Untracked 
|  20|0x000000040a000000, 0x000000040a800000, 0x000000040a800000|100%| O|  |TAMS 0x000000040a800000| PB 0x000000040a000000| Untracked 
|  21|0x000000040a800000, 0x000000040b000000, 0x000000040b000000|100%| O|  |TAMS 0x000000040b000000| PB 0x000000040a800000| Untracked 
|  22|0x000000040b000000, 0x000000040b800000, 0x000000040b800000|100%|HS|  |TAMS 0x000000040b800000| PB 0x000000040b000000| Complete 
|  23|0x000000040b800000, 0x000000040c000000, 0x000000040c000000|100%| O|  |TAMS 0x000000040c000000| PB 0x000000040b800000| Untracked 
|  24|0x000000040c000000, 0x000000040c800000, 0x000000040c800000|100%| O|  |TAMS 0x000000040c800000| PB 0x000000040c000000| Untracked 
|  25|0x000000040c800000, 0x000000040d000000, 0x000000040d000000|100%| O|  |TAMS 0x000000040d000000| PB 0x000000040c800000| Untracked 
|  26|0x000000040d000000, 0x000000040d800000, 0x000000040d800000|100%| O|  |TAMS 0x000000040d800000| PB 0x000000040d000000| Untracked 
|  27|0x000000040d800000, 0x000000040e000000, 0x000000040e000000|100%| O|  |TAMS 0x000000040e000000| PB 0x000000040d800000| Untracked 
|  28|0x000000040e000000, 0x000000040e800000, 0x000000040e800000|100%| O|  |TAMS 0x000000040e800000| PB 0x000000040e000000| Untracked 
|  29|0x000000040e800000, 0x000000040f000000, 0x000000040f000000|100%| O|  |TAMS 0x000000040f000000| PB 0x000000040e800000| Untracked 
|  30|0x000000040f000000, 0x000000040f800000, 0x000000040f800000|100%| O|  |TAMS 0x000000040f800000| PB 0x000000040f000000| Untracked 
|  31|0x000000040f800000, 0x0000000410000000, 0x0000000410000000|100%| O|  |TAMS 0x0000000410000000| PB 0x000000040f800000| Untracked 
|  32|0x0000000410000000, 0x0000000410800000, 0x0000000410800000|100%| O|  |TAMS 0x0000000410800000| PB 0x0000000410000000| Untracked 
|  33|0x0000000410800000, 0x0000000411000000, 0x0000000411000000|100%| O|  |TAMS 0x0000000411000000| PB 0x0000000410800000| Untracked 
|  34|0x0000000411000000, 0x0000000411800000, 0x0000000411800000|100%| O|  |TAMS 0x0000000411800000| PB 0x0000000411000000| Untracked 
|  35|0x0000000411800000, 0x0000000412000000, 0x0000000412000000|100%| O|  |TAMS 0x0000000412000000| PB 0x0000000411800000| Untracked 
|  36|0x0000000412000000, 0x0000000412800000, 0x0000000412800000|100%| O|  |TAMS 0x0000000412800000| PB 0x0000000412000000| Untracked 
|  37|0x0000000412800000, 0x0000000413000000, 0x0000000413000000|100%| O|  |TAMS 0x0000000413000000| PB 0x0000000412800000| Untracked 
|  38|0x0000000413000000, 0x0000000413800000, 0x0000000413800000|100%| O|  |TAMS 0x0000000413800000| PB 0x0000000413000000| Untracked 
|  39|0x0000000413800000, 0x0000000414000000, 0x0000000414000000|100%| O|  |TAMS 0x0000000414000000| PB 0x0000000413800000| Untracked 
|  40|0x0000000414000000, 0x0000000414800000, 0x0000000414800000|100%| O|  |TAMS 0x0000000414800000| PB 0x0000000414000000| Untracked 
|  41|0x0000000414800000, 0x0000000415000000, 0x0000000415000000|100%| O|  |TAMS 0x0000000415000000| PB 0x0000000414800000| Untracked 
|  42|0x0000000415000000, 0x0000000415800000, 0x0000000415800000|100%| O|  |TAMS 0x0000000415800000| PB 0x0000000415000000| Untracked 
|  43|0x0000000415800000, 0x0000000416000000, 0x0000000416000000|100%| O|  |TAMS 0x0000000416000000| PB 0x0000000415800000| Untracked 
|  44|0x0000000416000000, 0x0000000416800000, 0x0000000416800000|100%| O|  |TAMS 0x0000000416800000| PB 0x0000000416000000| Untracked 
|  45|0x0000000416800000, 0x0000000417000000, 0x0000000417000000|100%| O|  |TAMS 0x0000000417000000| PB 0x0000000416800000| Untracked 
|  46|0x0000000417000000, 0x0000000417800000, 0x0000000417800000|100%| O|  |TAMS 0x0000000417800000| PB 0x0000000417000000| Untracked 
|  47|0x0000000417800000, 0x0000000418000000, 0x0000000418000000|100%| O|  |TAMS 0x0000000418000000| PB 0x0000000417800000| Untracked 
|  48|0x0000000418000000, 0x0000000418800000, 0x0000000418800000|100%|HS|  |TAMS 0x0000000418800000| PB 0x0000000418000000| Complete 
|  49|0x0000000418800000, 0x0000000419000000, 0x0000000419000000|100%| O|  |TAMS 0x0000000419000000| PB 0x0000000418800000| Untracked 
|  50|0x0000000419000000, 0x0000000419800000, 0x0000000419800000|100%| O|  |TAMS 0x0000000419800000| PB 0x0000000419000000| Untracked 
|  51|0x0000000419800000, 0x000000041a000000, 0x000000041a000000|100%| O|  |TAMS 0x000000041a000000| PB 0x0000000419800000| Untracked 
|  52|0x000000041a000000, 0x000000041a800000, 0x000000041a800000|100%| O|  |TAMS 0x000000041a800000| PB 0x000000041a000000| Untracked 
|  53|0x000000041a800000, 0x000000041b000000, 0x000000041b000000|100%| O|  |TAMS 0x000000041b000000| PB 0x000000041a800000| Untracked 
|  54|0x000000041b000000, 0x000000041b800000, 0x000000041b800000|100%| O|  |TAMS 0x000000041b800000| PB 0x000000041b000000| Untracked 
|  55|0x000000041b800000, 0x000000041c000000, 0x000000041c000000|100%| O|  |TAMS 0x000000041c000000| PB 0x000000041b800000| Untracked 
|  56|0x000000041c000000, 0x000000041c800000, 0x000000041c800000|100%| O|  |TAMS 0x000000041c800000| PB 0x000000041c000000| Untracked 
|  57|0x000000041c800000, 0x000000041d000000, 0x000000041d000000|100%| O|  |TAMS 0x000000041d000000| PB 0x000000041c800000| Untracked 
|  58|0x000000041d000000, 0x000000041d800000, 0x000000041d800000|100%| O|  |TAMS 0x000000041d800000| PB 0x000000041d000000| Untracked 
|  59|0x000000041d800000, 0x000000041e000000, 0x000000041e000000|100%| O|  |TAMS 0x000000041e000000| PB 0x000000041d800000| Untracked 
|  60|0x000000041e000000, 0x000000041e800000, 0x000000041e800000|100%| O|  |TAMS 0x000000041e800000| PB 0x000000041e000000| Untracked 
|  61|0x000000041e800000, 0x000000041f000000, 0x000000041f000000|100%| O|  |TAMS 0x000000041f000000| PB 0x000000041e800000| Untracked 
|  62|0x000000041f000000, 0x000000041f800000, 0x000000041f800000|100%| O|  |TAMS 0x000000041f800000| PB 0x000000041f000000| Untracked 
|  63|0x000000041f800000, 0x0000000420000000, 0x0000000420000000|100%| O|  |TAMS 0x0000000420000000| PB 0x000000041f800000| Untracked 
|  64|0x0000000420000000, 0x0000000420800000, 0x0000000420800000|100%| O|  |TAMS 0x0000000420800000| PB 0x0000000420000000| Untracked 
|  65|0x0000000420800000, 0x0000000421000000, 0x0000000421000000|100%| O|  |TAMS 0x0000000421000000| PB 0x0000000420800000| Untracked 
|  66|0x0000000421000000, 0x0000000421800000, 0x0000000421800000|100%| O|  |TAMS 0x0000000421800000| PB 0x0000000421000000| Untracked 
|  67|0x0000000421800000, 0x0000000422000000, 0x0000000422000000|100%| O|  |TAMS 0x0000000422000000| PB 0x0000000421800000| Untracked 
|  68|0x0000000422000000, 0x0000000422800000, 0x0000000422800000|100%| O|  |TAMS 0x0000000422800000| PB 0x0000000422000000| Untracked 
|  69|0x0000000422800000, 0x0000000423000000, 0x0000000423000000|100%| O|  |TAMS 0x0000000423000000| PB 0x0000000422800000| Untracked 
|  70|0x0000000423000000, 0x0000000423800000, 0x0000000423800000|100%| O|  |TAMS 0x0000000423800000| PB 0x0000000423000000| Untracked 
|  71|0x0000000423800000, 0x0000000424000000, 0x0000000424000000|100%| O|  |TAMS 0x0000000424000000| PB 0x0000000423800000| Untracked 
|  72|0x0000000424000000, 0x0000000424800000, 0x0000000424800000|100%| O|  |TAMS 0x0000000424800000| PB 0x0000000424000000| Untracked 
|  73|0x0000000424800000, 0x0000000425000000, 0x0000000425000000|100%| O|  |TAMS 0x0000000425000000| PB 0x0000000424800000| Untracked 
|  74|0x0000000425000000, 0x0000000425800000, 0x0000000425800000|100%|HS|  |TAMS 0x0000000425800000| PB 0x0000000425000000| Complete 
|  75|0x0000000425800000, 0x0000000426000000, 0x0000000426000000|100%|HC|  |TAMS 0x0000000426000000| PB 0x0000000425800000| Complete 
|  76|0x0000000426000000, 0x0000000426800000, 0x0000000426800000|100%|HS|  |TAMS 0x0000000426800000| PB 0x0000000426000000| Complete 
|  77|0x0000000426800000, 0x0000000427000000, 0x0000000427000000|100%|HS|  |TAMS 0x0000000427000000| PB 0x0000000426800000| Complete 
|  78|0x0000000427000000, 0x0000000427800000, 0x0000000427800000|100%|HS|  |TAMS 0x0000000427800000| PB 0x0000000427000000| Complete 
|  79|0x0000000427800000, 0x0000000428000000, 0x0000000428000000|100%|HC|  |TAMS 0x0000000428000000| PB 0x0000000427800000| Complete 
|  80|0x0000000428000000, 0x0000000428800000, 0x0000000428800000|100%|HS|  |TAMS 0x0000000428800000| PB 0x0000000428000000| Complete 
|  81|0x0000000428800000, 0x0000000429000000, 0x0000000429000000|100%|HS|  |TAMS 0x0000000429000000| PB 0x0000000428800000| Complete 
|  82|0x0000000429000000, 0x0000000429800000, 0x0000000429800000|100%|HS|  |TAMS 0x0000000429800000| PB 0x0000000429000000| Complete 
|  83|0x0000000429800000, 0x000000042a000000, 0x000000042a000000|100%| O|  |TAMS 0x000000042a000000| PB 0x0000000429800000| Untracked 
|  84|0x000000042a000000, 0x000000042a800000, 0x000000042a800000|100%| O|  |TAMS 0x000000042a800000| PB 0x000000042a000000| Untracked 
|  85|0x000000042a800000, 0x000000042b000000, 0x000000042b000000|100%| O|  |TAMS 0x000000042b000000| PB 0x000000042a800000| Untracked 
|  86|0x000000042b000000, 0x000000042b800000, 0x000000042b800000|100%|HS|  |TAMS 0x000000042b800000| PB 0x000000042b000000| Complete 
|  87|0x000000042b800000, 0x000000042c000000, 0x000000042c000000|100%|HC|  |TAMS 0x000000042c000000| PB 0x000000042b800000| Complete 
|  88|0x000000042c000000, 0x000000042c800000, 0x000000042c800000|100%|HS|  |TAMS 0x000000042c800000| PB 0x000000042c000000| Complete 
|  89|0x000000042c800000, 0x000000042d000000, 0x000000042d000000|100%|HS|  |TAMS 0x000000042d000000| PB 0x000000042c800000| Complete 
|  90|0x000000042d000000, 0x000000042d800000, 0x000000042d800000|100%|HC|  |TAMS 0x000000042d800000| PB 0x000000042d000000| Complete 
|  91|0x000000042d800000, 0x000000042e000000, 0x000000042e000000|100%|HC|  |TAMS 0x000000042e000000| PB 0x000000042d800000| Complete 
|  92|0x000000042e000000, 0x000000042e800000, 0x000000042e800000|100%|HS|  |TAMS 0x000000042e800000| PB 0x000000042e000000| Complete 
|  93|0x000000042e800000, 0x000000042f000000, 0x000000042f000000|100%|HS|  |TAMS 0x000000042f000000| PB 0x000000042e800000| Complete 
|  94|0x000000042f000000, 0x000000042f800000, 0x000000042f800000|100%|HS|  |TAMS 0x000000042f800000| PB 0x000000042f000000| Complete 
|  95|0x000000042f800000, 0x0000000430000000, 0x0000000430000000|100%|HS|  |TAMS 0x0000000430000000| PB 0x000000042f800000| Complete 
|  96|0x0000000430000000, 0x0000000430800000, 0x0000000430800000|100%|HC|  |TAMS 0x0000000430800000| PB 0x0000000430000000| Complete 
|  97|0x0000000430800000, 0x0000000431000000, 0x0000000431000000|100%|HS|  |TAMS 0x0000000431000000| PB 0x0000000430800000| Complete 
|  98|0x0000000431000000, 0x0000000431800000, 0x0000000431800000|100%| O|  |TAMS 0x0000000431800000| PB 0x0000000431000000| Untracked 
|  99|0x0000000431800000, 0x0000000432000000, 0x0000000432000000|100%| O|  |TAMS 0x0000000432000000| PB 0x0000000431800000| Untracked 
| 100|0x0000000432000000, 0x0000000432800000, 0x0000000432800000|100%| O|  |TAMS 0x0000000432800000| PB 0x0000000432000000| Untracked 
| 101|0x0000000432800000, 0x0000000433000000, 0x0000000433000000|100%| O|  |TAMS 0x0000000433000000| PB 0x0000000432800000| Untracked 
| 102|0x0000000433000000, 0x0000000433800000, 0x0000000433800000|100%| O|  |TAMS 0x0000000433800000| PB 0x0000000433000000| Untracked 
| 103|0x0000000433800000, 0x0000000434000000, 0x0000000434000000|100%| O|  |TAMS 0x0000000434000000| PB 0x0000000433800000| Untracked 
| 104|0x0000000434000000, 0x0000000434800000, 0x0000000434800000|100%| O|  |TAMS 0x0000000434800000| PB 0x0000000434000000| Untracked 
| 105|0x0000000434800000, 0x0000000435000000, 0x0000000435000000|100%| O|  |TAMS 0x0000000435000000| PB 0x0000000434800000| Untracked 
| 106|0x0000000435000000, 0x0000000435800000, 0x0000000435800000|100%| O|  |TAMS 0x0000000435800000| PB 0x0000000435000000| Untracked 
| 107|0x0000000435800000, 0x0000000436000000, 0x0000000436000000|100%| O|  |TAMS 0x0000000436000000| PB 0x0000000435800000| Untracked 
| 108|0x0000000436000000, 0x0000000436800000, 0x0000000436800000|100%|HS|  |TAMS 0x0000000436000000| PB 0x0000000436000000| Complete 
| 109|0x0000000436800000, 0x0000000437000000, 0x0000000437000000|100%|HC|  |TAMS 0x0000000436800000| PB 0x0000000436800000| Complete 
| 110|0x0000000437000000, 0x0000000437800000, 0x0000000437800000|100%|HC|  |TAMS 0x0000000437000000| PB 0x0000000437000000| Complete 
| 111|0x0000000437800000, 0x0000000438000000, 0x0000000438000000|100%|HS|  |TAMS 0x0000000437800000| PB 0x0000000437800000| Complete 
| 112|0x0000000438000000, 0x0000000438800000, 0x0000000438800000|100%|HC|  |TAMS 0x0000000438000000| PB 0x0000000438000000| Complete 
| 113|0x0000000438800000, 0x0000000439000000, 0x0000000439000000|100%| O|  |TAMS 0x0000000438800000| PB 0x0000000438800000| Untracked 
| 114|0x0000000439000000, 0x0000000439800000, 0x0000000439800000|100%| O|  |TAMS 0x0000000439000000| PB 0x0000000439000000| Untracked 
| 115|0x0000000439800000, 0x000000043a000000, 0x000000043a000000|100%| O|  |TAMS 0x0000000439800000| PB 0x0000000439800000| Untracked 
| 116|0x000000043a000000, 0x000000043a800000, 0x000000043a800000|100%| O|  |TAMS 0x000000043a000000| PB 0x000000043a000000| Untracked 
| 117|0x000000043a800000, 0x000000043b000000, 0x000000043b000000|100%| O|  |TAMS 0x000000043a800000| PB 0x000000043a800000| Untracked 
| 118|0x000000043b000000, 0x000000043b800000, 0x000000043b800000|100%| O|  |TAMS 0x000000043b000000| PB 0x000000043b000000| Untracked 
| 119|0x000000043b800000, 0x000000043c000000, 0x000000043c000000|100%| O|  |TAMS 0x000000043b800000| PB 0x000000043b800000| Untracked 
| 120|0x000000043c000000, 0x000000043c800000, 0x000000043c800000|100%| O|  |TAMS 0x000000043c000000| PB 0x000000043c000000| Untracked 
| 121|0x000000043c800000, 0x000000043d000000, 0x000000043d000000|100%| O|  |TAMS 0x000000043c800000| PB 0x000000043c800000| Untracked 
| 122|0x000000043d000000, 0x000000043d749a00, 0x000000043d800000| 91%| O|  |TAMS 0x000000043d000000| PB 0x000000043d000000| Untracked 
| 123|0x000000043d800000, 0x000000043e000000, 0x000000043e000000|100%|HS|  |TAMS 0x000000043d800000| PB 0x000000043d800000| Complete 
| 124|0x000000043e000000, 0x000000043e800000, 0x000000043e800000|100%|HS|  |TAMS 0x000000043e000000| PB 0x000000043e000000| Complete 
| 125|0x000000043e800000, 0x000000043f000000, 0x000000043f000000|100%|HC|  |TAMS 0x000000043e800000| PB 0x000000043e800000| Complete 
| 126|0x000000043f000000, 0x000000043f800000, 0x000000043f800000|100%|HC|  |TAMS 0x000000043f000000| PB 0x000000043f000000| Complete 
| 127|0x000000043f800000, 0x0000000440000000, 0x0000000440000000|100%|HS|  |TAMS 0x000000043f800000| PB 0x000000043f800000| Complete 
| 128|0x0000000440000000, 0x0000000440800000, 0x0000000440800000|100%|HC|  |TAMS 0x0000000440000000| PB 0x0000000440000000| Complete 
| 129|0x0000000440800000, 0x0000000441000000, 0x0000000441000000|100%|HC|  |TAMS 0x0000000440800000| PB 0x0000000440800000| Complete 
| 130|0x0000000441000000, 0x0000000441800000, 0x0000000441800000|100%|HC|  |TAMS 0x0000000441000000| PB 0x0000000441000000| Complete 
| 131|0x0000000441800000, 0x0000000442000000, 0x0000000442000000|100%|HC|  |TAMS 0x0000000441800000| PB 0x0000000441800000| Complete 
| 132|0x0000000442000000, 0x0000000442000000, 0x0000000442800000|  0%| F|  |TAMS 0x0000000442000000| PB 0x0000000442000000| Untracked 
| 133|0x0000000442800000, 0x0000000442800000, 0x0000000443000000|  0%| F|  |TAMS 0x0000000442800000| PB 0x0000000442800000| Untracked 
| 134|0x0000000443000000, 0x0000000443000000, 0x0000000443800000|  0%| F|  |TAMS 0x0000000443000000| PB 0x0000000443000000| Untracked 
| 135|0x0000000443800000, 0x0000000443800000, 0x0000000444000000|  0%| F|  |TAMS 0x0000000443800000| PB 0x0000000443800000| Untracked 
| 136|0x0000000444000000, 0x0000000444000000, 0x0000000444800000|  0%| F|  |TAMS 0x0000000444000000| PB 0x0000000444000000| Untracked 
| 137|0x0000000444800000, 0x0000000444ad0bc0, 0x0000000445000000| 35%| S|CS|TAMS 0x0000000444800000| PB 0x0000000444800000| Complete 
| 138|0x0000000445000000, 0x0000000445800000, 0x0000000445800000|100%| S|CS|TAMS 0x0000000445000000| PB 0x0000000445000000| Complete 
| 139|0x0000000445800000, 0x0000000446000000, 0x0000000446000000|100%| S|CS|TAMS 0x0000000445800000| PB 0x0000000445800000| Complete 
| 140|0x0000000446000000, 0x0000000446800000, 0x0000000446800000|100%| S|CS|TAMS 0x0000000446000000| PB 0x0000000446000000| Complete 
| 141|0x0000000446800000, 0x0000000447000000, 0x0000000447000000|100%| S|CS|TAMS 0x0000000446800000| PB 0x0000000446800000| Complete 
| 142|0x0000000447000000, 0x0000000447800000, 0x0000000447800000|100%| S|CS|TAMS 0x0000000447000000| PB 0x0000000447000000| Complete 
| 143|0x0000000447800000, 0x0000000448000000, 0x0000000448000000|100%| S|CS|TAMS 0x0000000447800000| PB 0x0000000447800000| Complete 
| 144|0x0000000448000000, 0x0000000448800000, 0x0000000448800000|100%| S|CS|TAMS 0x0000000448000000| PB 0x0000000448000000| Complete 
| 145|0x0000000448800000, 0x0000000449000000, 0x0000000449000000|100%| S|CS|TAMS 0x0000000448800000| PB 0x0000000448800000| Complete 
| 146|0x0000000449000000, 0x0000000449800000, 0x0000000449800000|100%| S|CS|TAMS 0x0000000449000000| PB 0x0000000449000000| Complete 
| 147|0x0000000449800000, 0x000000044a000000, 0x000000044a000000|100%| S|CS|TAMS 0x0000000449800000| PB 0x0000000449800000| Complete 
| 148|0x000000044a000000, 0x000000044a000000, 0x000000044a800000|  0%| F|  |TAMS 0x000000044a000000| PB 0x000000044a000000| Untracked 
| 149|0x000000044a800000, 0x000000044a800000, 0x000000044b000000|  0%| F|  |TAMS 0x000000044a800000| PB 0x000000044a800000| Untracked 
| 150|0x000000044b000000, 0x000000044b000000, 0x000000044b800000|  0%| F|  |TAMS 0x000000044b000000| PB 0x000000044b000000| Untracked 
| 151|0x000000044b800000, 0x000000044b800000, 0x000000044c000000|  0%| F|  |TAMS 0x000000044b800000| PB 0x000000044b800000| Untracked 
| 152|0x000000044c000000, 0x000000044c000000, 0x000000044c800000|  0%| F|  |TAMS 0x000000044c000000| PB 0x000000044c000000| Untracked 
| 153|0x000000044c800000, 0x000000044c800000, 0x000000044d000000|  0%| F|  |TAMS 0x000000044c800000| PB 0x000000044c800000| Untracked 
| 154|0x000000044d000000, 0x000000044d000000, 0x000000044d800000|  0%| F|  |TAMS 0x000000044d000000| PB 0x000000044d000000| Untracked 
| 155|0x000000044d800000, 0x000000044d800000, 0x000000044e000000|  0%| F|  |TAMS 0x000000044d800000| PB 0x000000044d800000| Untracked 
| 156|0x000000044e000000, 0x000000044e000000, 0x000000044e800000|  0%| F|  |TAMS 0x000000044e000000| PB 0x000000044e000000| Untracked 
| 157|0x000000044e800000, 0x000000044e800000, 0x000000044f000000|  0%| F|  |TAMS 0x000000044e800000| PB 0x000000044e800000| Untracked 
| 158|0x000000044f000000, 0x000000044f000000, 0x000000044f800000|  0%| F|  |TAMS 0x000000044f000000| PB 0x000000044f000000| Untracked 
| 159|0x000000044f800000, 0x000000044f800000, 0x0000000450000000|  0%| F|  |TAMS 0x000000044f800000| PB 0x000000044f800000| Untracked 
| 160|0x0000000450000000, 0x0000000450000000, 0x0000000450800000|  0%| F|  |TAMS 0x0000000450000000| PB 0x0000000450000000| Untracked 
| 161|0x0000000450800000, 0x0000000450800000, 0x0000000451000000|  0%| F|  |TAMS 0x0000000450800000| PB 0x0000000450800000| Untracked 
| 162|0x0000000451000000, 0x0000000451000000, 0x0000000451800000|  0%| F|  |TAMS 0x0000000451000000| PB 0x0000000451000000| Untracked 
| 163|0x0000000451800000, 0x0000000451800000, 0x0000000452000000|  0%| F|  |TAMS 0x0000000451800000| PB 0x0000000451800000| Untracked 
| 164|0x0000000452000000, 0x0000000452000000, 0x0000000452800000|  0%| F|  |TAMS 0x0000000452000000| PB 0x0000000452000000| Untracked 
| 165|0x0000000452800000, 0x0000000452800000, 0x0000000453000000|  0%| F|  |TAMS 0x0000000452800000| PB 0x0000000452800000| Untracked 
| 166|0x0000000453000000, 0x0000000453000000, 0x0000000453800000|  0%| F|  |TAMS 0x0000000453000000| PB 0x0000000453000000| Untracked 
| 167|0x0000000453800000, 0x0000000453800000, 0x0000000454000000|  0%| F|  |TAMS 0x0000000453800000| PB 0x0000000453800000| Untracked 
| 168|0x0000000454000000, 0x0000000454000000, 0x0000000454800000|  0%| F|  |TAMS 0x0000000454000000| PB 0x0000000454000000| Untracked 
| 169|0x0000000454800000, 0x0000000454800000, 0x0000000455000000|  0%| F|  |TAMS 0x0000000454800000| PB 0x0000000454800000| Untracked 
| 170|0x0000000455000000, 0x0000000455000000, 0x0000000455800000|  0%| F|  |TAMS 0x0000000455000000| PB 0x0000000455000000| Untracked 
| 171|0x0000000455800000, 0x0000000455800000, 0x0000000456000000|  0%| F|  |TAMS 0x0000000455800000| PB 0x0000000455800000| Untracked 
| 172|0x0000000456000000, 0x0000000456000000, 0x0000000456800000|  0%| F|  |TAMS 0x0000000456000000| PB 0x0000000456000000| Untracked 
| 173|0x0000000456800000, 0x0000000456800000, 0x0000000457000000|  0%| F|  |TAMS 0x0000000456800000| PB 0x0000000456800000| Untracked 
| 174|0x0000000457000000, 0x0000000457000000, 0x0000000457800000|  0%| F|  |TAMS 0x0000000457000000| PB 0x0000000457000000| Untracked 
| 175|0x0000000457800000, 0x0000000457800000, 0x0000000458000000|  0%| F|  |TAMS 0x0000000457800000| PB 0x0000000457800000| Untracked 
| 176|0x0000000458000000, 0x0000000458000000, 0x0000000458800000|  0%| F|  |TAMS 0x0000000458000000| PB 0x0000000458000000| Untracked 
| 177|0x0000000458800000, 0x0000000458800000, 0x0000000459000000|  0%| F|  |TAMS 0x0000000458800000| PB 0x0000000458800000| Untracked 
| 178|0x0000000459000000, 0x0000000459000000, 0x0000000459800000|  0%| F|  |TAMS 0x0000000459000000| PB 0x0000000459000000| Untracked 
| 179|0x0000000459800000, 0x0000000459800000, 0x000000045a000000|  0%| F|  |TAMS 0x0000000459800000| PB 0x0000000459800000| Untracked 
| 180|0x000000045a000000, 0x000000045a000000, 0x000000045a800000|  0%| F|  |TAMS 0x000000045a000000| PB 0x000000045a000000| Untracked 
| 181|0x000000045a800000, 0x000000045a800000, 0x000000045b000000|  0%| F|  |TAMS 0x000000045a800000| PB 0x000000045a800000| Untracked 
| 182|0x000000045b000000, 0x000000045b000000, 0x000000045b800000|  0%| F|  |TAMS 0x000000045b000000| PB 0x000000045b000000| Untracked 
| 183|0x000000045b800000, 0x000000045b800000, 0x000000045c000000|  0%| F|  |TAMS 0x000000045b800000| PB 0x000000045b800000| Untracked 
| 184|0x000000045c000000, 0x000000045c000000, 0x000000045c800000|  0%| F|  |TAMS 0x000000045c000000| PB 0x000000045c000000| Untracked 
| 185|0x000000045c800000, 0x000000045c800000, 0x000000045d000000|  0%| F|  |TAMS 0x000000045c800000| PB 0x000000045c800000| Untracked 
| 186|0x000000045d000000, 0x000000045d000000, 0x000000045d800000|  0%| F|  |TAMS 0x000000045d000000| PB 0x000000045d000000| Untracked 
| 187|0x000000045d800000, 0x000000045d800000, 0x000000045e000000|  0%| F|  |TAMS 0x000000045d800000| PB 0x000000045d800000| Untracked 
| 188|0x000000045e000000, 0x000000045e000000, 0x000000045e800000|  0%| F|  |TAMS 0x000000045e000000| PB 0x000000045e000000| Untracked 
| 189|0x000000045e800000, 0x000000045e800000, 0x000000045f000000|  0%| F|  |TAMS 0x000000045e800000| PB 0x000000045e800000| Untracked 
| 190|0x000000045f000000, 0x000000045f000000, 0x000000045f800000|  0%| F|  |TAMS 0x000000045f000000| PB 0x000000045f000000| Untracked 
| 191|0x000000045f800000, 0x000000045f800000, 0x0000000460000000|  0%| F|  |TAMS 0x000000045f800000| PB 0x000000045f800000| Untracked 
| 192|0x0000000460000000, 0x0000000460000000, 0x0000000460800000|  0%| F|  |TAMS 0x0000000460000000| PB 0x0000000460000000| Untracked 
| 193|0x0000000460800000, 0x0000000460800000, 0x0000000461000000|  0%| F|  |TAMS 0x0000000460800000| PB 0x0000000460800000| Untracked 
| 194|0x0000000461000000, 0x0000000461000000, 0x0000000461800000|  0%| F|  |TAMS 0x0000000461000000| PB 0x0000000461000000| Untracked 
| 195|0x0000000461800000, 0x0000000461800000, 0x0000000462000000|  0%| F|  |TAMS 0x0000000461800000| PB 0x0000000461800000| Untracked 
| 196|0x0000000462000000, 0x0000000462000000, 0x0000000462800000|  0%| F|  |TAMS 0x0000000462000000| PB 0x0000000462000000| Untracked 
| 197|0x0000000462800000, 0x0000000462800000, 0x0000000463000000|  0%| F|  |TAMS 0x0000000462800000| PB 0x0000000462800000| Untracked 
| 198|0x0000000463000000, 0x0000000463000000, 0x0000000463800000|  0%| F|  |TAMS 0x0000000463000000| PB 0x0000000463000000| Untracked 
| 199|0x0000000463800000, 0x0000000463800000, 0x0000000464000000|  0%| F|  |TAMS 0x0000000463800000| PB 0x0000000463800000| Untracked 
| 200|0x0000000464000000, 0x0000000464000000, 0x0000000464800000|  0%| F|  |TAMS 0x0000000464000000| PB 0x0000000464000000| Untracked 
| 201|0x0000000464800000, 0x0000000464800000, 0x0000000465000000|  0%| F|  |TAMS 0x0000000464800000| PB 0x0000000464800000| Untracked 
| 202|0x0000000465000000, 0x0000000465000000, 0x0000000465800000|  0%| F|  |TAMS 0x0000000465000000| PB 0x0000000465000000| Untracked 
| 203|0x0000000465800000, 0x0000000465800000, 0x0000000466000000|  0%| F|  |TAMS 0x0000000465800000| PB 0x0000000465800000| Untracked 
| 204|0x0000000466000000, 0x0000000466000000, 0x0000000466800000|  0%| F|  |TAMS 0x0000000466000000| PB 0x0000000466000000| Untracked 
| 205|0x0000000466800000, 0x0000000466800000, 0x0000000467000000|  0%| F|  |TAMS 0x0000000466800000| PB 0x0000000466800000| Untracked 
| 206|0x0000000467000000, 0x0000000467000000, 0x0000000467800000|  0%| F|  |TAMS 0x0000000467000000| PB 0x0000000467000000| Untracked 
| 207|0x0000000467800000, 0x0000000467800000, 0x0000000468000000|  0%| F|  |TAMS 0x0000000467800000| PB 0x0000000467800000| Untracked 
| 208|0x0000000468000000, 0x0000000468000000, 0x0000000468800000|  0%| F|  |TAMS 0x0000000468000000| PB 0x0000000468000000| Untracked 
| 209|0x0000000468800000, 0x0000000468800000, 0x0000000469000000|  0%| F|  |TAMS 0x0000000468800000| PB 0x0000000468800000| Untracked 
| 210|0x0000000469000000, 0x0000000469000000, 0x0000000469800000|  0%| F|  |TAMS 0x0000000469000000| PB 0x0000000469000000| Untracked 
| 211|0x0000000469800000, 0x0000000469800000, 0x000000046a000000|  0%| F|  |TAMS 0x0000000469800000| PB 0x0000000469800000| Untracked 
| 212|0x000000046a000000, 0x000000046a000000, 0x000000046a800000|  0%| F|  |TAMS 0x000000046a000000| PB 0x000000046a000000| Untracked 
| 213|0x000000046a800000, 0x000000046a800000, 0x000000046b000000|  0%| F|  |TAMS 0x000000046a800000| PB 0x000000046a800000| Untracked 
| 214|0x000000046b000000, 0x000000046b000000, 0x000000046b800000|  0%| F|  |TAMS 0x000000046b000000| PB 0x000000046b000000| Untracked 
| 215|0x000000046b800000, 0x000000046b800000, 0x000000046c000000|  0%| F|  |TAMS 0x000000046b800000| PB 0x000000046b800000| Untracked 
| 216|0x000000046c000000, 0x000000046c000000, 0x000000046c800000|  0%| F|  |TAMS 0x000000046c000000| PB 0x000000046c000000| Untracked 
| 217|0x000000046c800000, 0x000000046c800000, 0x000000046d000000|  0%| F|  |TAMS 0x000000046c800000| PB 0x000000046c800000| Untracked 
| 218|0x000000046d000000, 0x000000046d000000, 0x000000046d800000|  0%| F|  |TAMS 0x000000046d000000| PB 0x000000046d000000| Untracked 
| 219|0x000000046d800000, 0x000000046d800000, 0x000000046e000000|  0%| F|  |TAMS 0x000000046d800000| PB 0x000000046d800000| Untracked 
| 220|0x000000046e000000, 0x000000046e000000, 0x000000046e800000|  0%| F|  |TAMS 0x000000046e000000| PB 0x000000046e000000| Untracked 
| 221|0x000000046e800000, 0x000000046e800000, 0x000000046f000000|  0%| F|  |TAMS 0x000000046e800000| PB 0x000000046e800000| Untracked 
| 222|0x000000046f000000, 0x000000046f000000, 0x000000046f800000|  0%| F|  |TAMS 0x000000046f000000| PB 0x000000046f000000| Untracked 
| 223|0x000000046f800000, 0x000000046f800000, 0x0000000470000000|  0%| F|  |TAMS 0x000000046f800000| PB 0x000000046f800000| Untracked 
| 224|0x0000000470000000, 0x0000000470000000, 0x0000000470800000|  0%| F|  |TAMS 0x0000000470000000| PB 0x0000000470000000| Untracked 
| 225|0x0000000470800000, 0x0000000470800000, 0x0000000471000000|  0%| F|  |TAMS 0x0000000470800000| PB 0x0000000470800000| Untracked 
| 226|0x0000000471000000, 0x0000000471000000, 0x0000000471800000|  0%| F|  |TAMS 0x0000000471000000| PB 0x0000000471000000| Untracked 
| 227|0x0000000471800000, 0x0000000471800000, 0x0000000472000000|  0%| F|  |TAMS 0x0000000471800000| PB 0x0000000471800000| Untracked 
| 228|0x0000000472000000, 0x0000000472000000, 0x0000000472800000|  0%| F|  |TAMS 0x0000000472000000| PB 0x0000000472000000| Untracked 
| 229|0x0000000472800000, 0x0000000472800000, 0x0000000473000000|  0%| F|  |TAMS 0x0000000472800000| PB 0x0000000472800000| Untracked 
| 230|0x0000000473000000, 0x0000000473000000, 0x0000000473800000|  0%| F|  |TAMS 0x0000000473000000| PB 0x0000000473000000| Untracked 
| 231|0x0000000473800000, 0x0000000473800000, 0x0000000474000000|  0%| F|  |TAMS 0x0000000473800000| PB 0x0000000473800000| Untracked 
| 232|0x0000000474000000, 0x0000000474000000, 0x0000000474800000|  0%| F|  |TAMS 0x0000000474000000| PB 0x0000000474000000| Untracked 
| 233|0x0000000474800000, 0x0000000474800000, 0x0000000475000000|  0%| F|  |TAMS 0x0000000474800000| PB 0x0000000474800000| Untracked 
| 234|0x0000000475000000, 0x0000000475000000, 0x0000000475800000|  0%| F|  |TAMS 0x0000000475000000| PB 0x0000000475000000| Untracked 
| 235|0x0000000475800000, 0x0000000475800000, 0x0000000476000000|  0%| F|  |TAMS 0x0000000475800000| PB 0x0000000475800000| Untracked 
| 236|0x0000000476000000, 0x0000000476000000, 0x0000000476800000|  0%| F|  |TAMS 0x0000000476000000| PB 0x0000000476000000| Untracked 
| 237|0x0000000476800000, 0x0000000476800000, 0x0000000477000000|  0%| F|  |TAMS 0x0000000476800000| PB 0x0000000476800000| Untracked 
| 238|0x0000000477000000, 0x0000000477000000, 0x0000000477800000|  0%| F|  |TAMS 0x0000000477000000| PB 0x0000000477000000| Untracked 
| 239|0x0000000477800000, 0x0000000477800000, 0x0000000478000000|  0%| F|  |TAMS 0x0000000477800000| PB 0x0000000477800000| Untracked 
| 240|0x0000000478000000, 0x0000000478000000, 0x0000000478800000|  0%| F|  |TAMS 0x0000000478000000| PB 0x0000000478000000| Untracked 
| 241|0x0000000478800000, 0x0000000478800000, 0x0000000479000000|  0%| F|  |TAMS 0x0000000478800000| PB 0x0000000478800000| Untracked 
| 242|0x0000000479000000, 0x0000000479000000, 0x0000000479800000|  0%| F|  |TAMS 0x0000000479000000| PB 0x0000000479000000| Untracked 
| 243|0x0000000479800000, 0x0000000479800000, 0x000000047a000000|  0%| F|  |TAMS 0x0000000479800000| PB 0x0000000479800000| Untracked 
| 244|0x000000047a000000, 0x000000047a000000, 0x000000047a800000|  0%| F|  |TAMS 0x000000047a000000| PB 0x000000047a000000| Untracked 
| 245|0x000000047a800000, 0x000000047a800000, 0x000000047b000000|  0%| F|  |TAMS 0x000000047a800000| PB 0x000000047a800000| Untracked 
| 246|0x000000047b000000, 0x000000047b000000, 0x000000047b800000|  0%| F|  |TAMS 0x000000047b000000| PB 0x000000047b000000| Untracked 
| 247|0x000000047b800000, 0x000000047b800000, 0x000000047c000000|  0%| F|  |TAMS 0x000000047b800000| PB 0x000000047b800000| Untracked 
| 248|0x000000047c000000, 0x000000047c000000, 0x000000047c800000|  0%| F|  |TAMS 0x000000047c000000| PB 0x000000047c000000| Untracked 
| 249|0x000000047c800000, 0x000000047c800000, 0x000000047d000000|  0%| F|  |TAMS 0x000000047c800000| PB 0x000000047c800000| Untracked 
| 250|0x000000047d000000, 0x000000047d000000, 0x000000047d800000|  0%| F|  |TAMS 0x000000047d000000| PB 0x000000047d000000| Untracked 
|2036|0x00000007fa000000, 0x00000007fa800000, 0x00000007fa800000|100%| O|  |TAMS 0x00000007fa543200| PB 0x00000007fa000000| Untracked 
|2037|0x00000007fa800000, 0x00000007fb000000, 0x00000007fb000000|100%| O|  |TAMS 0x00000007fb000000| PB 0x00000007fa800000| Untracked 
|2038|0x00000007fb000000, 0x00000007fb800000, 0x00000007fb800000|100%| O|  |TAMS 0x00000007fb800000| PB 0x00000007fb000000| Untracked 
|2039|0x00000007fb800000, 0x00000007fc000000, 0x00000007fc000000|100%| O|  |TAMS 0x00000007fc000000| PB 0x00000007fb800000| Untracked 
|2040|0x00000007fc000000, 0x00000007fc800000, 0x00000007fc800000|100%| O|  |TAMS 0x00000007fc800000| PB 0x00000007fc000000| Untracked 
|2041|0x00000007fc800000, 0x00000007fd000000, 0x00000007fd000000|100%| O|  |TAMS 0x00000007fd000000| PB 0x00000007fc800000| Untracked 
|2042|0x00000007fd000000, 0x00000007fd800000, 0x00000007fd800000|100%| O|  |TAMS 0x00000007fd800000| PB 0x00000007fd000000| Untracked 
|2043|0x00000007fd800000, 0x00000007fe000000, 0x00000007fe000000|100%| O|  |TAMS 0x00000007fe000000| PB 0x00000007fd800000| Untracked 
|2044|0x00000007fe000000, 0x00000007fe800000, 0x00000007fe800000|100%| O|  |TAMS 0x00000007fe800000| PB 0x00000007fe000000| Untracked 
|2045|0x00000007fe800000, 0x00000007ff000000, 0x00000007ff000000|100%| O|  |TAMS 0x00000007ff000000| PB 0x00000007fe800000| Untracked 
|2046|0x00000007ff000000, 0x00000007ff779000, 0x00000007ff800000| 93%|OA|  |TAMS 0x00000007ff779000| PB 0x00000007ff000000| Untracked 
|2047|0x00000007ff800000, 0x00000007ff882000, 0x0000000800000000|  6%|CA|  |TAMS 0x00000007ff800000| PB 0x00000007ff800000| Untracked 

Card table byte_map: [0x00007f72fcdc9000,0x00007f72fedc9000] _byte_map_base: 0x00007f72fadc9000

Marking Bits: (CMBitMap*) 0x00007f731804b860
 Bits: [0x00007f72eadc9000, 0x00007f72fadc9000)

Polling page: 0x00007f731f596000

Metaspace:

Usage:
  Non-class:     92.83 MB used.
      Class:     14.12 MB used.
       Both:    106.95 MB used.

Virtual space:
  Non-class space:      128.00 MB reserved,      93.50 MB ( 73%) committed,  2 nodes.
      Class space:        1.00 GB reserved,      14.50 MB (  1%) committed,  1 nodes.
             Both:        1.12 GB reserved,     108.00 MB (  9%) committed. 

Chunk freelists:
   Non-Class:  1.78 MB
       Class:  1.38 MB
        Both:  3.16 MB

MaxMetaspaceSize: unlimited
CompressedClassSpaceSize: 1.00 GB
Initial GC threshold: 21.00 MB
Current GC threshold: 159.69 MB
CDS: on
MetaspaceReclaimPolicy: balanced
 - commit_granule_bytes: 65536.
 - commit_granule_words: 8192.
 - virtual_space_node_default_size: 8388608.
 - enlarge_chunks_in_place: 1.
 - new_chunks_are_fully_committed: 0.
 - uncommit_free_chunks: 1.
 - use_allocation_guard: 0.


Internal statistics:

num_allocs_failed_limit: 13.
num_arena_births: 1018.
num_arena_deaths: 104.
num_vsnodes_births: 3.
num_vsnodes_deaths: 0.
num_space_committed: 1724.
num_space_uncommitted: 0.
num_chunks_returned_to_freelist: 154.
num_chunks_taken_from_freelist: 5585.
num_chunk_merges: 66.
num_chunk_splits: 3618.
num_chunks_enlarged: 2249.
num_inconsistent_stats: 0.

CodeHeap 'non-profiled nmethods': size=119168Kb used=19846Kb max_used=19846Kb free=99322Kb
 bounds [0x00007f7308969000, 0x00007f7309cd9000, 0x00007f730fdc9000]
CodeHeap 'profiled nmethods': size=119164Kb used=41213Kb max_used=41213Kb free=77950Kb
 bounds [0x00007f7300dc9000, 0x00007f7303609000, 0x00007f7308228000]
CodeHeap 'non-nmethods': size=7428Kb used=1931Kb max_used=3794Kb free=5496Kb
 bounds [0x00007f7308228000, 0x00007f73085f8000, 0x00007f7308969000]
 total_blobs=22206 nmethods=21361 adapters=753
 compilation: enabled
              stopped_count=0, restarted_count=0
 full_count=0

Compilation events (20 events):
Event: 26.650 Thread 0x00007f72a47b25d0 22252       4       sbtassembly.MergeStrategy$::$anonfun$deduplicate$4 (2 bytes)
Event: 26.650 Thread 0x00007f72a47b25d0 nmethod 22252 0x00007f7309cc7a10 code [0x00007f7309cc7b80, 0x00007f7309cc7be8]
Event: 26.716 Thread 0x00007f73181afcc0 22253       4       jdk.internal.misc.InternalLock::newLockOrNull (18 bytes)
Event: 26.720 Thread 0x00007f73181afcc0 nmethod 22253 0x00007f7309cc7d10 code [0x00007f7309cc7ea0, 0x00007f7309cc81a8]
Event: 26.995 Thread 0x00007f72a43e8610 22254   !   4       java.util.WeakHashMap::expungeStaleEntries (139 bytes)
Event: 27.022 Thread 0x00007f72a43e8610 nmethod 22254 0x00007f7309cc8310 code [0x00007f7309cc8540, 0x00007f7309cc9028]
Event: 27.123 Thread 0x00007f73181b1380 22255       3       java.util.concurrent.LinkedBlockingQueue::fullyLock (15 bytes)
Event: 27.125 Thread 0x00007f73181b1380 nmethod 22255 0x00007f7303601790 code [0x00007f7303601980, 0x00007f7303601fd0]
Event: 27.126 Thread 0x00007f73181b1380 22256       3       java.util.concurrent.LinkedBlockingQueue::fullyUnlock (15 bytes)
Event: 27.126 Thread 0x00007f73181b1380 nmethod 22256 0x00007f7303602210 code [0x00007f7303602400, 0x00007f7303602a40]
Event: 27.251 Thread 0x00007f73181afcc0 22257       4       java.util.WeakHashMap::put (160 bytes)
Event: 27.280 Thread 0x00007f73181afcc0 nmethod 22257 0x00007f7309cc9690 code [0x00007f7309cc9840, 0x00007f7309cca410]
Event: 27.361 Thread 0x00007f73181b1380 22258       3       $d6e356ec08ea439afd93$::$anonfun$commonSettings$16 (278 bytes)
Event: 27.363 Thread 0x00007f73181b1380 nmethod 22258 0x00007f7303602c90 code [0x00007f73036030a0, 0x00007f7303605230]
Event: 27.428 Thread 0x00007f73181b1380 22260       3       scala.collection.parallel.immutable.ParHashMap$ParHashMapIterator::shouldSplitFurther (7 bytes)
Event: 27.429 Thread 0x00007f73181b1380 nmethod 22260 0x00007f7303605a10 code [0x00007f7303605be0, 0x00007f7303606038]
Event: 27.429 Thread 0x00007f73181b1380 22259       3       scala.collection.parallel.immutable.ParHashMap::size (8 bytes)
Event: 27.430 Thread 0x00007f73181b1380 nmethod 22259 0x00007f7303606210 code [0x00007f73036063a0, 0x00007f7303606570]
Event: 27.705 Thread 0x00007f73181b1380 22261   !   3       java.util.zip.ZipFile$Source::getEntryPos (195 bytes)
Event: 27.707 Thread 0x00007f73181b1380 nmethod 22261 0x00007f7303606610 code [0x00007f7303606900, 0x00007f7303607a70]

GC Heap History (20 events):
Event: 16.772 GC heap after
{Heap after GC invocations=20 (full 0):
 garbage-first heap   total 983040K, used 450540K [0x0000000400000000, 0x0000000800000000)
  region size 8192K, 8 young (65536K), 8 survivors (65536K)
 Metaspace       used 100044K, committed 101120K, reserved 1179648K
  class space    used 13200K, committed 13568K, reserved 1048576K
}
Event: 17.913 GC heap before
{Heap before GC invocations=20 (full 0):
 garbage-first heap   total 983040K, used 802796K [0x0000000400000000, 0x0000000800000000)
  region size 8192K, 51 young (417792K), 8 survivors (65536K)
 Metaspace       used 100059K, committed 101120K, reserved 1179648K
  class space    used 13204K, committed 13568K, reserved 1048576K
}
Event: 17.934 GC heap after
{Heap after GC invocations=21 (full 0):
 garbage-first heap   total 983040K, used 428964K [0x0000000400000000, 0x0000000800000000)
  region size 8192K, 2 young (16384K), 2 survivors (16384K)
 Metaspace       used 100059K, committed 101120K, reserved 1179648K
  class space    used 13204K, committed 13568K, reserved 1048576K
}
Event: 18.905 GC heap before
{Heap before GC invocations=21 (full 0):
 garbage-first heap   total 983040K, used 822180K [0x0000000400000000, 0x0000000800000000)
  region size 8192K, 50 young (409600K), 2 survivors (16384K)
 Metaspace       used 103116K, committed 104192K, reserved 1179648K
  class space    used 13609K, committed 14016K, reserved 1048576K
}
Event: 18.925 GC heap after
{Heap after GC invocations=22 (full 0):
 garbage-first heap   total 1392640K, used 463737K [0x0000000400000000, 0x0000000800000000)
  region size 8192K, 7 young (57344K), 7 survivors (57344K)
 Metaspace       used 103116K, committed 104192K, reserved 1179648K
  class space    used 13609K, committed 14016K, reserved 1048576K
}
Event: 20.058 GC heap before
{Heap before GC invocations=22 (full 0):
 garbage-first heap   total 1392640K, used 1143673K [0x0000000400000000, 0x0000000800000000)
  region size 8192K, 89 young (729088K), 7 survivors (57344K)
 Metaspace       used 103588K, committed 104704K, reserved 1179648K
  class space    used 13622K, committed 14016K, reserved 1048576K
}
Event: 20.078 GC heap after
{Heap after GC invocations=23 (full 0):
 garbage-first heap   total 1392640K, used 467785K [0x0000000400000000, 0x0000000800000000)
  region size 8192K, 7 young (57344K), 7 survivors (57344K)
 Metaspace       used 103588K, committed 104704K, reserved 1179648K
  class space    used 13622K, committed 14016K, reserved 1048576K
}
Event: 21.815 GC heap before
{Heap before GC invocations=23 (full 0):
 garbage-first heap   total 1392640K, used 1311561K [0x0000000400000000, 0x0000000800000000)
  region size 8192K, 94 young (770048K), 7 survivors (57344K)
 Metaspace       used 108294K, committed 109376K, reserved 1179648K
  class space    used 14208K, committed 14592K, reserved 1048576K
}
Event: 21.870 GC heap after
{Heap after GC invocations=24 (full 0):
 garbage-first heap   total 1474560K, used 546151K [0x0000000400000000, 0x0000000800000000)
  region size 8192K, 12 young (98304K), 12 survivors (98304K)
 Metaspace       used 108294K, committed 109376K, reserved 1179648K
  class space    used 14208K, committed 14592K, reserved 1048576K
}
Event: 22.833 GC heap before
{Heap before GC invocations=24 (full 0):
 garbage-first heap   total 1474560K, used 1291623K [0x0000000400000000, 0x0000000800000000)
  region size 8192K, 97 young (794624K), 12 survivors (98304K)
 Metaspace       used 108405K, committed 109568K, reserved 1179648K
  class space    used 14217K, committed 14656K, reserved 1048576K
}
Event: 22.935 GC heap after
{Heap after GC invocations=25 (full 0):
 garbage-first heap   total 1548288K, used 683747K [0x0000000400000000, 0x0000000800000000)
  region size 8192K, 13 young (106496K), 13 survivors (106496K)
 Metaspace       used 108405K, committed 109568K, reserved 1179648K
  class space    used 14217K, committed 14656K, reserved 1048576K
}
Event: 24.357 GC heap before
{Heap before GC invocations=25 (full 0):
 garbage-first heap   total 1548288K, used 1289955K [0x0000000400000000, 0x0000000800000000)
  region size 8192K, 87 young (712704K), 13 survivors (106496K)
 Metaspace       used 109210K, committed 110336K, reserved 1179648K
  class space    used 14384K, committed 14784K, reserved 1048576K
}
Event: 24.427 GC heap after
{Heap after GC invocations=26 (full 0):
 garbage-first heap   total 2080768K, used 750043K [0x0000000400000000, 0x0000000800000000)
  region size 8192K, 8 young (65536K), 8 survivors (65536K)
 Metaspace       used 109210K, committed 110336K, reserved 1179648K
  class space    used 14384K, committed 14784K, reserved 1048576K
}
Event: 26.114 GC heap before
{Heap before GC invocations=26 (full 0):
 garbage-first heap   total 2080768K, used 1724891K [0x0000000400000000, 0x0000000800000000)
  region size 8192K, 123 young (1007616K), 8 survivors (65536K)
 Metaspace       used 109516K, committed 110592K, reserved 1179648K
  class space    used 14463K, committed 14848K, reserved 1048576K
}
Event: 26.153 GC heap after
{Heap after GC invocations=27 (full 0):
 garbage-first heap   total 2080768K, used 866394K [0x0000000400000000, 0x0000000800000000)
  region size 8192K, 16 young (131072K), 16 survivors (131072K)
 Metaspace       used 109516K, committed 110592K, reserved 1179648K
  class space    used 14463K, committed 14848K, reserved 1048576K
}
Event: 27.068 GC heap before
{Heap before GC invocations=27 (full 0):
 garbage-first heap   total 2080768K, used 1882202K [0x0000000400000000, 0x0000000800000000)
  region size 8192K, 124 young (1015808K), 16 survivors (131072K)
 Metaspace       used 109517K, committed 110592K, reserved 1179648K
  class space    used 14463K, committed 14848K, reserved 1048576K
}
Event: 27.121 GC heap after
{Heap after GC invocations=28 (full 0):
 garbage-first heap   total 2105344K, used 1074465K [0x0000000400000000, 0x0000000800000000)
  region size 8192K, 13 young (106496K), 13 survivors (106496K)
 Metaspace       used 109517K, committed 110592K, reserved 1179648K
  class space    used 14463K, committed 14848K, reserved 1048576K
}
Event: 27.126 GC heap before
{Heap before GC invocations=28 (full 0):
 garbage-first heap   total 2105344K, used 1074465K [0x0000000400000000, 0x0000000800000000)
  region size 8192K, 15 young (122880K), 13 survivors (106496K)
 Metaspace       used 109518K, committed 110592K, reserved 1179648K
  class space    used 14463K, committed 14848K, reserved 1048576K
}
Event: 27.140 GC heap after
{Heap after GC invocations=29 (full 0):
 garbage-first heap   total 2105344K, used 1073777K [0x0000000400000000, 0x0000000800000000)
  region size 8192K, 3 young (24576K), 3 survivors (24576K)
 Metaspace       used 109518K, committed 110592K, reserved 1179648K
  class space    used 14463K, committed 14848K, reserved 1048576K
}
Event: 27.994 GC heap before
{Heap before GC invocations=29 (full 0):
 garbage-first heap   total 2105344K, used 1950321K [0x0000000400000000, 0x0000000800000000)
  region size 8192K, 97 young (794624K), 3 survivors (24576K)
 Metaspace       used 109518K, committed 110592K, reserved 1179648K
  class space    used 14463K, committed 14848K, reserved 1048576K
}

Dll operation events (12 events):
Event: 0.006 Loaded shared library /home/smobaraki/work/firesim/.conda-env/lib/jvm/lib/libjava.so
Event: 0.026 Loaded shared library /home/smobaraki/work/firesim/.conda-env/lib/jvm/lib/libjsvml.so
Event: 0.041 Loaded shared library /home/smobaraki/work/firesim/.conda-env/lib/jvm/lib/libnio.so
Event: 0.047 Loaded shared library /home/smobaraki/work/firesim/.conda-env/lib/jvm/lib/libzip.so
Event: 0.115 Loaded shared library /home/smobaraki/work/firesim/.conda-env/lib/jvm/lib/libjimage.so
Event: 0.159 Loaded shared library /home/smobaraki/work/firesim/.conda-env/lib/jvm/lib/libverify.so
Event: 0.166 Loaded shared library /home/smobaraki/work/firesim/.conda-env/lib/jvm/lib/libnet.so
Event: 0.560 Loaded shared library /home/smobaraki/.cache/JNA/temp/jna12641587448021329786.tmp
Event: 0.655 Loaded shared library /home/smobaraki/work/firesim/.conda-env/lib/jvm/lib/libextnet.so
Event: 0.937 Loaded shared library /home/smobaraki/work/firesim/.conda-env/lib/jvm/lib/libmanagement.so
Event: 0.939 Loaded shared library /home/smobaraki/work/firesim/.conda-env/lib/jvm/lib/libmanagement_ext.so
Event: 2.131 Loaded shared library /run/user/1021/.sbt848495e8/swoval/swoval-jni/13169185639535161160-libswoval-files0.so

Deoptimization events (20 events):
Event: 25.833 Thread 0x00007f71e0000bc0 Uncommon trap: trap_request=0xffffffc6 fr.pc=0x00007f73097e67a0 relative=0x00000000000000a0
Event: 25.833 Thread 0x00007f71e0000bc0 Uncommon trap: reason=bimorphic_or_optimized_type_check action=maybe_recompile pc=0x00007f73097e67a0 method=scala.collection.parallel.ParIterableLike.tasksupport()Lscala/collection/parallel/TaskSupport; @ 1 c2
Event: 25.833 Thread 0x00007f71e0000bc0 DEOPT PACKING pc=0x00007f73097e67a0 sp=0x00007f71deffc6b0
Event: 25.833 Thread 0x00007f71e0000bc0 DEOPT UNPACKING pc=0x00007f7308291219 sp=0x00007f71deffc660 mode 2
Event: 26.162 Thread 0x00007f71ec000bc0 Uncommon trap: trap_request=0xffffff45 fr.pc=0x00007f7309c9e100 relative=0x0000000000001300
Event: 26.162 Thread 0x00007f71ec000bc0 Uncommon trap: reason=unstable_if action=reinterpret pc=0x00007f7309c9e100 method=java.util.WeakHashMap.expungeStaleEntries()V @ 66 c2
Event: 26.162 Thread 0x00007f71ec000bc0 DEOPT PACKING pc=0x00007f7309c9e100 sp=0x00007f71dd7f8e90
Event: 26.163 Thread 0x00007f720c0644d0 Uncommon trap: trap_request=0xffffff45 fr.pc=0x00007f7309c87a40 relative=0x0000000000000700
Event: 26.163 Thread 0x00007f720c0644d0 Uncommon trap: reason=unstable_if action=reinterpret pc=0x00007f7309c87a40 method=java.util.WeakHashMap.expungeStaleEntries()V @ 66 c2
Event: 26.163 Thread 0x00007f720c0644d0 DEOPT PACKING pc=0x00007f7309c87a40 sp=0x00007f7225511dd0
Event: 26.163 Thread 0x00007f71ec000bc0 DEOPT UNPACKING pc=0x00007f7308291219 sp=0x00007f71dd7f8d40 mode 2
Event: 26.164 Thread 0x00007f720c0644d0 DEOPT UNPACKING pc=0x00007f7308291219 sp=0x00007f7225511d50 mode 2
Event: 27.341 Thread 0x00007f71ec000bc0 Uncommon trap: trap_request=0xffffff45 fr.pc=0x00007f7309bf8208 relative=0x0000000000001188
Event: 27.341 Thread 0x00007f71ec000bc0 Uncommon trap: reason=unstable_if action=reinterpret pc=0x00007f7309bf8208 method=$d6e356ec08ea439afd93$.$anonfun$commonSettings$16(Lscala/Function1;Ljava/lang/String;)Lsbtassembly/MergeStrategy; @ 247 c2
Event: 27.341 Thread 0x00007f71ec000bc0 DEOPT PACKING pc=0x00007f7309bf8208 sp=0x00007f71dd7f9540
Event: 27.341 Thread 0x00007f71ec000bc0 DEOPT UNPACKING pc=0x00007f7308291219 sp=0x00007f71dd7f94e8 mode 2
Event: 27.687 Thread 0x00007f731948c580 Uncommon trap: trap_request=0xffffff45 fr.pc=0x00007f7309c5af8c relative=0x000000000000138c
Event: 27.687 Thread 0x00007f731948c580 Uncommon trap: reason=unstable_if action=reinterpret pc=0x00007f7309c5af8c method=java.util.zip.ZipFile$Source.getEntryPos(Ljava/lang/String;Z)I @ 113 c2
Event: 27.687 Thread 0x00007f731948c580 DEOPT PACKING pc=0x00007f7309c5af8c sp=0x00007f72837fd390
Event: 27.687 Thread 0x00007f731948c580 DEOPT UNPACKING pc=0x00007f7308291219 sp=0x00007f72837fd368 mode 2

Classes loaded (20 events):
Event: 18.699 Loading class org/xml/sax/ext/EntityResolver2
Event: 18.699 Loading class org/xml/sax/ext/EntityResolver2 done
Event: 18.699 Loading class com/sun/org/apache/xerces/internal/util/EntityResolverWrapper
Event: 18.699 Loading class com/sun/org/apache/xerces/internal/util/EntityResolverWrapper done
Event: 18.699 Loading class com/sun/org/apache/xerces/internal/impl/ExternalSubsetResolver
Event: 18.699 Loading class com/sun/org/apache/xerces/internal/impl/ExternalSubsetResolver done
Event: 18.699 Loading class com/sun/org/apache/xerces/internal/util/ErrorHandlerWrapper
Event: 18.700 Loading class com/sun/org/apache/xerces/internal/xni/parser/XMLErrorHandler
Event: 18.700 Loading class com/sun/org/apache/xerces/internal/xni/parser/XMLErrorHandler done
Event: 18.700 Loading class com/sun/org/apache/xerces/internal/util/ErrorHandlerWrapper done
Event: 18.700 Loading class com/sun/org/apache/xerces/internal/parsers/AbstractSAXParser$LocatorProxy
Event: 18.700 Loading class org/xml/sax/ext/Locator2
Event: 18.700 Loading class org/xml/sax/Locator
Event: 18.700 Loading class org/xml/sax/Locator done
Event: 18.700 Loading class org/xml/sax/ext/Locator2 done
Event: 18.700 Loading class com/sun/org/apache/xerces/internal/parsers/AbstractSAXParser$LocatorProxy done
Event: 20.484 Loading class java/io/PushbackInputStream
Event: 20.484 Loading class java/io/PushbackInputStream done
Event: 20.790 Loading class java/io/DataOutputStream
Event: 20.790 Loading class java/io/DataOutputStream done

Classes unloaded (20 events):
Event: 13.203 Thread 0x00007f731819b5a0 Unloading class 0x0000000801769c00 'java/lang/invoke/LambdaForm$DMH+0x0000000801769c00'
Event: 13.203 Thread 0x00007f731819b5a0 Unloading class 0x000000080176b000 'java/lang/invoke/LambdaForm$MH+0x000000080176b000'
Event: 13.203 Thread 0x00007f731819b5a0 Unloading class 0x0000000801770000 'java/lang/invoke/LambdaForm$DMH+0x0000000801770000'
Event: 13.203 Thread 0x00007f731819b5a0 Unloading class 0x000000080176a000 'java/lang/invoke/LambdaForm$DMH+0x000000080176a000'
Event: 13.203 Thread 0x00007f731819b5a0 Unloading class 0x000000080176a400 'java/lang/invoke/LambdaForm$DMH+0x000000080176a400'
Event: 13.203 Thread 0x00007f731819b5a0 Unloading class 0x0000000801769800 'java/lang/invoke/LambdaForm$DMH+0x0000000801769800'
Event: 13.203 Thread 0x00007f731819b5a0 Unloading class 0x000000080176a800 'java/lang/invoke/LambdaForm$DMH+0x000000080176a800'
Event: 13.203 Thread 0x00007f731819b5a0 Unloading class 0x0000000801769000 'java/lang/invoke/LambdaForm$DMH+0x0000000801769000'
Event: 13.203 Thread 0x00007f731819b5a0 Unloading class 0x0000000801768c00 'java/lang/invoke/LambdaForm$DMH+0x0000000801768c00'
Event: 13.203 Thread 0x00007f731819b5a0 Unloading class 0x0000000801768400 'java/lang/invoke/LambdaForm$DMH+0x0000000801768400'
Event: 13.203 Thread 0x00007f731819b5a0 Unloading class 0x0000000801758800 'java/lang/invoke/LambdaForm$DMH+0x0000000801758800'
Event: 13.203 Thread 0x00007f731819b5a0 Unloading class 0x0000000801758c00 'java/lang/invoke/LambdaForm$DMH+0x0000000801758c00'
Event: 13.203 Thread 0x00007f731819b5a0 Unloading class 0x0000000801768000 'java/lang/invoke/LambdaForm$DMH+0x0000000801768000'
Event: 13.203 Thread 0x00007f731819b5a0 Unloading class 0x00000008016b2800 '$8068e8f7a1427c3c452c$'
Event: 13.203 Thread 0x00007f731819b5a0 Unloading class 0x00000008016b2000 '$6f129e1c274c8debbda9$'
Event: 13.203 Thread 0x00007f731819b5a0 Unloading class 0x00000008016b1800 '$712758e0b995a25568be$'
Event: 13.203 Thread 0x00007f731819b5a0 Unloading class 0x00000008016b1000 '$8d5a20270d410f6898b9$'
Event: 13.203 Thread 0x00007f731819b5a0 Unloading class 0x00000008016b0800 '$ebca0085388ab015e72c$'
Event: 13.203 Thread 0x00007f731819b5a0 Unloading class 0x00000008016b0000 '$c72c64e443744fd88976$'
Event: 13.203 Thread 0x00007f731819b5a0 Unloading class 0x000000080168c000 '$40ce30818fb1ceb38234$'

Classes redefined (0 events):
No events

Internal exceptions (20 events):
Event: 23.170 Thread 0x00007f7270071cc0 Exception <a 'java/io/IOException'{0x000000045413f5b0}> (0x000000045413f5b0) 
thrown [src/hotspot/share/prims/jni.cpp, line 519]
Event: 23.369 Thread 0x00007f7319e28590 Exception <a 'sun/nio/fs/UnixException'{0x0000000454fd46c8}> (0x0000000454fd46c8) 
thrown [src/hotspot/share/prims/jni.cpp, line 519]
Event: 23.381 Thread 0x00007f7319e28d00 Exception <a 'sun/nio/fs/UnixException'{0x0000000452681588}> (0x0000000452681588) 
thrown [src/hotspot/share/prims/jni.cpp, line 519]
Event: 23.381 Thread 0x00007f7319e28d00 Exception <a 'sun/nio/fs/UnixException'{0x0000000452681a58}> (0x0000000452681a58) 
thrown [src/hotspot/share/prims/jni.cpp, line 519]
Event: 23.381 Thread 0x00007f7319e28d00 Exception <a 'sun/nio/fs/UnixException'{0x00000004526862e8}> (0x00000004526862e8) 
thrown [src/hotspot/share/prims/jni.cpp, line 519]
Event: 23.389 Thread 0x00007f7319e28d00 Exception <a 'sun/nio/fs/UnixException'{0x000000045270b830}> (0x000000045270b830) 
thrown [src/hotspot/share/prims/jni.cpp, line 519]
Event: 23.461 Thread 0x00007f7270071cc0 Exception <a 'java/io/IOException'{0x0000000450e91b38}> (0x0000000450e91b38) 
thrown [src/hotspot/share/prims/jni.cpp, line 519]
Event: 23.466 Thread 0x00007f7319e28d00 Exception <a 'sun/nio/fs/UnixException'{0x00000004500b1440}> (0x00000004500b1440) 
thrown [src/hotspot/share/prims/jni.cpp, line 519]
Event: 23.480 Thread 0x00007f7318b61070 Exception <a 'sun/nio/fs/UnixException'{0x00000004503a12f0}> (0x00000004503a12f0) 
thrown [src/hotspot/share/prims/jni.cpp, line 519]
Event: 23.481 Thread 0x00007f7318b61070 Exception <a 'sun/nio/fs/UnixException'{0x00000004503a17b8}> (0x00000004503a17b8) 
thrown [src/hotspot/share/prims/jni.cpp, line 519]
Event: 23.481 Thread 0x00007f7318b61070 Exception <a 'sun/nio/fs/UnixException'{0x00000004503a5f90}> (0x00000004503a5f90) 
thrown [src/hotspot/share/prims/jni.cpp, line 519]
Event: 23.490 Thread 0x00007f7318b61070 Exception <a 'sun/nio/fs/UnixException'{0x00000004504fa490}> (0x00000004504fa490) 
thrown [src/hotspot/share/prims/jni.cpp, line 519]
Event: 23.497 Thread 0x00007f7318b61070 Exception <a 'sun/nio/fs/UnixException'{0x000000045053ec98}> (0x000000045053ec98) 
thrown [src/hotspot/share/prims/jni.cpp, line 519]
Event: 23.525 Thread 0x00007f7318b61070 Exception <a 'java/lang/NoSuchMethodError'{0x0000000450591f68}: 'java.lang.Object java.lang.invoke.DirectMethodHandle$Holder.invokeStatic(java.lang.Object, java.lang.Object, long, long)'> (0x0000000450591f68) 
thrown [src/hotspot/share/interpreter/linkResolver.cpp, line 772]
Event: 23.526 Thread 0x00007f7318b61070 Exception <a 'java/lang/NoSuchMethodError'{0x0000000450599be8}: 'java.lang.Object java.lang.invoke.DirectMethodHandle$Holder.newInvokeSpecial(java.lang.Object, java.lang.Object, long, long)'> (0x0000000450599be8) 
thrown [src/hotspot/share/interpreter/linkResolver.cpp, line 772]
Event: 23.526 Thread 0x00007f7318b61070 Exception <a 'java/lang/NoSuchMethodError'{0x000000045059d9d8}: 'java.lang.Object java.lang.invoke.DirectMethodHandle$Holder.invokeSpecial(java.lang.Object, java.lang.Object, java.lang.Object, long, long)'> (0x000000045059d9d8) 
thrown [src/hotspot/share/interpreter/linkResolver.cpp, line 772]
Event: 23.526 Thread 0x00007f7318b61070 Exception <a 'java/lang/NoSuchMethodError'{0x00000004505a1228}: 'java.lang.Object java.lang.invoke.Invokers$Holder.linkToTargetMethod(java.lang.Object, long, long, java.lang.Object)'> (0x00000004505a1228) 
thrown [src/hotspot/share/interpreter/linkResolver.cpp, line 772]
Event: 24.016 Thread 0x00007f7318b61070 Exception <a 'java/lang/NoSuchMethodError'{0x000000043cae0e78}: 'java.lang.Object java.lang.invoke.DirectMethodHandle$Holder.newInvokeSpecial(java.lang.Object, java.lang.Object, java.lang.Object, java.lang.Object, java.lang.Object, java.lang.Object, java.lang.Object, java.lang.Object, java.lang.Object, java.lang.Object, java.lang.Object)'> (0x000000043cae0e78) 
thrown [src/hotspot/share/interpreter/linkResolver.cpp, line 772]
Event: 24.679 Thread 0x00007f7318b61070 Exception <a 'sun/nio/fs/UnixException'{0x00000004711eaf20}> (0x00000004711eaf20) 
thrown [src/hotspot/share/prims/jni.cpp, line 519]
Event: 24.745 Thread 0x00007f7318b61070 Exception <a 'sun/nio/fs/UnixException'{0x000000046fdc7b08}> (0x000000046fdc7b08) 
thrown [src/hotspot/share/prims/jni.cpp, line 519]

VM Operations (20 events):
Event: 23.997 Executing VM operation: HandshakeAllThreads done
Event: 24.357 Executing VM operation: G1CollectForAllocation
Event: 24.427 Executing VM operation: G1CollectForAllocation done
Event: 25.427 Executing VM operation: Cleanup
Event: 25.428 Executing VM operation: Cleanup done
Event: 26.114 Executing VM operation: G1CollectForAllocation
Event: 26.114 Executing VM operation: G1CollectForAllocation done
Event: 26.114 Executing VM operation: G1CollectForAllocation
Event: 26.153 Executing VM operation: G1CollectForAllocation done
Event: 27.067 Executing VM operation: G1CollectForAllocation
Event: 27.068 Executing VM operation: G1CollectForAllocation done
Event: 27.068 Executing VM operation: G1CollectForAllocation
Event: 27.121 Executing VM operation: G1CollectForAllocation done
Event: 27.125 Executing VM operation: G1TryInitiateConcMark
Event: 27.125 Executing VM operation: G1TryInitiateConcMark done
Event: 27.126 Executing VM operation: G1TryInitiateConcMark
Event: 27.140 Executing VM operation: G1TryInitiateConcMark done
Event: 27.992 Executing VM operation: G1CollectForAllocation
Event: 27.993 Executing VM operation: G1CollectForAllocation done
Event: 27.993 Executing VM operation: G1CollectForAllocation

Events (20 events):
Event: 24.988 Protecting memory [0x00007f7227dfe000,0x00007f7227e02000] with protection modes 0
Event: 24.988 Protecting memory [0x00007f7227cfd000,0x00007f7227d01000] with protection modes 0
Event: 24.988 Thread 0x00007f721c873960 Thread added: 0x00007f721c873960
Event: 24.989 Protecting memory [0x00007f7227bfc000,0x00007f7227c00000] with protection modes 0
Event: 25.265 Thread 0x00007f721c873960 Thread exited: 0x00007f721c873960
Event: 25.473 Thread 0x00007f715c020a30 Thread exited: 0x00007f715c020a30
Event: 25.476 Thread 0x00007f715c000d20 Thread exited: 0x00007f715c000d20
Event: 25.477 Thread 0x00007f72a43e8610 Thread exited: 0x00007f72a43e8610
Event: 25.513 Thread 0x00007f721c52b780 Thread exited: 0x00007f721c52b780
Event: 25.713 Thread 0x00007f721c889c70 Thread exited: 0x00007f721c889c70
Event: 25.773 Thread 0x00007f715c00e250 Thread exited: 0x00007f715c00e250
Event: 25.773 Thread 0x00007f72a81ef100 Thread exited: 0x00007f72a81ef100
Event: 25.773 Thread 0x00007f72a8289630 Thread exited: 0x00007f72a8289630
Event: 25.916 Thread 0x00007f72a4043780 Thread exited: 0x00007f72a4043780
Event: 26.350 Thread 0x00007f72a43e8610 Thread added: 0x00007f72a43e8610
Event: 26.350 Protecting memory [0x00007f72d8399000,0x00007f72d839d000] with protection modes 0
Event: 26.350 Thread 0x00007f72a47b25d0 Thread added: 0x00007f72a47b25d0
Event: 26.354 Protecting memory [0x00007f72800dd000,0x00007f72800e1000] with protection modes 0
Event: 26.995 Thread 0x00007f72a47b25d0 Thread exited: 0x00007f72a47b25d0
Event: 27.123 Thread 0x00007f72a43e8610 Thread exited: 0x00007f72a43e8610


Dynamic libraries:
400000000-47d800000 rw-p 00000000 00:00 0 
53c800000-7fa000000 ---p 00000000 00:00 0 
7fa000000-7ff700000 rw-p 00000000 00:00 0 
7ff700000-7ff779000 rw-p 00d24000 fd:02 4630175257                       /home/smobaraki/work/firesim/.conda-env/lib/jvm/lib/server/classes.jsa
7ff779000-7ff800000 rw-p 00000000 00:00 0 
7ff800000-7ff882000 rw-p 00ca2000 fd:02 4630175257                       /home/smobaraki/work/firesim/.conda-env/lib/jvm/lib/server/classes.jsa
7ff882000-800000000 rw-p 00000000 00:00 0 
800000000-80047a000 rw-p 00001000 fd:02 4630175257                       /home/smobaraki/work/firesim/.conda-env/lib/jvm/lib/server/classes.jsa
80047a000-800c65000 r--p 0047b000 fd:02 4630175257                       /home/smobaraki/work/firesim/.conda-env/lib/jvm/lib/server/classes.jsa
800c65000-801000000 ---p 00000000 00:00 0 
801000000-801040000 rw-p 00000000 00:00 0 
801040000-801080000 rw-p 00000000 00:00 0 
801080000-8014c0000 rw-p 00000000 00:00 0 
8014c0000-801500000 rw-p 00000000 00:00 0 
801500000-801ac0000 rw-p 00000000 00:00 0 
801ac0000-801b00000 rw-p 00000000 00:00 0 
801b00000-801bc0000 rw-p 00000000 00:00 0 
801bc0000-801be0000 rw-p 00000000 00:00 0 
801be0000-801c00000 ---p 00000000 00:00 0 
801c00000-801ea0000 rw-p 00000000 00:00 0 
801ea0000-841000000 ---p 00000000 00:00 0 
55dbc609b000-55dbc609c000 r--p 00000000 fd:02 6691819782                 /home/smobaraki/work/firesim/.conda-env/lib/jvm/bin/java
55dbc609c000-55dbc609d000 r-xp 00001000 fd:02 6691819782                 /home/smobaraki/work/firesim/.conda-env/lib/jvm/bin/java
55dbc609d000-55dbc609e000 r--p 00002000 fd:02 6691819782                 /home/smobaraki/work/firesim/.conda-env/lib/jvm/bin/java
55dbc609e000-55dbc609f000 r--p 00002000 fd:02 6691819782                 /home/smobaraki/work/firesim/.conda-env/lib/jvm/bin/java
55dbc609f000-55dbc60a0000 rw-p 00003000 fd:02 6691819782                 /home/smobaraki/work/firesim/.conda-env/lib/jvm/bin/java
55dbc76f9000-55dbc773f000 rw-p 00000000 00:00 0                          [heap]
7f710ac7a000-7f710c000000 rw-p 00000000 00:00 0 
7f710c000000-7f710c133000 rw-p 00000000 00:00 0 
7f710c133000-7f7110000000 ---p 00000000 00:00 0 
7f7110000000-7f7110142000 rw-p 00000000 00:00 0 
7f7110142000-7f7114000000 ---p 00000000 00:00 0 
7f711474c000-7f7115cd3000 rw-p 00000000 00:00 0 
7f711601e000-7f7116f8e000 rw-p 00000000 00:00 0 
7f7116f8e000-7f7116f92000 ---p 00000000 00:00 0 
7f7116f92000-7f7118000000 rw-p 00000000 00:00 0 
7f7118000000-7f71191e3000 rw-p 00000000 00:00 0 
7f71191e3000-7f711c000000 ---p 00000000 00:00 0 
7f711c000000-7f711ca2a000 rw-p 00000000 00:00 0 
7f711ca2a000-7f7120000000 ---p 00000000 00:00 0 
7f7120000000-7f7120e52000 rw-p 00000000 00:00 0 
7f7120e52000-7f7124000000 ---p 00000000 00:00 0 
7f7124000000-7f7125098000 rw-p 00000000 00:00 0 
7f7125098000-7f7128000000 ---p 00000000 00:00 0 
7f7128000000-7f71280a3000 rw-p 00000000 00:00 0 
7f71280a3000-7f712c000000 ---p 00000000 00:00 0 
7f712c000000-7f712c021000 rw-p 00000000 00:00 0 
7f712c021000-7f7130000000 ---p 00000000 00:00 0 
7f7130000000-7f7130c0f000 rw-p 00000000 00:00 0 
7f7130c0f000-7f7134000000 ---p 00000000 00:00 0 
7f7134000000-7f7134021000 rw-p 00000000 00:00 0 
7f7134021000-7f7138000000 ---p 00000000 00:00 0 
7f7138000000-7f7138c22000 rw-p 00000000 00:00 0 
7f7138c22000-7f713c000000 ---p 00000000 00:00 0 
7f713c000000-7f713c0d4000 rw-p 00000000 00:00 0 
7f713c0d4000-7f7140000000 ---p 00000000 00:00 0 
7f7140000000-7f7140b6c000 rw-p 00000000 00:00 0 
7f7140b6c000-7f7144000000 ---p 00000000 00:00 0 
7f7144000000-7f71449fa000 rw-p 00000000 00:00 0 
7f71449fa000-7f7148000000 ---p 00000000 00:00 0 
7f7148000000-7f71487bf000 rw-p 00000000 00:00 0 
7f71487bf000-7f714c000000 ---p 00000000 00:00 0 
7f714c000000-7f714c089000 rw-p 00000000 00:00 0 
7f714c089000-7f7150000000 ---p 00000000 00:00 0 
7f715007e000-7f71507f9000 rw-p 00000000 00:00 0 
7f71507f9000-7f71507fd000 ---p 00000000 00:00 0 
7f71507fd000-7f7150ffa000 rw-p 00000000 00:00 0 
7f7150ffa000-7f7150ffe000 ---p 00000000 00:00 0 
7f7150ffe000-7f71517fb000 rw-p 00000000 00:00 0 
7f71517fb000-7f71517ff000 ---p 00000000 00:00 0 
7f71517ff000-7f7151ffc000 rw-p 00000000 00:00 0 
7f7151ffc000-7f7152000000 ---p 00000000 00:00 0 
7f7152000000-7f71527fd000 rw-p 00000000 00:00 0 
7f71527fd000-7f7152801000 ---p 00000000 00:00 0 
7f7152801000-7f7152ffe000 rw-p 00000000 00:00 0 
7f7152ffe000-7f7153002000 ---p 00000000 00:00 0 
7f7153002000-7f71537ff000 rw-p 00000000 00:00 0 
7f71537ff000-7f7153803000 ---p 00000000 00:00 0 
7f7153803000-7f7154000000 rw-p 00000000 00:00 0 
7f7154000000-7f71540a2000 rw-p 00000000 00:00 0 
7f71540a2000-7f7158000000 ---p 00000000 00:00 0 
7f715807e000-7f71587f9000 rw-p 00000000 00:00 0 
7f71587f9000-7f71587fd000 ---p 00000000 00:00 0 
7f71587fd000-7f7158ffa000 rw-p 00000000 00:00 0 
7f7158ffa000-7f7158ffe000 ---p 00000000 00:00 0 
7f7158ffe000-7f71597fb000 rw-p 00000000 00:00 0 
7f71597fb000-7f71597ff000 ---p 00000000 00:00 0 
7f71597ff000-7f7159ffc000 rw-p 00000000 00:00 0 
7f7159ffc000-7f715a000000 ---p 00000000 00:00 0 
7f715a000000-7f715a7fd000 rw-p 00000000 00:00 0 
7f715a7fd000-7f715a801000 ---p 00000000 00:00 0 
7f715a801000-7f715affe000 rw-p 00000000 00:00 0 
7f715affe000-7f715b002000 ---p 00000000 00:00 0 
7f715b002000-7f715b7ff000 rw-p 00000000 00:00 0 
7f715b7ff000-7f715b803000 ---p 00000000 00:00 0 
7f715b803000-7f715c000000 rw-p 00000000 00:00 0 
7f715c000000-7f715c393000 rw-p 00000000 00:00 0 
7f715c393000-7f7160000000 ---p 00000000 00:00 0 
7f7160000000-7f7160418000 rw-p 00000000 00:00 0 
7f7160418000-7f7164000000 ---p 00000000 00:00 0 
7f7164000000-7f7164021000 rw-p 00000000 00:00 0 
7f7164021000-7f7168000000 ---p 00000000 00:00 0 
7f7168000000-7f71685b2000 rw-p 00000000 00:00 0 
7f71685b2000-7f716c000000 ---p 00000000 00:00 0 
7f716c000000-7f716c021000 rw-p 00000000 00:00 0 
7f716c021000-7f7170000000 ---p 00000000 00:00 0 
7f7170000000-7f71702fd000 rw-p 00000000 00:00 0 
7f71702fd000-7f7174000000 ---p 00000000 00:00 0 
7f7174000000-7f7174300000 rw-p 00000000 00:00 0 
7f7174300000-7f7174400000 rw-p 00000000 00:00 0 
7f7174400000-7f71746c0000 rw-p 00000000 00:00 0 
7f71746c0000-7f7174700000 rw-p 00000000 00:00 0 
7f7174700000-7f7174900000 rw-p 00000000 00:00 0 
7f7174900000-7f7174b80000 rw-p 00000000 00:00 0 
7f7174b80000-7f7174c00000 rw-p 00000000 00:00 0 
7f7174c00000-7f7174de0000 rw-p 00000000 00:00 0 
7f7174de0000-7f71757e0000 rw-p 00000000 00:00 0 
7f71757e0000-7f7175800000 rw-p 00000000 00:00 0 
7f7175800000-7f7175900000 rw-p 00000000 00:00 0 
7f7175900000-7f7175940000 rw-p 00000000 00:00 0 
7f7175940000-7f7175a00000 ---p 00000000 00:00 0 
7f7175a00000-7f7175e40000 rw-p 00000000 00:00 0 
7f7175e40000-7f7178000000 ---p 00000000 00:00 0 
7f7178000000-7f7178075000 rw-p 00000000 00:00 0 
7f7178075000-7f717c000000 ---p 00000000 00:00 0 
7f717c7f9000-7f717c7fd000 ---p 00000000 00:00 0 
7f717c7fd000-7f717cffa000 rw-p 00000000 00:00 0 
7f717cffa000-7f717cffe000 ---p 00000000 00:00 0 
7f717cffe000-7f717d7fb000 rw-p 00000000 00:00 0 
7f717d7fb000-7f717d7ff000 ---p 00000000 00:00 0 
7f717d7ff000-7f717dffc000 rw-p 00000000 00:00 0 
7f717dffc000-7f717e000000 ---p 00000000 00:00 0 
7f717e000000-7f717e7fd000 rw-p 00000000 00:00 0 
7f717e7fd000-7f717e801000 ---p 00000000 00:00 0 
7f717e801000-7f717effe000 rw-p 00000000 00:00 0 
7f717effe000-7f717f002000 ---p 00000000 00:00 0 
7f717f002000-7f717f7ff000 rw-p 00000000 00:00 0 
7f717f7ff000-7f717f803000 ---p 00000000 00:00 0 
7f717f803000-7f7180000000 rw-p 00000000 00:00 0 
7f7180000000-7f718058e000 rw-p 00000000 00:00 0 
7f718058e000-7f7184000000 ---p 00000000 00:00 0 
7f7184000000-7f7184062000 rw-p 00000000 00:00 0 
7f7184062000-7f7188000000 ---p 00000000 00:00 0 
7f7188000000-7f7188a8f000 rw-p 00000000 00:00 0 
7f7188a8f000-7f718c000000 ---p 00000000 00:00 0 
7f718c000000-7f718c341000 rw-p 00000000 00:00 0 
7f718c341000-7f7190000000 ---p 00000000 00:00 0 
7f7190000000-7f7190b19000 rw-p 00000000 00:00 0 
7f7190b19000-7f7194000000 ---p 00000000 00:00 0 
7f7194000000-7f719456b000 rw-p 00000000 00:00 0 
7f719456b000-7f7198000000 ---p 00000000 00:00 0 
7f7198000000-7f71987c6000 rw-p 00000000 00:00 0 
7f71987c6000-7f719c000000 ---p 00000000 00:00 0 
7f719c7f9000-7f719c7fd000 ---p 00000000 00:00 0 
7f719c7fd000-7f719cffa000 rw-p 00000000 00:00 0 
7f719cffa000-7f719cffe000 ---p 00000000 00:00 0 
7f719cffe000-7f719d7fb000 rw-p 00000000 00:00 0 
7f719d7fb000-7f719d7ff000 ---p 00000000 00:00 0 
7f719d7ff000-7f719dffc000 rw-p 00000000 00:00 0 
7f719dffc000-7f719e000000 ---p 00000000 00:00 0 
7f719e000000-7f719e7fd000 rw-p 00000000 00:00 0 
7f719e7fd000-7f719e801000 ---p 00000000 00:00 0 
7f719e801000-7f719effe000 rw-p 00000000 00:00 0 
7f719effe000-7f719f002000 ---p 00000000 00:00 0 
7f719f002000-7f719f7ff000 rw-p 00000000 00:00 0 
7f719f7ff000-7f719f803000 ---p 00000000 00:00 0 
7f719f803000-7f71a0000000 rw-p 00000000 00:00 0 
7f71a0000000-7f71a1242000 rw-p 00000000 00:00 0 
7f71a1242000-7f71a4000000 ---p 00000000 00:00 0 
7f71a4000000-7f71a4058000 rw-p 00000000 00:00 0 
7f71a4058000-7f71a8000000 ---p 00000000 00:00 0 
7f71a8000000-7f71a8c25000 rw-p 00000000 00:00 0 
7f71a8c25000-7f71ac000000 ---p 00000000 00:00 0 
7f71ac000000-7f71ac45b000 rw-p 00000000 00:00 0 
7f71ac45b000-7f71b0000000 ---p 00000000 00:00 0 
7f71b0000000-7f71b003b000 rw-p 00000000 00:00 0 
7f71b003b000-7f71b4000000 ---p 00000000 00:00 0 
7f71b4000000-7f71b40a5000 rw-p 00000000 00:00 0 
7f71b40a5000-7f71b8000000 ---p 00000000 00:00 0 
7f71b8000000-7f71b802a000 rw-p 00000000 00:00 0 
7f71b802a000-7f71bc000000 ---p 00000000 00:00 0 
7f71bc098000-7f71bc7f9000 rw-p 00000000 00:00 0 
7f71bc7f9000-7f71bc7fd000 ---p 00000000 00:00 0 
7f71bc7fd000-7f71bcffa000 rw-p 00000000 00:00 0 
7f71bcffa000-7f71bcffe000 ---p 00000000 00:00 0 
7f71bcffe000-7f71bd7fb000 rw-p 00000000 00:00 0 
7f71bd7fb000-7f71bd7ff000 ---p 00000000 00:00 0 
7f71bd7ff000-7f71bdffc000 rw-p 00000000 00:00 0 
7f71bdffc000-7f71be000000 ---p 00000000 00:00 0 
7f71be000000-7f71be7fd000 rw-p 00000000 00:00 0 
7f71be7fd000-7f71be801000 ---p 00000000 00:00 0 
7f71be801000-7f71beffe000 rw-p 00000000 00:00 0 
7f71beffe000-7f71bf002000 ---p 00000000 00:00 0 
7f71bf002000-7f71bf7ff000 rw-p 00000000 00:00 0 
7f71bf7ff000-7f71bf803000 ---p 00000000 00:00 0 
7f71bf803000-7f71c0000000 rw-p 00000000 00:00 0 
7f71c0000000-7f71c0b86000 rw-p 00000000 00:00 0 
7f71c0b86000-7f71c4000000 ---p 00000000 00:00 0 
7f71c4000000-7f71c4a3e000 rw-p 00000000 00:00 0 
7f71c4a3e000-7f71c8000000 ---p 00000000 00:00 0 
7f71c8000000-7f71c8e76000 rw-p 00000000 00:00 0 
7f71c8e76000-7f71cc000000 ---p 00000000 00:00 0 
7f71cc000000-7f71cd0eb000 rw-p 00000000 00:00 0 
7f71cd0eb000-7f71d0000000 ---p 00000000 00:00 0 
7f71d0000000-7f71d0c54000 rw-p 00000000 00:00 0 
7f71d0c54000-7f71d4000000 ---p 00000000 00:00 0 
7f71d4000000-7f71d4cb2000 rw-p 00000000 00:00 0 
7f71d4cb2000-7f71d8000000 ---p 00000000 00:00 0 
7f71d8000000-7f71d8eda000 rw-p 00000000 00:00 0 
7f71d8eda000-7f71dc000000 ---p 00000000 00:00 0 
7f71dc409000-7f71dc7f9000 rw-p 00000000 00:00 0 
7f71dc7f9000-7f71dc7fd000 ---p 00000000 00:00 0 
7f71dc7fd000-7f71dcffa000 rw-p 00000000 00:00 0 
7f71dcffa000-7f71dcffe000 ---p 00000000 00:00 0 
7f71dcffe000-7f71dd7fb000 rw-p 00000000 00:00 0 
7f71dd7fb000-7f71dd7ff000 ---p 00000000 00:00 0 
7f71dd7ff000-7f71ddffc000 rw-p 00000000 00:00 0 
7f71ddffc000-7f71de000000 ---p 00000000 00:00 0 
7f71de000000-7f71de7fd000 rw-p 00000000 00:00 0 
7f71de7fd000-7f71de801000 ---p 00000000 00:00 0 
7f71de801000-7f71deffe000 rw-p 00000000 00:00 0 
7f71deffe000-7f71df002000 ---p 00000000 00:00 0 
7f71df002000-7f71df7ff000 rw-p 00000000 00:00 0 
7f71df7ff000-7f71df803000 ---p 00000000 00:00 0 
7f71df803000-7f71e0000000 rw-p 00000000 00:00 0 
7f71e0000000-7f71e0f7a000 rw-p 00000000 00:00 0 
7f71e0f7a000-7f71e4000000 ---p 00000000 00:00 0 
7f71e4000000-7f71e4d99000 rw-p 00000000 00:00 0 
7f71e4d99000-7f71e8000000 ---p 00000000 00:00 0 
7f71e8000000-7f71e8eb5000 rw-p 00000000 00:00 0 
7f71e8eb5000-7f71ec000000 ---p 00000000 00:00 0 
7f71ec000000-7f71ec894000 rw-p 00000000 00:00 0 
7f71ec894000-7f71f0000000 ---p 00000000 00:00 0 
7f71f0000000-7f71f0ead000 rw-p 00000000 00:00 0 
7f71f0ead000-7f71f4000000 ---p 00000000 00:00 0 
7f71f4000000-7f71f4c89000 rw-p 00000000 00:00 0 
7f71f4c89000-7f71f8000000 ---p 00000000 00:00 0 
7f71f8000000-7f71f8e51000 rw-p 00000000 00:00 0 
7f71f8e51000-7f71fc000000 ---p 00000000 00:00 0 
7f71fc000000-7f71fc021000 rw-p 00000000 00:00 0 
7f71fc021000-7f7200000000 ---p 00000000 00:00 0 
7f720002f000-7f72002ca000 rw-p 00000000 00:00 0 
7f72007f9000-7f72007fd000 ---p 00000000 00:00 0 
7f72007fd000-7f7200ffa000 rw-p 00000000 00:00 0 
7f7200ffa000-7f7200ffe000 ---p 00000000 00:00 0 
7f7200ffe000-7f72017fb000 rw-p 00000000 00:00 0 
7f72017fb000-7f72017ff000 ---p 00000000 00:00 0 
7f72017ff000-7f7201ffc000 rw-p 00000000 00:00 0 
7f7201ffc000-7f7202000000 ---p 00000000 00:00 0 
7f7202000000-7f72027fd000 rw-p 00000000 00:00 0 
7f72027fd000-7f7202801000 ---p 00000000 00:00 0 
7f7202801000-7f7202ffe000 rw-p 00000000 00:00 0 
7f7202ffe000-7f7203002000 ---p 00000000 00:00 0 
7f7203002000-7f72037ff000 rw-p 00000000 00:00 0 
7f72037ff000-7f7203803000 ---p 00000000 00:00 0 
7f7203803000-7f7204000000 rw-p 00000000 00:00 0 
7f7204000000-7f7204021000 rw-p 00000000 00:00 0 
7f7204021000-7f7208000000 ---p 00000000 00:00 0 
7f7208000000-7f7208021000 rw-p 00000000 00:00 0 
7f7208021000-7f720c000000 ---p 00000000 00:00 0 
7f720c000000-7f720cefd000 rw-p 00000000 00:00 0 
7f720cefd000-7f7210000000 ---p 00000000 00:00 0 
7f7210000000-7f721126c000 rw-p 00000000 00:00 0 
7f721126c000-7f7214000000 ---p 00000000 00:00 0 
7f7214000000-7f7214e33000 rw-p 00000000 00:00 0 
7f7214e33000-7f7218000000 ---p 00000000 00:00 0 
7f7218000000-7f7218bca000 rw-p 00000000 00:00 0 
7f7218bca000-7f721c000000 ---p 00000000 00:00 0 
7f721c000000-7f721cc36000 rw-p 00000000 00:00 0 
7f721cc36000-7f7220000000 ---p 00000000 00:00 0 
7f7220000000-7f722125a000 rw-p 00000000 00:00 0 
7f722125a000-7f7224000000 ---p 00000000 00:00 0 
7f7224016000-7f722431e000 rw-p 00000000 00:00 0 
7f7224512000-7f7224516000 ---p 00000000 00:00 0 
7f7224516000-7f7224d13000 rw-p 00000000 00:00 0 
7f7224d13000-7f7224d17000 ---p 00000000 00:00 0 
7f7224d17000-7f7225514000 rw-p 00000000 00:00 0 
7f7225514000-7f7225518000 r-xp 00000000 fd:00 67114782                   /usr/lib64/libattr.so.1.1.0
7f7225518000-7f7225717000 ---p 00004000 fd:00 67114782                   /usr/lib64/libattr.so.1.1.0
7f7225717000-7f7225718000 r--p 00003000 fd:00 67114782                   /usr/lib64/libattr.so.1.1.0
7f7225718000-7f7225719000 rw-p 00004000 fd:00 67114782                   /usr/lib64/libattr.so.1.1.0
7f7225719000-7f722571d000 r-xp 00000000 fd:00 67140965                   /usr/lib64/libcap.so.2.22
7f722571d000-7f722591c000 ---p 00004000 fd:00 67140965                   /usr/lib64/libcap.so.2.22
7f722591c000-7f722591d000 r--p 00003000 fd:00 67140965                   /usr/lib64/libcap.so.2.22
7f722591d000-7f722591e000 rw-p 00004000 fd:00 67140965                   /usr/lib64/libcap.so.2.22
7f722591e000-7f7225930000 r-xp 00000000 fd:00 68060982                   /usr/lib64/libnss_myhostname.so.2
7f7225930000-7f7225b2f000 ---p 00012000 fd:00 68060982                   /usr/lib64/libnss_myhostname.so.2
7f7225b2f000-7f7225b32000 r--p 00011000 fd:00 68060982                   /usr/lib64/libnss_myhostname.so.2
7f7225b32000-7f7225b33000 rw-p 00014000 fd:00 68060982                   /usr/lib64/libnss_myhostname.so.2
7f7225b33000-7f7225b49000 r-xp 00000000 fd:00 67113914                   /usr/lib64/libresolv-2.17.so
7f7225b49000-7f7225d49000 ---p 00016000 fd:00 67113914                   /usr/lib64/libresolv-2.17.so
7f7225d49000-7f7225d4a000 r--p 00016000 fd:00 67113914                   /usr/lib64/libresolv-2.17.so
7f7225d4a000-7f7225d4b000 rw-p 00017000 fd:00 67113914                   /usr/lib64/libresolv-2.17.so
7f7225d4b000-7f7225d4d000 rw-p 00000000 00:00 0 
7f7225d4d000-7f7225d53000 r-xp 00000000 fd:00 67140657                   /usr/lib64/libnss_dns-2.17.so
7f7225d53000-7f7225f52000 ---p 00006000 fd:00 67140657                   /usr/lib64/libnss_dns-2.17.so
7f7225f52000-7f7225f53000 r--p 00005000 fd:00 67140657                   /usr/lib64/libnss_dns-2.17.so
7f7225f53000-7f7225f54000 rw-p 00006000 fd:00 67140657                   /usr/lib64/libnss_dns-2.17.so
7f7225f54000-7f7225f58000 ---p 00000000 00:00 0 
7f7225f58000-7f7226755000 rw-p 00000000 00:00 0 
7f72268f7000-7f72268f8000 r-xp 00000000 00:27 5976029                    /run/user/1021/.sbt848495e8/swoval/swoval-jni/13169185639535161160-libswoval-files0.so
7f72268f8000-7f7226af7000 ---p 00001000 00:27 5976029                    /run/user/1021/.sbt848495e8/swoval/swoval-jni/13169185639535161160-libswoval-files0.so
7f7226af7000-7f7226af8000 r--p 00000000 00:27 5976029                    /run/user/1021/.sbt848495e8/swoval/swoval-jni/13169185639535161160-libswoval-files0.so
7f7226af8000-7f7226af9000 rw-p 00001000 00:27 5976029                    /run/user/1021/.sbt848495e8/swoval/swoval-jni/13169185639535161160-libswoval-files0.so
7f7226af9000-7f7226afd000 ---p 00000000 00:00 0 
7f7226afd000-7f72272fa000 rw-p 00000000 00:00 0 
7f72272fa000-7f72272fe000 ---p 00000000 00:00 0 
7f72272fe000-7f7227afb000 rw-p 00000000 00:00 0 
7f7227afb000-7f7227aff000 ---p 00000000 00:00 0 
7f7227aff000-7f7227bfc000 rw-p 00000000 00:00 0 
7f7227bfc000-7f7227c00000 ---p 00000000 00:00 0 
7f7227c00000-7f7227cfd000 rw-p 00000000 00:00 0 
7f7227cfd000-7f7227d01000 ---p 00000000 00:00 0 
7f7227d01000-7f7227dfe000 rw-p 00000000 00:00 0 
7f7227dfe000-7f7227e02000 ---p 00000000 00:00 0 
7f7227e02000-7f7227eff000 rw-p 00000000 00:00 0 
7f7227eff000-7f7227f03000 ---p 00000000 00:00 0 
7f7227f03000-7f7228000000 rw-p 00000000 00:00 0 
7f7228000000-7f7228021000 rw-p 00000000 00:00 0 
7f7228021000-7f722c000000 ---p 00000000 00:00 0 
7f722c000000-7f722c021000 rw-p 00000000 00:00 0 
7f722c021000-7f7230000000 ---p 00000000 00:00 0 
7f7230000000-7f7230021000 rw-p 00000000 00:00 0 
7f7230021000-7f7234000000 ---p 00000000 00:00 0 
7f7234000000-7f7234021000 rw-p 00000000 00:00 0 
7f7234021000-7f7238000000 ---p 00000000 00:00 0 
7f7238000000-7f7238021000 rw-p 00000000 00:00 0 
7f7238021000-7f723c000000 ---p 00000000 00:00 0 
7f723c000000-7f723c021000 rw-p 00000000 00:00 0 
7f723c021000-7f7240000000 ---p 00000000 00:00 0 
7f7240000000-7f7240021000 rw-p 00000000 00:00 0 
7f7240021000-7f7244000000 ---p 00000000 00:00 0 
7f7244000000-7f7244021000 rw-p 00000000 00:00 0 
7f7244021000-7f7248000000 ---p 00000000 00:00 0 
7f7248000000-7f7248021000 rw-p 00000000 00:00 0 
7f7248021000-7f724c000000 ---p 00000000 00:00 0 
7f724c000000-7f724c021000 rw-p 00000000 00:00 0 
7f724c021000-7f7250000000 ---p 00000000 00:00 0 
7f7250000000-7f7250021000 rw-p 00000000 00:00 0 
7f7250021000-7f7254000000 ---p 00000000 00:00 0 
7f7254000000-7f7254021000 rw-p 00000000 00:00 0 
7f7254021000-7f7258000000 ---p 00000000 00:00 0 
7f7258000000-7f7258021000 rw-p 00000000 00:00 0 
7f7258021000-7f725c000000 ---p 00000000 00:00 0 
7f725c000000-7f725c021000 rw-p 00000000 00:00 0 
7f725c021000-7f7260000000 ---p 00000000 00:00 0 
7f7260000000-7f7260021000 rw-p 00000000 00:00 0 
7f7260021000-7f7264000000 ---p 00000000 00:00 0 
7f7264000000-7f7264021000 rw-p 00000000 00:00 0 
7f7264021000-7f7268000000 ---p 00000000 00:00 0 
7f7268000000-7f7268021000 rw-p 00000000 00:00 0 
7f7268021000-7f726c000000 ---p 00000000 00:00 0 
7f726c000000-7f726c021000 rw-p 00000000 00:00 0 
7f726c021000-7f7270000000 ---p 00000000 00:00 0 
7f7270000000-7f727150b000 rw-p 00000000 00:00 0 
7f727150b000-7f7274000000 ---p 00000000 00:00 0 
7f7274000000-7f72746b8000 rw-p 00000000 00:00 0 
7f72746b8000-7f7278000000 ---p 00000000 00:00 0 
7f7278000000-7f7278604000 rw-p 00000000 00:00 0 
7f7278604000-7f727c000000 ---p 00000000 00:00 0 
7f727c000000-7f727c269000 rw-p 00000000 00:00 0 
7f727c269000-7f7280000000 ---p 00000000 00:00 0 
7f728001a000-7f7280025000 r--p 00000000 fd:02 116893721                  /home/smobaraki/work/firesim/.conda-env/lib/libzstd.so.1.5.2
7f7280025000-7f72800cb000 r-xp 0000b000 fd:02 116893721                  /home/smobaraki/work/firesim/.conda-env/lib/libzstd.so.1.5.2
7f72800cb000-7f72800db000 r--p 000b1000 fd:02 116893721                  /home/smobaraki/work/firesim/.conda-env/lib/libzstd.so.1.5.2
7f72800db000-7f72800dc000 r--p 000c1000 fd:02 116893721                  /home/smobaraki/work/firesim/.conda-env/lib/libzstd.so.1.5.2
7f72800dc000-7f72800dd000 rw-p 000c2000 fd:02 116893721                  /home/smobaraki/work/firesim/.conda-env/lib/libzstd.so.1.5.2
7f72800dd000-7f72800e1000 ---p 00000000 00:00 0 
7f72800e1000-7f72801de000 rw-p 00000000 00:00 0 
7f72801de000-7f72801df000 ---p 00000000 00:00 0 
7f72801df000-7f72802e0000 rw-p 00000000 00:00 0 
7f72802e0000-7f72802e1000 ---p 00000000 00:00 0 
7f72802e1000-7f72803e2000 rw-p 00000000 00:00 0 
7f72803e2000-7f72803e3000 ---p 00000000 00:00 0 
7f72803e3000-7f72804e4000 rw-p 00000000 00:00 0 
7f72804e4000-7f72804e5000 ---p 00000000 00:00 0 
7f72804e5000-7f72805e6000 rw-p 00000000 00:00 0 
7f72805e6000-7f72805e7000 ---p 00000000 00:00 0 
7f72805e7000-7f72806e8000 rw-p 00000000 00:00 0 
7f72806e8000-7f72806e9000 ---p 00000000 00:00 0 
7f72806e9000-7f72807ea000 rw-p 00000000 00:00 0 
7f72807ea000-7f72807eb000 ---p 00000000 00:00 0 
7f72807eb000-7f72808ec000 rw-p 00000000 00:00 0 
7f72808ec000-7f72808ed000 ---p 00000000 00:00 0 
7f72808ed000-7f72809ee000 rw-p 00000000 00:00 0 
7f72809ee000-7f72809ef000 ---p 00000000 00:00 0 
7f72809ef000-7f7280af0000 rw-p 00000000 00:00 0 
7f7280af0000-7f7280af1000 ---p 00000000 00:00 0 
7f7280af1000-7f7280bf2000 rw-p 00000000 00:00 0 
7f7280bf2000-7f7280bf3000 ---p 00000000 00:00 0 
7f7280bf3000-7f7280cf4000 rw-p 00000000 00:00 0 
7f7280cf4000-7f7280cf5000 ---p 00000000 00:00 0 
7f7280cf5000-7f7280df6000 rw-p 00000000 00:00 0 
7f7280df6000-7f7280df7000 ---p 00000000 00:00 0 
7f7280df7000-7f7280ef8000 rw-p 00000000 00:00 0 
7f7280ef8000-7f7280ef9000 ---p 00000000 00:00 0 
7f7280ef9000-7f7280ffa000 rw-p 00000000 00:00 0 
7f7280ffa000-7f7280ffe000 ---p 00000000 00:00 0 
7f7280ffe000-7f72817fb000 rw-p 00000000 00:00 0 
7f72817fb000-7f72817ff000 ---p 00000000 00:00 0 
7f72817ff000-7f7281ffc000 rw-p 00000000 00:00 0 
7f7281ffc000-7f7282000000 ---p 00000000 00:00 0 
7f7282000000-7f72827fd000 rw-p 00000000 00:00 0 
7f72827fd000-7f7282801000 ---p 00000000 00:00 0 
7f7282801000-7f7282ffe000 rw-p 00000000 00:00 0 
7f7282ffe000-7f7283002000 ---p 00000000 00:00 0 
7f7283002000-7f72837ff000 rw-p 00000000 00:00 0 
7f72837ff000-7f7283803000 ---p 00000000 00:00 0 
7f7283803000-7f7284000000 rw-p 00000000 00:00 0 
7f7284000000-7f728507e000 rw-p 00000000 00:00 0 
7f728507e000-7f7288000000 ---p 00000000 00:00 0 
7f7288000000-7f7288021000 rw-p 00000000 00:00 0 
7f7288021000-7f728c000000 ---p 00000000 00:00 0 
7f728c000000-7f728c497000 rw-p 00000000 00:00 0 
7f728c497000-7f7290000000 ---p 00000000 00:00 0 
7f7290000000-7f7290536000 rw-p 00000000 00:00 0 
7f7290536000-7f7294000000 ---p 00000000 00:00 0 
7f7294000000-7f7294021000 rw-p 00000000 00:00 0 
7f7294021000-7f7298000000 ---p 00000000 00:00 0 
7f7298000000-7f7298588000 rw-p 00000000 00:00 0 
7f7298588000-7f729c000000 ---p 00000000 00:00 0 
7f729c000000-7f729c025000 rw-p 00000000 00:00 0 
7f729c025000-7f72a0000000 ---p 00000000 00:00 0 
7f72a0000000-7f72a0021000 rw-p 00000000 00:00 0 
7f72a0021000-7f72a4000000 ---p 00000000 00:00 0 
7f72a4000000-7f72a52e4000 rw-p 00000000 00:00 0 
7f72a52e4000-7f72a8000000 ---p 00000000 00:00 0 
7f72a8000000-7f72a84e4000 rw-p 00000000 00:00 0 
7f72a84e4000-7f72ac000000 ---p 00000000 00:00 0 
7f72ac000000-7f72ac021000 rw-p 00000000 00:00 0 
7f72ac021000-7f72b0000000 ---p 00000000 00:00 0 
7f72b0000000-7f72b0021000 rw-p 00000000 00:00 0 
7f72b0021000-7f72b4000000 ---p 00000000 00:00 0 
7f72b4000000-7f72b4021000 rw-p 00000000 00:00 0 
7f72b4021000-7f72b8000000 ---p 00000000 00:00 0 
7f72b8000000-7f72b8021000 rw-p 00000000 00:00 0 
7f72b8021000-7f72bc000000 ---p 00000000 00:00 0 
7f72bc000000-7f72bc021000 rw-p 00000000 00:00 0 
7f72bc021000-7f72c0000000 ---p 00000000 00:00 0 
7f72c0005000-7f72c001b000 r--p 00000000 fd:02 2420150869                 /home/smobaraki/work/firesim/.conda-env/lib/libdw-0.187.so
7f72c001b000-7f72c0066000 r-xp 00016000 fd:02 2420150869                 /home/smobaraki/work/firesim/.conda-env/lib/libdw-0.187.so
7f72c0066000-7f72c0091000 r--p 00061000 fd:02 2420150869                 /home/smobaraki/work/firesim/.conda-env/lib/libdw-0.187.so
7f72c0091000-7f72c009a000 r--p 0008b000 fd:02 2420150869                 /home/smobaraki/work/firesim/.conda-env/lib/libdw-0.187.so
7f72c009a000-7f72c009b000 rw-p 00094000 fd:02 2420150869                 /home/smobaraki/work/firesim/.conda-env/lib/libdw-0.187.so
7f72c009b000-7f72c00b9000 r-xp 00000000 fd:02 4892289966                 /home/smobaraki/.cache/JNA/temp/jna12641587448021329786.tmp (deleted)
7f72c00b9000-7f72c02b8000 ---p 0001e000 fd:02 4892289966                 /home/smobaraki/.cache/JNA/temp/jna12641587448021329786.tmp (deleted)
7f72c02b8000-7f72c02b9000 rw-p 0001d000 fd:02 4892289966                 /home/smobaraki/.cache/JNA/temp/jna12641587448021329786.tmp (deleted)
7f72c02b9000-7f72c02ba000 rw-p 00000000 00:00 0 
7f72c02ba000-7f72c02be000 ---p 00000000 00:00 0 
7f72c02be000-7f72c0abb000 rw-p 00000000 00:00 0 
7f72c0abb000-7f72c0abf000 ---p 00000000 00:00 0 
7f72c0abf000-7f72c12bc000 rw-p 00000000 00:00 0 
7f72c12bc000-7f72c12c0000 ---p 00000000 00:00 0 
7f72c12c0000-7f72c1abd000 rw-p 00000000 00:00 0 
7f72c1abd000-7f72c8000000 r--p 00000000 fd:00 34107                      /usr/lib/locale/locale-archive
7f72c8000000-7f72c83bd000 rw-p 00000000 00:00 0 
7f72c83bd000-7f72cc000000 ---p 00000000 00:00 0 
7f72cc000000-7f72cc021000 rw-p 00000000 00:00 0 
7f72cc021000-7f72d0000000 ---p 00000000 00:00 0 
7f72d0000000-7f72d0400000 rw-p 00000000 00:00 0 
7f72d0400000-7f72d0c20000 rw-p 00000000 00:00 0 
7f72d0c20000-7f72d1f00000 rw-p 00000000 00:00 0 
7f72d1f00000-7f72d2000000 rw-p 00000000 00:00 0 
7f72d2000000-7f72d2bc0000 rw-p 00000000 00:00 0 
7f72d2bc0000-7f72d2c00000 rw-p 00000000 00:00 0 
7f72d2c00000-7f72d2f00000 rw-p 00000000 00:00 0 
7f72d2f00000-7f72d3f00000 rw-p 00000000 00:00 0 
7f72d3f00000-7f72d4000000 rw-p 00000000 00:00 0 
7f72d4000000-7f72d4021000 rw-p 00000000 00:00 0 
7f72d4021000-7f72d8000000 ---p 00000000 00:00 0 
7f72d804c000-7f72d8050000 r--p 00000000 fd:02 2293274948                 /home/smobaraki/work/firesim/.conda-env/lib/liblzma.so.5.2.6
7f72d8050000-7f72d8067000 r-xp 00004000 fd:02 2293274948                 /home/smobaraki/work/firesim/.conda-env/lib/liblzma.so.5.2.6
7f72d8067000-7f72d8072000 r--p 0001b000 fd:02 2293274948                 /home/smobaraki/work/firesim/.conda-env/lib/liblzma.so.5.2.6
7f72d8072000-7f72d8073000 ---p 00026000 fd:02 2293274948                 /home/smobaraki/work/firesim/.conda-env/lib/liblzma.so.5.2.6
7f72d8073000-7f72d8074000 r--p 00026000 fd:02 2293274948                 /home/smobaraki/work/firesim/.conda-env/lib/liblzma.so.5.2.6
7f72d8074000-7f72d8075000 rw-p 00027000 fd:02 2293274948                 /home/smobaraki/work/firesim/.conda-env/lib/liblzma.so.5.2.6
7f72d8096000-7f72d809a000 ---p 00000000 00:00 0 
7f72d809a000-7f72d8197000 rw-p 00000000 00:00 0 
7f72d8197000-7f72d819b000 ---p 00000000 00:00 0 
7f72d819b000-7f72d8298000 rw-p 00000000 00:00 0 
7f72d8298000-7f72d829c000 ---p 00000000 00:00 0 
7f72d829c000-7f72d8399000 rw-p 00000000 00:00 0 
7f72d8399000-7f72d839d000 ---p 00000000 00:00 0 
7f72d839d000-7f72d849a000 rw-p 00000000 00:00 0 
7f72d849a000-7f72d849b000 ---p 00000000 00:00 0 
7f72d849b000-7f72d859c000 rw-p 00000000 00:00 0 
7f72d859c000-7f72d85a0000 ---p 00000000 00:00 0 
7f72d85a0000-7f72d8d9d000 rw-p 00000000 00:00 0 
7f72d8d9d000-7f72d8da1000 ---p 00000000 00:00 0 
7f72d8da1000-7f72d8e9e000 rw-p 00000000 00:00 0 
7f72d8e9e000-7f72d8ea2000 ---p 00000000 00:00 0 
7f72d8ea2000-7f72d8f9f000 rw-p 00000000 00:00 0 
7f72d8f9f000-7f72d8fa3000 ---p 00000000 00:00 0 
7f72d8fa3000-7f72d97a0000 rw-p 00000000 00:00 0 
7f72d97a0000-7f72d97a4000 ---p 00000000 00:00 0 
7f72d97a4000-7f72d9fa1000 rw-p 00000000 00:00 0 
7f72d9fa1000-7f72d9fa5000 ---p 00000000 00:00 0 
7f72d9fa5000-7f72da7a2000 rw-p 00000000 00:00 0 
7f72da7a2000-7f72da7a6000 ---p 00000000 00:00 0 
7f72da7a6000-7f72dafa3000 rw-p 00000000 00:00 0 
7f72dafa3000-7f72dafa7000 ---p 00000000 00:00 0 
7f72dafa7000-7f72db7a4000 rw-p 00000000 00:00 0 
7f72db7a4000-7f72db7a5000 ---p 00000000 00:00 0 
7f72db7a5000-7f72db8a6000 rw-p 00000000 00:00 0 
7f72db8a6000-7f72db8ab000 r--p 00000000 fd:02 4630193684                 /home/smobaraki/work/firesim/.conda-env/lib/jvm/lib/libjsvml.so
7f72db8ab000-7f72db8ec000 r-xp 00005000 fd:02 4630193684                 /home/smobaraki/work/firesim/.conda-env/lib/jvm/lib/libjsvml.so
7f72db8ec000-7f72db975000 r--p 00046000 fd:02 4630193684                 /home/smobaraki/work/firesim/.conda-env/lib/jvm/lib/libjsvml.so
7f72db975000-7f72db976000 r--p 000ce000 fd:02 4630193684                 /home/smobaraki/work/firesim/.conda-env/lib/jvm/lib/libjsvml.so
7f72db976000-7f72db977000 rw-p 000cf000 fd:02 4630193684                 /home/smobaraki/work/firesim/.conda-env/lib/jvm/lib/libjsvml.so
7f72db977000-7f72db9f8000 rw-p 00000000 00:00 0 
7f72db9f8000-7f72db9f9000 ---p 00000000 00:00 0 
7f72db9f9000-7f72dbafa000 rw-p 00000000 00:00 0 
7f72dbafa000-7f72dbafb000 ---p 00000000 00:00 0 
7f72dbafb000-7f72dc000000 rw-p 00000000 00:00 0 
7f72dc000000-7f72dc021000 rw-p 00000000 00:00 0 
7f72dc021000-7f72e0000000 ---p 00000000 00:00 0 
7f72e0000000-7f72e0034000 rw-p 00000000 00:00 0 
7f72e0034000-7f72e4000000 ---p 00000000 00:00 0 
7f72e4000000-7f72e4021000 rw-p 00000000 00:00 0 
7f72e4021000-7f72e8000000 ---p 00000000 00:00 0 
7f72e8001000-7f72e8002000 rw-p 00000000 00:00 0 
7f72e8002000-7f72e8009000 r--s 00000000 fd:00 134606483                  /usr/lib64/gconv/gconv-modules.cache
7f72e8009000-7f72e800b000 r--p 00000000 fd:02 2414769852                 /home/smobaraki/work/firesim/.conda-env/lib/libbz2.so.1.0.8
7f72e800b000-7f72e8019000 r-xp 00002000 fd:02 2414769852                 /home/smobaraki/work/firesim/.conda-env/lib/libbz2.so.1.0.8
7f72e8019000-7f72e801b000 r--p 00010000 fd:02 2414769852                 /home/smobaraki/work/firesim/.conda-env/lib/libbz2.so.1.0.8
7f72e801b000-7f72e801c000 r--p 00011000 fd:02 2414769852                 /home/smobaraki/work/firesim/.conda-env/lib/libbz2.so.1.0.8
7f72e801c000-7f72e801d000 rw-p 00012000 fd:02 2414769852                 /home/smobaraki/work/firesim/.conda-env/lib/libbz2.so.1.0.8
7f72e801d000-7f72e80b9000 rw-p 00000000 00:00 0 
7f72e80b9000-7f72e80bd000 r--p 00000000 fd:02 2420150868                 /home/smobaraki/work/firesim/.conda-env/lib/libelf-0.187.so
7f72e80bd000-7f72e80cd000 r-xp 00004000 fd:02 2420150868                 /home/smobaraki/work/firesim/.conda-env/lib/libelf-0.187.so
7f72e80cd000-7f72e80d1000 r--p 00014000 fd:02 2420150868                 /home/smobaraki/work/firesim/.conda-env/lib/libelf-0.187.so
7f72e80d1000-7f72e80d2000 r--p 00017000 fd:02 2420150868                 /home/smobaraki/work/firesim/.conda-env/lib/libelf-0.187.so
7f72e80d2000-7f72e80d3000 rw-p 00018000 fd:02 2420150868                 /home/smobaraki/work/firesim/.conda-env/lib/libelf-0.187.so
7f72e80d3000-7f72e80d7000 ---p 00000000 00:00 0 
7f72e80d7000-7f72ea9fe000 rw-p 00000000 00:00 0 
7f72ea9fe000-7f72ea9ff000 ---p 00000000 00:00 0 
7f72ea9ff000-7f72eab00000 rw-p 00000000 00:00 0 
7f72eab00000-7f72eab01000 ---p 00000000 00:00 0 
7f72eab01000-7f72eac02000 rw-p 00000000 00:00 0 
7f72eac02000-7f72eac03000 ---p 00000000 00:00 0 
7f72eac03000-7f72ecd29000 rw-p 00000000 00:00 0 
7f72ecd29000-7f72fac49000 ---p 00000000 00:00 0 
7f72fac49000-7f72fb1b5000 rw-p 00000000 00:00 0 
7f72fb1b5000-7f72fcd99000 ---p 00000000 00:00 0 
7f72fcd99000-7f72fd1b5000 rw-p 00000000 00:00 0 
7f72fd1b5000-7f72fed99000 ---p 00000000 00:00 0 
7f72fed99000-7f72ff1b5000 rw-p 00000000 00:00 0 
7f72ff1b5000-7f7300d99000 ---p 00000000 00:00 0 
7f7300d99000-7f7300dc9000 rw-p 00000000 00:00 0 
7f7300dc9000-7f7303609000 rwxp 00000000 00:00 0 
7f7303609000-7f7308228000 ---p 00000000 00:00 0 
7f7308228000-7f73085f8000 rwxp 00000000 00:00 0 
7f73085f8000-7f7308969000 ---p 00000000 00:00 0 
7f7308969000-7f7309cd9000 rwxp 00000000 00:00 0 
7f7309cd9000-7f730fdc9000 ---p 00000000 00:00 0 
7f730fdc9000-7f7318000000 r--s 00000000 fd:02 2643697024                 /home/smobaraki/work/firesim/.conda-env/lib/jvm/lib/modules
7f7318000000-7f731ac62000 rw-p 00000000 00:00 0 
7f731ac62000-7f731c000000 ---p 00000000 00:00 0 
7f731c000000-7f731c002000 r--p 00000000 fd:02 4630201287                 /home/smobaraki/work/firesim/.conda-env/lib/jvm/lib/libmanagement_ext.so
7f731c002000-7f731c005000 r-xp 00002000 fd:02 4630201287                 /home/smobaraki/work/firesim/.conda-env/lib/jvm/lib/libmanagement_ext.so
7f731c005000-7f731c006000 r--p 00005000 fd:02 4630201287                 /home/smobaraki/work/firesim/.conda-env/lib/jvm/lib/libmanagement_ext.so
7f731c006000-7f731c007000 r--p 00006000 fd:02 4630201287                 /home/smobaraki/work/firesim/.conda-env/lib/jvm/lib/libmanagement_ext.so
7f731c007000-7f731c008000 rw-p 00007000 fd:02 4630201287                 /home/smobaraki/work/firesim/.conda-env/lib/jvm/lib/libmanagement_ext.so
7f731c008000-7f731c00b000 r--p 00000000 fd:02 4630193689                 /home/smobaraki/work/firesim/.conda-env/lib/jvm/lib/libmanagement.so
7f731c00b000-7f731c00c000 r-xp 00003000 fd:02 4630193689                 /home/smobaraki/work/firesim/.conda-env/lib/jvm/lib/libmanagement.so
7f731c00c000-7f731c00d000 r--p 00004000 fd:02 4630193689                 /home/smobaraki/work/firesim/.conda-env/lib/jvm/lib/libmanagement.so
7f731c00d000-7f731c00e000 r--p 00004000 fd:02 4630193689                 /home/smobaraki/work/firesim/.conda-env/lib/jvm/lib/libmanagement.so
7f731c00e000-7f731c00f000 rw-p 00005000 fd:02 4630193689                 /home/smobaraki/work/firesim/.conda-env/lib/jvm/lib/libmanagement.so
7f731c00f000-7f731c010000 r--p 00000000 fd:02 4630175207                 /home/smobaraki/work/firesim/.conda-env/lib/jvm/lib/libextnet.so
7f731c010000-7f731c011000 r-xp 00001000 fd:02 4630175207                 /home/smobaraki/work/firesim/.conda-env/lib/jvm/lib/libextnet.so
7f731c011000-7f731c012000 r--p 00002000 fd:02 4630175207                 /home/smobaraki/work/firesim/.conda-env/lib/jvm/lib/libextnet.so
7f731c012000-7f731c013000 r--p 00002000 fd:02 4630175207                 /home/smobaraki/work/firesim/.conda-env/lib/jvm/lib/libextnet.so
7f731c013000-7f731c014000 rw-p 00003000 fd:02 4630175207                 /home/smobaraki/work/firesim/.conda-env/lib/jvm/lib/libextnet.so
7f731c014000-7f731c019000 r--p 00000000 fd:02 4630201250                 /home/smobaraki/work/firesim/.conda-env/lib/jvm/lib/libverify.so
7f731c019000-7f731c020000 r-xp 00005000 fd:02 4630201250                 /home/smobaraki/work/firesim/.conda-env/lib/jvm/lib/libverify.so
7f731c020000-7f731c022000 r--p 0000c000 fd:02 4630201250                 /home/smobaraki/work/firesim/.conda-env/lib/jvm/lib/libverify.so
7f731c022000-7f731c024000 r--p 0000d000 fd:02 4630201250                 /home/smobaraki/work/firesim/.conda-env/lib/jvm/lib/libverify.so
7f731c024000-7f731c025000 rw-p 0000f000 fd:02 4630201250                 /home/smobaraki/work/firesim/.conda-env/lib/jvm/lib/libverify.so
7f731c025000-7f731c027000 r--p 00000000 fd:02 4630201282                 /home/smobaraki/work/firesim/.conda-env/lib/jvm/lib/libzip.so
7f731c027000-7f731c02b000 r-xp 00002000 fd:02 4630201282                 /home/smobaraki/work/firesim/.conda-env/lib/jvm/lib/libzip.so
7f731c02b000-7f731c02d000 r--p 00006000 fd:02 4630201282                 /home/smobaraki/work/firesim/.conda-env/lib/jvm/lib/libzip.so
7f731c02d000-7f731c02e000 r--p 00007000 fd:02 4630201282                 /home/smobaraki/work/firesim/.conda-env/lib/jvm/lib/libzip.so
7f731c02e000-7f731c02f000 rw-p 00008000 fd:02 4630201282                 /home/smobaraki/work/firesim/.conda-env/lib/jvm/lib/libzip.so
7f731c02f000-7f731cde4000 rw-p 00000000 00:00 0 
7f731cde4000-7f731cea6000 ---p 00000000 00:00 0 
7f731cea6000-7f731cef7000 rw-p 00000000 00:00 0 
7f731cef7000-7f731cf8f000 ---p 00000000 00:00 0 
7f731cf8f000-7f731cf9b000 r-xp 00000000 fd:00 67140661                   /usr/lib64/libnss_files-2.17.so
7f731cf9b000-7f731d19a000 ---p 0000c000 fd:00 67140661                   /usr/lib64/libnss_files-2.17.so
7f731d19a000-7f731d19b000 r--p 0000b000 fd:00 67140661                   /usr/lib64/libnss_files-2.17.so
7f731d19b000-7f731d19c000 rw-p 0000c000 fd:00 67140661                   /usr/lib64/libnss_files-2.17.so
7f731d19c000-7f731d1a2000 rw-p 00000000 00:00 0 
7f731d1a2000-7f731d2a3000 r-xp 00000000 fd:00 67140649                   /usr/lib64/libm-2.17.so
7f731d2a3000-7f731d4a2000 ---p 00101000 fd:00 67140649                   /usr/lib64/libm-2.17.so
7f731d4a2000-7f731d4a3000 r--p 00100000 fd:00 67140649                   /usr/lib64/libm-2.17.so
7f731d4a3000-7f731d4a4000 rw-p 00101000 fd:00 67140649                   /usr/lib64/libm-2.17.so
7f731d4a4000-7f731d54a000 r--p 00000000 fd:02 6539721022                 /home/smobaraki/work/firesim/.conda-env/lib/libstdc++.so.6.0.30
7f731d54a000-7f731d5de000 r-xp 000a6000 fd:02 6539721022                 /home/smobaraki/work/firesim/.conda-env/lib/libstdc++.so.6.0.30
7f731d5de000-7f731d646000 r--p 0013a000 fd:02 6539721022                 /home/smobaraki/work/firesim/.conda-env/lib/libstdc++.so.6.0.30
7f731d646000-7f731d651000 r--p 001a1000 fd:02 6539721022                 /home/smobaraki/work/firesim/.conda-env/lib/libstdc++.so.6.0.30
7f731d651000-7f731d655000 rw-p 001ac000 fd:02 6539721022                 /home/smobaraki/work/firesim/.conda-env/lib/libstdc++.so.6.0.30
7f731d655000-7f731d658000 rw-p 00000000 00:00 0 
7f731d658000-7f731d65f000 r-xp 00000000 fd:00 67113918                   /usr/lib64/librt-2.17.so
7f731d65f000-7f731d85e000 ---p 00007000 fd:00 67113918                   /usr/lib64/librt-2.17.so
7f731d85e000-7f731d85f000 r--p 00006000 fd:00 67113918                   /usr/lib64/librt-2.17.so
7f731d85f000-7f731d860000 rw-p 00007000 fd:00 67113918                   /usr/lib64/librt-2.17.so
7f731d860000-7f731dae1000 r--p 00000000 fd:02 4630201240                 /home/smobaraki/work/firesim/.conda-env/lib/jvm/lib/server/libjvm.so
7f731dae1000-7f731e7ec000 r-xp 00281000 fd:02 4630201240                 /home/smobaraki/work/firesim/.conda-env/lib/jvm/lib/server/libjvm.so
7f731e7ec000-7f731ea45000 r--p 00f8c000 fd:02 4630201240                 /home/smobaraki/work/firesim/.conda-env/lib/jvm/lib/server/libjvm.so
7f731ea45000-7f731eb0d000 r--p 011e5000 fd:02 4630201240                 /home/smobaraki/work/firesim/.conda-env/lib/jvm/lib/server/libjvm.so
7f731eb0d000-7f731eb43000 rw-p 012ad000 fd:02 4630201240                 /home/smobaraki/work/firesim/.conda-env/lib/jvm/lib/server/libjvm.so
7f731eb43000-7f731eba3000 rw-p 00000000 00:00 0 
7f731eba3000-7f731ebba000 r-xp 00000000 fd:00 67113909                   /usr/lib64/libpthread-2.17.so
7f731ebba000-7f731edb9000 ---p 00017000 fd:00 67113909                   /usr/lib64/libpthread-2.17.so
7f731edb9000-7f731edba000 r--p 00016000 fd:00 67113909                   /usr/lib64/libpthread-2.17.so
7f731edba000-7f731edbb000 rw-p 00017000 fd:00 67113909                   /usr/lib64/libpthread-2.17.so
7f731edbb000-7f731edbf000 rw-p 00000000 00:00 0 
7f731edbf000-7f731edc1000 r-xp 00000000 fd:00 67140647                   /usr/lib64/libdl-2.17.so
7f731edc1000-7f731efc1000 ---p 00002000 fd:00 67140647                   /usr/lib64/libdl-2.17.so
7f731efc1000-7f731efc2000 r--p 00002000 fd:00 67140647                   /usr/lib64/libdl-2.17.so
7f731efc2000-7f731efc3000 rw-p 00003000 fd:00 67140647                   /usr/lib64/libdl-2.17.so
7f731efc3000-7f731f187000 r-xp 00000000 fd:00 67140641                   /usr/lib64/libc-2.17.so
7f731f187000-7f731f386000 ---p 001c4000 fd:00 67140641                   /usr/lib64/libc-2.17.so
7f731f386000-7f731f38a000 r--p 001c3000 fd:00 67140641                   /usr/lib64/libc-2.17.so
7f731f38a000-7f731f38c000 rw-p 001c7000 fd:00 67140641                   /usr/lib64/libc-2.17.so
7f731f38c000-7f731f391000 rw-p 00000000 00:00 0 
7f731f391000-7f731f3b3000 r-xp 00000000 fd:00 67140633                   /usr/lib64/ld-2.17.so
7f731f3b3000-7f731f3b4000 r--p 00000000 00:00 0 
7f731f3b4000-7f731f3b5000 rw-p 00000000 00:00 0 
7f731f3b5000-7f731f3b6000 r-xp 00000000 fd:00 134566786                  /tmp/oXoZc8 (deleted)
7f731f3b6000-7f731f3b7000 rw-p 00000000 00:00 0 
7f731f3b7000-7f731f3ba000 r--p 00000000 fd:02 4630175309                 /home/smobaraki/work/firesim/.conda-env/lib/jvm/lib/libnet.so
7f731f3ba000-7f731f3c1000 r-xp 00003000 fd:02 4630175309                 /home/smobaraki/work/firesim/.conda-env/lib/jvm/lib/libnet.so
7f731f3c1000-7f731f3c3000 r--p 0000a000 fd:02 4630175309                 /home/smobaraki/work/firesim/.conda-env/lib/jvm/lib/libnet.so
7f731f3c3000-7f731f3c4000 r--p 0000b000 fd:02 4630175309                 /home/smobaraki/work/firesim/.conda-env/lib/jvm/lib/libnet.so
7f731f3c4000-7f731f3c5000 rw-p 0000c000 fd:02 4630175309                 /home/smobaraki/work/firesim/.conda-env/lib/jvm/lib/libnet.so
7f731f3c5000-7f731f3cd000 r--p 00000000 fd:02 4630201094                 /home/smobaraki/work/firesim/.conda-env/lib/jvm/lib/libnio.so
7f731f3cd000-7f731f3d6000 r-xp 00008000 fd:02 4630201094                 /home/smobaraki/work/firesim/.conda-env/lib/jvm/lib/libnio.so
7f731f3d6000-7f731f3da000 r--p 00011000 fd:02 4630201094                 /home/smobaraki/work/firesim/.conda-env/lib/jvm/lib/libnio.so
7f731f3da000-7f731f3db000 r--p 00015000 fd:02 4630201094                 /home/smobaraki/work/firesim/.conda-env/lib/jvm/lib/libnio.so
7f731f3db000-7f731f3dc000 rw-p 00016000 fd:02 4630201094                 /home/smobaraki/work/firesim/.conda-env/lib/jvm/lib/libnio.so
7f731f3dc000-7f731f41d000 rw-p 00000000 00:00 0 
7f731f41d000-7f731f42b000 r--p 00000000 fd:02 4630175421                 /home/smobaraki/work/firesim/.conda-env/lib/jvm/lib/libjava.so
7f731f42b000-7f731f43d000 r-xp 0000e000 fd:02 4630175421                 /home/smobaraki/work/firesim/.conda-env/lib/jvm/lib/libjava.so
7f731f43d000-7f731f443000 r--p 00020000 fd:02 4630175421                 /home/smobaraki/work/firesim/.conda-env/lib/jvm/lib/libjava.so
7f731f443000-7f731f444000 r--p 00026000 fd:02 4630175421                 /home/smobaraki/work/firesim/.conda-env/lib/jvm/lib/libjava.so
7f731f444000-7f731f445000 rw-p 00027000 fd:02 4630175421                 /home/smobaraki/work/firesim/.conda-env/lib/jvm/lib/libjava.so
7f731f445000-7f731f446000 rw-p 00000000 00:00 0 
7f731f446000-7f731f44a000 ---p 00000000 00:00 0 
7f731f44a000-7f731f547000 rw-p 00000000 00:00 0 
7f731f547000-7f731f54b000 r--p 00000000 fd:02 2414769839                 /home/smobaraki/work/firesim/.conda-env/lib/libgcc_s.so.1
7f731f54b000-7f731f55b000 r-xp 00004000 fd:02 2414769839                 /home/smobaraki/work/firesim/.conda-env/lib/libgcc_s.so.1
7f731f55b000-7f731f55e000 r--p 00014000 fd:02 2414769839                 /home/smobaraki/work/firesim/.conda-env/lib/libgcc_s.so.1
7f731f55e000-7f731f55f000 r--p 00016000 fd:02 2414769839                 /home/smobaraki/work/firesim/.conda-env/lib/libgcc_s.so.1
7f731f55f000-7f731f560000 rw-p 00017000 fd:02 2414769839                 /home/smobaraki/work/firesim/.conda-env/lib/libgcc_s.so.1
7f731f560000-7f731f564000 rw-p 00000000 00:00 0 
7f731f564000-7f731f567000 r--p 00000000 fd:02 4447396747                 /home/smobaraki/work/firesim/.conda-env/lib/libz.so.1.2.13
7f731f567000-7f731f575000 r-xp 00003000 fd:02 4447396747                 /home/smobaraki/work/firesim/.conda-env/lib/libz.so.1.2.13
7f731f575000-7f731f57c000 r--p 00011000 fd:02 4447396747                 /home/smobaraki/work/firesim/.conda-env/lib/libz.so.1.2.13
7f731f57c000-7f731f57d000 r--p 00017000 fd:02 4447396747                 /home/smobaraki/work/firesim/.conda-env/lib/libz.so.1.2.13
7f731f57d000-7f731f57e000 rw-p 00018000 fd:02 4447396747                 /home/smobaraki/work/firesim/.conda-env/lib/libz.so.1.2.13
7f731f57e000-7f731f587000 rw-p 00000000 00:00 0 
7f731f587000-7f731f58e000 ---p 00000000 00:00 0 
7f731f58e000-7f731f596000 rw-s 00000000 fd:00 273940064                  /tmp/hsperfdata_smobaraki/7680
7f731f596000-7f731f597000 ---p 00000000 00:00 0 
7f731f597000-7f731f598000 r--p 00000000 00:00 0 
7f731f598000-7f731f599000 ---p 00000000 00:00 0 
7f731f599000-7f731f59b000 r--p 00000000 fd:02 4630175252                 /home/smobaraki/work/firesim/.conda-env/lib/jvm/lib/libjimage.so
7f731f59b000-7f731f59d000 r-xp 00002000 fd:02 4630175252                 /home/smobaraki/work/firesim/.conda-env/lib/jvm/lib/libjimage.so
7f731f59d000-7f731f59e000 r--p 00004000 fd:02 4630175252                 /home/smobaraki/work/firesim/.conda-env/lib/jvm/lib/libjimage.so
7f731f59e000-7f731f59f000 r--p 00005000 fd:02 4630175252                 /home/smobaraki/work/firesim/.conda-env/lib/jvm/lib/libjimage.so
7f731f59f000-7f731f5a0000 rw-p 00006000 fd:02 4630175252                 /home/smobaraki/work/firesim/.conda-env/lib/jvm/lib/libjimage.so
7f731f5a0000-7f731f5a3000 r--p 00000000 fd:02 4630193633                 /home/smobaraki/work/firesim/.conda-env/lib/jvm/lib/libjli.so
7f731f5a3000-7f731f5ac000 r-xp 00003000 fd:02 4630193633                 /home/smobaraki/work/firesim/.conda-env/lib/jvm/lib/libjli.so
7f731f5ac000-7f731f5af000 r--p 0000c000 fd:02 4630193633                 /home/smobaraki/work/firesim/.conda-env/lib/jvm/lib/libjli.so
7f731f5af000-7f731f5b0000 r--p 0000e000 fd:02 4630193633                 /home/smobaraki/work/firesim/.conda-env/lib/jvm/lib/libjli.so
7f731f5b0000-7f731f5b1000 rw-p 0000f000 fd:02 4630193633                 /home/smobaraki/work/firesim/.conda-env/lib/jvm/lib/libjli.so
7f731f5b1000-7f731f5b2000 rw-p 00000000 00:00 0 
7f731f5b2000-7f731f5b3000 r--p 00021000 fd:00 67140633                   /usr/lib64/ld-2.17.so
7f731f5b3000-7f731f5b4000 rw-p 00022000 fd:00 67140633                   /usr/lib64/ld-2.17.so
7f731f5b4000-7f731f5b5000 rw-p 00000000 00:00 0 
7ffe3a98b000-7ffe3a9ae000 rw-p 00000000 00:00 0                          [stack]
7ffe3a9b6000-7ffe3a9b8000 r-xp 00000000 00:00 0                          [vdso]
ffffffffff600000-ffffffffff601000 r-xp 00000000 00:00 0                  [vsyscall]


VM Arguments:
jvm_args: -Xmx16G -Xss8M -Djava.io.tmpdir=/home/smobaraki/work/firesim/sim/.java_tmp 
java_command: /home/smobaraki/work/firesim/target-design/chipyard/generators/rocket-chip/sbt-launch.jar -Dsbt.ivy.home=/home/smobaraki/work/firesim/sim/.ivy2 -Dsbt.global.base=/home/smobaraki/work/firesim/sim/.sbt -Dsbt.boot.directory=/home/smobaraki/work/firesim/sim/.sbt/boot/ -Dsbt.color=always -Dsbt.supershell=false -Dsbt.server.forcestart=true ;project firesim; set assembly / assemblyOutputPath := file("/home/smobaraki/work/firesim/sim/generated-src/firesim-main.jar"); assembly
java_class_path (initial): /home/smobaraki/work/firesim/target-design/chipyard/generators/rocket-chip/sbt-launch.jar
Launcher Type: SUN_STANDARD

[Global flags]
     intx CICompilerCount                          = 12                                        {product} {ergonomic}
     uint ConcGCThreads                            = 3                                         {product} {ergonomic}
     uint G1ConcRefinementThreads                  = 13                                        {product} {ergonomic}
   size_t G1HeapRegionSize                         = 8388608                                   {product} {ergonomic}
    uintx GCDrainStackTargetSize                   = 64                                        {product} {ergonomic}
   size_t InitialHeapSize                          = 2105540608                                {product} {ergonomic}
   size_t MarkStackSize                            = 4194304                                   {product} {ergonomic}
   size_t MaxHeapSize                              = 17179869184                               {product} {command line}
   size_t MaxNewSize                               = 10301210624                               {product} {ergonomic}
   size_t MinHeapDeltaBytes                        = 8388608                                   {product} {ergonomic}
   size_t MinHeapSize                              = 8388608                                   {product} {ergonomic}
    uintx NonNMethodCodeHeapSize                   = 7602480                                {pd product} {ergonomic}
    uintx NonProfiledCodeHeapSize                  = 122027880                              {pd product} {ergonomic}
    uintx ProfiledCodeHeapSize                     = 122027880                              {pd product} {ergonomic}
    uintx ReservedCodeCacheSize                    = 251658240                              {pd product} {ergonomic}
     bool SegmentedCodeCache                       = true                                      {product} {ergonomic}
   size_t SoftMaxHeapSize                          = 17179869184                            {manageable} {ergonomic}
     intx ThreadStackSize                          = 8192                                   {pd product} {command line}
     bool UseCompressedClassPointers               = true                           {product lp64_product} {ergonomic}
     bool UseCompressedOops                        = true                           {product lp64_product} {ergonomic}
     bool UseG1GC                                  = true                                      {product} {ergonomic}

Logging:
Log output configuration:
 #0: stdout all=warning uptime,level,tags foldmultilines=false
 #1: stderr all=off uptime,level,tags foldmultilines=false

Environment Variables:
JAVA_HOME=/home/smobaraki/work/firesim/.conda-env/lib/jvm
JAVA_TOOL_OPTIONS=-Xmx16G -Xss8M -Djava.io.tmpdir=/home/smobaraki/work/firesim/sim/.java_tmp
PATH=/home/smobaraki/work/firesim/utils/fireperf:/home/smobaraki/work/firesim/utils/fireperf/FlameGraph:/home/smobaraki/work/firesim/sw/firesim-software:/home/smobaraki/work/firesim/.conda-env/riscv-tools/bin:/home/smobaraki/work/firesim/.conda-env/bin:/home/smobaraki/work/firesim/utils/fireperf:/home/smobaraki/work/firesim/utils/fireperf/FlameGraph:/home/smobaraki/work/firesim/sw/firesim-software:/home/smobaraki/work/firesim/.conda-env/riscv-tools/bin:/home/smobaraki/work/firesim/utils/fireperf:/home/smobaraki/work/firesim/utils/fireperf/FlameGraph:/home/smobaraki/work/firesim/sw/firesim-software:/home/smobaraki/work/firesim/.conda-env/riscv-tools/bin:/home/Xilinx/Vitis_HLS/2021.1/bin:/home/Xilinx/Vivado/2021.1/bin:/home/Xilinx/Model_Composer/2021.1/bin:/home/Xilinx/Vitis/2021.1/bin:/home/Xilinx/Vitis/2021.1/gnu/microblaze/lin/bin:/home/Xilinx/Vitis/2021.1/gnu/arm/lin/bin:/home/Xilinx/Vitis/2021.1/gnu/microblaze/linux_toolchain/lin64_le/bin:/home/Xilinx/Vitis/2021.1/gnu/aarch32/lin/gcc-arm-linux-gnueabi/bin:/home/Xilinx/Vitis/2021.1/gnu/aarch32/lin/gcc-arm-none-eabi/bin:/home/Xilinx/Vitis/2021.1/gnu/aarch64/lin/aarch64-linux/bin:/home/Xilinx/Vitis/2021.1/gnu/aarch64/lin/aarch64-none/bin:/home/Xilinx/Vitis/2021.1/gnu/armr5/lin/gcc-arm-none-eabi/bin:/home/Xilinx/Vitis/2021.1/tps/lnx64/cmake-3.3.2/bin:/home/Xilinx/Vitis/2021.1/aietools/bin:/home/Xilinx/Vivado_Lab/2023.1/bin:/home/smobaraki/.vscode-server/cli/servers/Stable-e10f2369d0d9614a452462f2e01cdc4aa9486296/server/bin/remote-cli:/home/Xilinx/Vitis_HLS/2021.1/bin:/home/Xilinx/Vivado/2021.1/bin:/home/Xilinx/Model_Composer/2021.1/bin:/home/Xilinx/Vitis/2021.1/bin:/home/Xilinx/Vitis/2021.1/gnu/microblaze/lin/bin:/home/Xilinx/Vitis/2021.1/gnu/arm/lin/bin:/home/Xilinx/Vitis/2021.1/gnu/microblaze/linux_toolchain/lin64_le/bin:/home/Xilinx/Vitis/2021.1/gnu/aarch32/lin/gcc-arm-linux-gnueabi/bin:/home/Xilinx/Vitis/2021.1/gnu/aarch32/lin/gcc-arm-none-eabi/bin:/home/Xilinx/Vitis/2021.1/gnu/aarch64/lin/aarch64-linux/bin:/home/Xilinx/Vitis/2021.1/gnu/aarch64/lin/aarch64-none/bin:/home/Xilinx/Vitis/2021.1/gnu/armr5/lin/gcc-arm-none-eabi/bin:/home/Xilinx/Vitis/2021.1/tps/lnx64/cmake-3.3.2/bin:/home/Xilinx/Vitis/2021.1/aietools/bin:/home/Xilinx/Vivado_Lab/2023.1/bin:/home/smobaraki/work/firesim/.conda-env/bin:/home/smobaraki/conda/condabin:/home/Xilinx/Vitis_HLS/2021.1/bin:/home/Xilinx/Vivado/2021.1/bin:/home/Xilinx/Model_Composer/2021.1/bin:/home/Xilinx/Vitis/2021.1/bin:/home/Xilinx/Vitis/2021.1/gnu/microblaze/lin/bin:/home/Xilinx/Vitis/2021.1/gnu/arm/lin/bin:/home/Xilinx/Vitis/2021.1/gnu/microblaze/linux_toolchain/lin64_le/bin:/home/Xilinx/Vitis/2021.1/gnu/aarch32/lin/gcc-arm-linux-gnueabi/bin:/home/Xilinx/Vitis/2021.1/gnu/aarch32/lin/gcc-arm-none-eabi/bin:/home/Xilinx/Vitis/2021.1/gnu/aarch64/lin/aarch64-linux/bin:/home/Xilinx/Vitis/2021.1/gnu/aarch64/lin/aarch64-none/bin:/home/Xilinx/Vitis/2021.1/gnu/armr5/lin/gcc-arm-none-eabi/bin:/home/Xilinx/Vitis/2021.1/tps/lnx64/cmake-3.3.2/bin:/home/Xilinx/Vitis/2021.1/aietools/bin:/home/Xilinx/Vivado_Lab/2023.1/bin:/usr/lib64/qt-3.3/bin:/usr/local/bin:/usr/bin:/var/lib/snapd/snap/bin:/usr/local/sbin:/usr/sbin:/home/smobaraki/.local/bin:/home/smobaraki/bin:/home/smobaraki/work/firesim/deploy:/home/smobaraki/work/firesim/deploy:/home/smobaraki/work/firesim/deploy
LD_LIBRARY_PATH=/home/smobaraki/work/firesim/.conda-env/riscv-tools/lib:/home/smobaraki/work/firesim/.conda-env/riscv-tools/lib
SHELL=/bin/bash
LANG=en_US.utf8
TERM=vt100

Active Locale:
LC_ALL=en_US.utf8
LC_COLLATE=en_US.utf8
LC_CTYPE=en_US.utf8
LC_MESSAGES=en_US.utf8
LC_MONETARY=en_US.utf8
LC_NUMERIC=en_US.utf8
LC_TIME=en_US.utf8

Signal Handlers:
   SIGSEGV: crash_handler in libjvm.so, mask=11100100010111111101111111111110, flags=SA_RESTART|SA_SIGINFO, unblocked
    SIGBUS: crash_handler in libjvm.so, mask=11100100010111111101111111111110, flags=SA_RESTART|SA_SIGINFO, unblocked
    SIGFPE: crash_handler in libjvm.so, mask=11100100010111111101111111111110, flags=SA_RESTART|SA_SIGINFO, unblocked
   SIGPIPE: javaSignalHandler in libjvm.so, mask=11100100010111111101111111111110, flags=SA_RESTART|SA_SIGINFO, unblocked
   SIGXFSZ: javaSignalHandler in libjvm.so, mask=11100100010111111101111111111110, flags=SA_RESTART|SA_SIGINFO, unblocked
    SIGILL: crash_handler in libjvm.so, mask=11100100010111111101111111111110, flags=SA_RESTART|SA_SIGINFO, unblocked
   SIGUSR2: SR_handler in libjvm.so, mask=00000000000000000000000000000000, flags=SA_RESTART|SA_SIGINFO, unblocked
    SIGHUP: UserHandler in libjvm.so, mask=11100100010111111101111111111110, flags=SA_RESTART|SA_SIGINFO, unblocked
    SIGINT: UserHandler in libjvm.so, mask=11100100010111111101111111111110, flags=SA_RESTART|SA_SIGINFO, unblocked
   SIGTERM: UserHandler in libjvm.so, mask=11100100010111111101111111111110, flags=SA_RESTART|SA_SIGINFO, unblocked
   SIGQUIT: UserHandler in libjvm.so, mask=11100100010111111101111111111110, flags=SA_RESTART|SA_SIGINFO, unblocked
   SIGTRAP: crash_handler in libjvm.so, mask=11100100010111111101111111111110, flags=SA_RESTART|SA_SIGINFO, unblocked


---------------  S Y S T E M  ---------------

OS:
CentOS Linux release 7.9.2009 (Core)
uname: Linux 3.10.0-1160.99.1.el7.x86_64 #1 SMP Wed Sep 13 14:19:20 UTC 2023 x86_64
OS uptime: 4 days 1:08 hours
libc: glibc 2.17 NPTL 2.17 
rlimit (soft/hard): STACK 8192k/infinity , CORE 0k/infinity , NPROC 4096/513338 , NOFILE 16384/16384 , AS infinity/infinity , CPU infinity/infinity , DATA infinity/infinity , FSIZE infinity/infinity , MEMLOCK 64k/64k
load average: 4.04 1.86 1.58

/proc/meminfo:
MemTotal:       131448804 kB
MemFree:         1512904 kB
MemAvailable:    2102604 kB
Buffers:               0 kB
Cached:           944640 kB
SwapCached:       143592 kB
Active:         119356708 kB
Inactive:        8094408 kB
Active(anon):   118643708 kB
Inactive(anon):  7878892 kB
Active(file):     713000 kB
Inactive(file):   215516 kB
Unevictable:           0 kB
Mlocked:               0 kB
SwapTotal:      21192700 kB
SwapFree:             92 kB
Dirty:              1888 kB
Writeback:             0 kB
AnonPages:      126363024 kB
Mapped:            73408 kB
Shmem:             16528 kB
Slab:             497924 kB
SReclaimable:     287196 kB
SUnreclaim:       210728 kB
KernelStack:       12784 kB
PageTables:       306064 kB
NFS_Unstable:          0 kB
Bounce:                0 kB
WritebackTmp:          0 kB
CommitLimit:    86917100 kB
Committed_AS:   149429012 kB
VmallocTotal:   34359738367 kB
VmallocUsed:      674068 kB
VmallocChunk:   34291822588 kB
Percpu:            67200 kB
HardwareCorrupted:     0 kB
AnonHugePages:     94208 kB
CmaTotal:              0 kB
CmaFree:               0 kB
HugePages_Total:       0
HugePages_Free:        0
HugePages_Rsvd:        0
HugePages_Surp:        0
Hugepagesize:       2048 kB
DirectMap4k:      519316 kB
DirectMap2M:    65157120 kB
DirectMap1G:    70254592 kB

/sys/kernel/mm/transparent_hugepage/enabled: [always] madvise never
/sys/kernel/mm/transparent_hugepage/defrag (defrag/compaction efforts parameter): [always] madvise never

Process Memory:
Virtual Size: 23396284K (peak: 26525604K)
Resident Set Size: 2930948K (peak: 2930948K) (anon: 2906012K, file: 24932K, shmem: 4K)
Swapped out: 0K
C-Heap outstanding allocations: 468060K, retained: 290835K (may have wrapped)
glibc malloc tunables: (default)

/proc/sys/kernel/threads-max (system-wide limit on the number of threads): 1026677
/proc/sys/vm/max_map_count (maximum number of memory map areas a process may have): 65530
/proc/sys/kernel/pid_max (system-wide limit on number of process identifiers): 245760

container (cgroup) information:
container_type: cgroupv1
cpu_cpuset_cpus: 0-15
cpu_memory_nodes: 0-1
active_processor_count: 16
cpu_quota: no quota
cpu_period: 100000
cpu_shares: no shares
memory_limit_in_bytes: unlimited
memory_and_swap_limit_in_bytes: unlimited
memory_soft_limit_in_bytes: unlimited
memory_usage_in_bytes: 127138384 k
memory_max_usage_in_bytes: 128611208 k
kernel_memory_usage_in_bytes: unlimited
kernel_memory_max_usage_in_bytes: unlimited
kernel_memory_limit_in_bytes: unlimited
maximum number of tasks: unlimited
current number of tasks: 189

Steal ticks since vm start: 0
Steal ticks percentage since vm start:  0.000

CPU: total 16 (initial active 16) (4 cores per cpu, 2 threads per core) family 6 model 85 stepping 4 microcode 0x2007006, cx8, cmov, fxsr, ht, mmx, 3dnowpref, sse, sse2, sse3, ssse3, sse4.1, sse4.2, popcnt, lzcnt, tsc, tscinvbit, avx, avx2, aes, erms, clmul, bmi1, bmi2, rtm, adx, fma, vzeroupper, clflush, clflushopt, clwb, rdtscp, f16c, pku, ospke
CPU Model and flags from /proc/cpuinfo:
model name	: Intel(R) Xeon(R) Silver 4112 CPU @ 2.60GHz
flags		: fpu vme de pse tsc msr pae mce cx8 apic sep mtrr pge mca cmov pat pse36 clflush dts acpi mmx fxsr sse sse2 ss ht tm pbe syscall nx pdpe1gb rdtscp lm constant_tsc art arch_perfmon pebs bts rep_good nopl xtopology nonstop_tsc aperfmperf eagerfpu pni pclmulqdq dtes64 monitor ds_cpl vmx smx est tm2 ssse3 sdbg fma cx16 xtpr pdcm pcid dca sse4_1 sse4_2 x2apic movbe popcnt tsc_deadline_timer aes xsave avx f16c rdrand lahf_lm abm 3dnowprefetch epb cat_l3 cdp_l3 invpcid_single intel_ppin ssbd mba rsb_ctxsw ibrs ibpb stibp tpr_shadow vnmi flexpriority ept vpid fsgsbase tsc_adjust bmi1 hle avx2 smep bmi2 erms invpcid rtm cqm mpx rdt_a avx512f avx512dq rdseed adx smap clflushopt clwb intel_pt avx512cd avx512bw avx512vl xsaveopt xsavec xgetbv1 cqm_llc cqm_occup_llc cqm_mbm_total cqm_mbm_local dtherm ida arat pln pts pku ospke md_clear spec_ctrl intel_stibp flush_l1d arch_capabilities

Online cpus: 0-15
Offline cpus: 16-239
BIOS frequency limitation: <Not Available>
Frequency switch latency (ns): <Not Available>
Available cpu frequencies: <Not Available>
Current governor: <Not Available>
Core performance/turbo boost: <Not Available>

Memory: 4k page, physical 131448804k(1512904k free), swap 21192700k(92k free)
Page Sizes: 4k

vm_info: OpenJDK 64-Bit Server VM (20-internal-adhoc..src) for linux-amd64 JRE (20-internal-adhoc..src), built on 2023-05-31T09:27:40Z by "" with gcc 12.2.0

END.
