#
# There is insufficient memory for the Java Runtime Environment to continue.
# Native memory allocation (mmap) failed to map 1862270976 bytes for committing reserved memory.
# Possible reasons:
#   The system is out of physical RAM or swap space
#   The process is running with CompressedOops enabled, and the Java Heap may be blocking the growth of the native heap
# Possible solutions:
#   Reduce memory load on the system
#   Increase physical memory or swap space
#   Check if swap backing store is full
#   Decrease Java heap size (-Xmx/-Xms)
#   Decrease number of Java threads
#   Decrease Java thread stack sizes (-Xss)
#   Set larger code cache with -XX:ReservedCodeCacheSize=
#   JVM is running with Zero Based Compressed Oops mode in which the Java heap is
#     placed in the first 32GB address space. The Java Heap base address is the
#     maximum limit for the native heap growth. Please use -XX:HeapBaseMinAddress
#     to set the Java Heap base and to place the Java Heap above 32GB virtual address.
# This output file may be truncated or incomplete.
#
#  Out of Memory Error (os_linux.cpp:2643), pid=5950, tid=5957
#
# JRE version: OpenJDK Runtime Environment (20.0) (build 20-internal-adhoc..src)
# Java VM: OpenJDK 64-Bit Server VM (20-internal-adhoc..src, mixed mode, sharing, tiered, compressed oops, compressed class ptrs, g1 gc, linux-amd64)
# Core dump will be written. Default location: Core dumps may be processed with "/usr/libexec/abrt-hook-ccpp %s %c %p %u %g %t e %P %I %h" (or dumping to /home/smobaraki/work/firesim/sim/core.5950)
#

---------------  S U M M A R Y ------------

Command Line: -Xmx16G -Xss8M -Djava.io.tmpdir=/home/smobaraki/work/firesim/sim/.java_tmp /home/smobaraki/work/firesim/target-design/chipyard/generators/rocket-chip/sbt-launch.jar -Dsbt.ivy.home=/home/smobaraki/work/firesim/sim/.ivy2 -Dsbt.global.base=/home/smobaraki/work/firesim/sim/.sbt -Dsbt.boot.directory=/home/smobaraki/work/firesim/sim/.sbt/boot/ -Dsbt.color=always -Dsbt.supershell=false -Dsbt.server.forcestart=true ;project firesim; set assembly / assemblyOutputPath := file("/home/smobaraki/work/firesim/sim/generated-src/firesim-main.jar"); assembly

Host: Intel(R) Xeon(R) Silver 4112 CPU @ 2.60GHz, 16 cores, 125G, CentOS Linux release 7.9.2009 (Core)
Time: Mon Oct 14 15:28:02 2024 CEST elapsed time: 83.475839 seconds (0d 0h 1m 23s)

---------------  T H R E A D  ---------------

Current thread (0x00007fb36419b5a0):  VMThread "VM Thread" [stack: 0x00007fb338598000,0x00007fb338698000] [id=5957]

Stack: [0x00007fb338598000,0x00007fb338698000],  sp=0x00007fb338695b80,  free space=1014k
Native frames: (J=compiled Java code, j=interpreted, Vv=VM code, C=native code)
V  [libjvm.so+0xf117a4]  VMError::report_and_die(int, char const*, char const*, __va_list_tag*, Thread*, unsigned char*, void*, void*, char const*, int, unsigned long)+0x1a4  (os_linux.cpp:2643)
V  [libjvm.so+0xf126bd]  VMError::report_and_die(Thread*, char const*, int, unsigned long, VMErrorType, char const*, __va_list_tag*)+0x2d
V  [libjvm.so+0x64daef]  report_vm_out_of_memory(char const*, int, unsigned long, VMErrorType, char const*, ...)+0xef
V  [libjvm.so+0xc2ca27]  os::pd_commit_memory_or_exit(char*, unsigned long, unsigned long, bool, char const*)+0xf7
V  [libjvm.so+0xc275ab]  os::commit_memory_or_exit(char*, unsigned long, unsigned long, bool, char const*)+0x2b
V  [libjvm.so+0x78a7ce]  G1PageBasedVirtualSpace::commit(unsigned long, unsigned long)+0x6e
V  [libjvm.so+0x79e704]  G1RegionsLargerThanCommitSizeMapper::commit_regions(unsigned int, unsigned long, WorkerThreads*)+0x104
V  [libjvm.so+0x8235bb]  HeapRegionManager::commit_regions(unsigned int, unsigned long, WorkerThreads*)+0x8b
V  [libjvm.so+0x82457c]  HeapRegionManager::expand(unsigned int, unsigned int, WorkerThreads*)+0x2c
V  [libjvm.so+0x8246f7]  HeapRegionManager::expand_by(unsigned int, WorkerThreads*)+0x77
V  [libjvm.so+0x74aaf2]  G1CollectedHeap::expand(unsigned long, WorkerThreads*, double*)+0xf2
V  [libjvm.so+0x74b503]  G1CollectedHeap::expand_heap_after_young_collection()+0x63
V  [libjvm.so+0x7c1862]  G1YoungCollector::post_evacuate_collection_set(G1EvacInfo*, G1ParScanThreadStateSet*)+0x262
V  [libjvm.so+0x7c1c8f]  G1YoungCollector::collect()+0x3ff
V  [libjvm.so+0x749260]  G1CollectedHeap::do_collection_pause_at_safepoint_helper()+0x110
V  [libjvm.so+0x749338]  G1CollectedHeap::do_collection_pause_at_safepoint()+0x28
V  [libjvm.so+0x7bf324]  VM_G1CollectForAllocation::doit()+0x44
V  [libjvm.so+0xf17e7e]  VM_Operation::evaluate()+0x10e
V  [libjvm.so+0xf1a5c3]  VMThread::evaluate_operation(VM_Operation*)+0xd3
V  [libjvm.so+0xf1b343]  VMThread::inner_execute(VM_Operation*)+0x3a3
V  [libjvm.so+0xf1b56f]  VMThread::run()+0xcf
V  [libjvm.so+0xe8f773]  Thread::call_run()+0xb3
V  [libjvm.so+0xc2f81d]  thread_native_entry(Thread*)+0xed
VM_Operation (0x00007fb2b89b3060): G1CollectForAllocation, mode: safepoint, requested by thread 0x00007fb2c406b600


---------------  P R O C E S S  ---------------

Threads class SMR info:
_java_thread_list=0x00007fb17c24e6d0, length=74, elements={
0x00007fb364018460, 0x00007fb3641a83c0, 0x00007fb3641a9a10, 0x00007fb3641ab610,
0x00007fb3641acb60, 0x00007fb3641ae0e0, 0x00007fb3641afcc0, 0x00007fb3641b1380,
0x00007fb3641bf720, 0x00007fb3641c4100, 0x00007fb3646774c0, 0x00007fb3646786e0,
0x00007fb364679ac0, 0x00007fb36467adc0, 0x00007fb36467c210, 0x00007fb364809440,
0x00007fb3647d6080, 0x00007fb36482fde0, 0x00007fb36482a1d0, 0x00007fb364969770,
0x00007fb3649b2380, 0x00007fb3652068c0, 0x00007fb2c406b600, 0x00007fb2c4014840,
0x00007fb260000bc0, 0x00007fb25c000bc0, 0x00007fb254000bc0, 0x00007fb260001d40,
0x00007fb24c000bc0, 0x00007fb25c001d40, 0x00007fb254001d40, 0x00007fb258000bc0,
0x00007fb24c001fc0, 0x00007fb250000bc0, 0x00007fb260002ee0, 0x00007fb23c000bc0,
0x00007fb25c002f40, 0x00007fb1e40768e0, 0x00007fb364b06a00, 0x00007fb364a427e0,
0x00007fb364bb1bc0, 0x00007fb364bb2b30, 0x00007fb3648a8510, 0x00007fb3648a9050,
0x00007fb364a451d0, 0x00007fb364b11420, 0x00007fb364b12350, 0x00007fb364204300,
0x00007fb364206fb0, 0x00007fb364208230, 0x00007fb3661248f0, 0x00007fb366128b30,
0x00007fb364cc0870, 0x00007fb1bc001710, 0x00007fb366121920, 0x00007fb366122910,
0x00007fb3661264d0, 0x00007fb366164960, 0x00007fb366165410, 0x00007fb366166130,
0x00007fb366166e80, 0x00007fb366167bd0, 0x00007fb366168950, 0x00007fb3661696b0,
0x00007fb36616a3f0, 0x00007fb36616b130, 0x00007fb36616beb0, 0x00007fb366174e40,
0x00007fb1880fa730, 0x00007fb2140172c0, 0x00007fb1b4002cb0, 0x00007fb178000bd0,
0x00007fb2dc38eb00, 0x00007fb1d51587d0
}

Java Threads: ( => current thread )
  0x00007fb364018460 JavaThread "main" [_thread_blocked, id=5951, stack(0x00007fb36e1f1000,0x00007fb36e2f2000)]
  0x00007fb3641a83c0 JavaThread "Reference Handler" daemon [_thread_blocked, id=5958, stack(0x00007fb3297ff000,0x00007fb32a000000)]
  0x00007fb3641a9a10 JavaThread "Finalizer" daemon [_thread_blocked, id=5959, stack(0x00007fb328ffe000,0x00007fb3297ff000)]
  0x00007fb3641ab610 JavaThread "Signal Dispatcher" daemon [_thread_blocked, id=5960, stack(0x00007fb3287fd000,0x00007fb328ffe000)]
  0x00007fb3641acb60 JavaThread "Service Thread" daemon [_thread_blocked, id=5961, stack(0x00007fb3112bc000,0x00007fb311abd000)]
  0x00007fb3641ae0e0 JavaThread "Monitor Deflation Thread" daemon [_thread_blocked, id=5962, stack(0x00007fb310abb000,0x00007fb3112bc000)]
  0x00007fb3641afcc0 JavaThread "C2 CompilerThread0" daemon [_thread_blocked, id=5963, stack(0x00007fb338495000,0x00007fb338596000)]
  0x00007fb3641b1380 JavaThread "C1 CompilerThread0" daemon [_thread_blocked, id=5964, stack(0x00007fb338394000,0x00007fb338495000)]
  0x00007fb3641bf720 JavaThread "Notification Thread" daemon [_thread_blocked, id=5965, stack(0x00007fb3102ba000,0x00007fb310abb000)]
  0x00007fb3641c4100 JavaThread "Common-Cleaner" daemon [_thread_blocked, id=5967, stack(0x00007fb2eb7ff000,0x00007fb2ec000000)]
  0x00007fb3646774c0 JavaThread "pool-1-thread-1" [_thread_blocked, id=5989, stack(0x00007fb2eaffe000,0x00007fb2eb7ff000)]
  0x00007fb3646786e0 JavaThread "pool-1-thread-2" [_thread_blocked, id=5990, stack(0x00007fb2ea7fd000,0x00007fb2eaffe000)]
  0x00007fb364679ac0 JavaThread "pool-1-thread-3" [_thread_blocked, id=5991, stack(0x00007fb2e9ffc000,0x00007fb2ea7fd000)]
  0x00007fb36467adc0 JavaThread "pool-1-thread-4" [_thread_blocked, id=5993, stack(0x00007fb2e8ffa000,0x00007fb2e97fb000)]
  0x00007fb36467c210 JavaThread "pool-1-thread-5" [_thread_blocked, id=5994, stack(0x00007fb2e87f9000,0x00007fb2e8ffa000)]
  0x00007fb364809440 JavaThread "process reaper" daemon [_thread_blocked, id=6001, stack(0x00007fb33806e000,0x00007fb338090000)]
  0x00007fb3647d6080 JavaThread "JNA Cleaner" daemon [_thread_blocked, id=6002, stack(0x00007fb2bb7ff000,0x00007fb2bc000000)]
  0x00007fb36482fde0 JavaThread "boot-server-socket-thread-1" [_thread_in_native, id=6003, stack(0x00007fb2baffe000,0x00007fb2bb7ff000)]
  0x00007fb36482a1d0 JavaThread "sbt-console-input-reader" [_thread_blocked, id=6022, stack(0x00007fb2ba5f9000,0x00007fb2badfa000)]
  0x00007fb364969770 JavaThread "classloader-cache-cleanup-0" daemon [_thread_blocked, id=6023, stack(0x00007fb2b9df8000,0x00007fb2ba5f9000)]
  0x00007fb3649b2380 JavaThread "sbt-command-exchange-fastTrack" daemon [_thread_blocked, id=6024, stack(0x00007fb2b95f7000,0x00007fb2b9df8000)]
  0x00007fb3652068c0 JavaThread "scala-execution-context-global-59" daemon [_thread_blocked, id=6028, stack(0x00007fb2e97fb000,0x00007fb2e9ffc000)]
  0x00007fb2c406b600 JavaThread "scala-execution-context-global-60" daemon [_thread_blocked, id=6029, stack(0x00007fb2b81b4000,0x00007fb2b89b5000)]
  0x00007fb2c4014840 JavaThread "scala-execution-context-global-61" daemon [_thread_blocked, id=6030, stack(0x00007fb2677ff000,0x00007fb268000000)]
  0x00007fb260000bc0 JavaThread "scala-execution-context-global-62" daemon [_thread_blocked, id=6031, stack(0x00007fb266ffe000,0x00007fb2677ff000)]
  0x00007fb25c000bc0 JavaThread "scala-execution-context-global-63" daemon [_thread_blocked, id=6032, stack(0x00007fb2667fd000,0x00007fb266ffe000)]
  0x00007fb254000bc0 JavaThread "scala-execution-context-global-64" daemon [_thread_blocked, id=6033, stack(0x00007fb265ffc000,0x00007fb2667fd000)]
  0x00007fb260001d40 JavaThread "scala-execution-context-global-65" daemon [_thread_blocked, id=6034, stack(0x00007fb2657fb000,0x00007fb265ffc000)]
  0x00007fb24c000bc0 JavaThread "scala-execution-context-global-67" daemon [_thread_blocked, id=6035, stack(0x00007fb264ffa000,0x00007fb2657fb000)]
  0x00007fb25c001d40 JavaThread "scala-execution-context-global-66" daemon [_thread_blocked, id=6036, stack(0x00007fb2647f9000,0x00007fb264ffa000)]
  0x00007fb254001d40 JavaThread "scala-execution-context-global-68" daemon [_thread_blocked, id=6037, stack(0x00007fb2437ff000,0x00007fb244000000)]
  0x00007fb258000bc0 JavaThread "scala-execution-context-global-69" daemon [_thread_blocked, id=6038, stack(0x00007fb242ffe000,0x00007fb2437ff000)]
  0x00007fb24c001fc0 JavaThread "scala-execution-context-global-70" daemon [_thread_blocked, id=6039, stack(0x00007fb2427fd000,0x00007fb242ffe000)]
  0x00007fb250000bc0 JavaThread "scala-execution-context-global-71" daemon [_thread_blocked, id=6040, stack(0x00007fb241ffc000,0x00007fb2427fd000)]
  0x00007fb260002ee0 JavaThread "scala-execution-context-global-72" daemon [_thread_blocked, id=6041, stack(0x00007fb2417fb000,0x00007fb241ffc000)]
  0x00007fb23c000bc0 JavaThread "scala-execution-context-global-73" daemon [_thread_blocked, id=6042, stack(0x00007fb240ffa000,0x00007fb2417fb000)]
  0x00007fb25c002f40 JavaThread "scala-execution-context-global-74" daemon [_thread_blocked, id=6043, stack(0x00007fb2407f9000,0x00007fb240ffa000)]
  0x00007fb1e40768e0 JavaThread "JGit-WorkQueue" daemon [_thread_blocked, id=6169, stack(0x00007fb1e17fb000,0x00007fb1e1ffc000)]
  0x00007fb364b06a00 JavaThread "FileSystemWatchService" daemon [_thread_in_native, id=6205, stack(0x00007fb200ffa000,0x00007fb2017fb000)]
  0x00007fb364a427e0 JavaThread "NioPathWatcher-loop-thread-1" daemon [_thread_blocked, id=6206, stack(0x00007fb222ffe000,0x00007fb2237ff000)]
  0x00007fb364bb1bc0 JavaThread "com.swoval.files.SymlinkWather.callback-executor-1" [_thread_blocked, id=6207, stack(0x00007fb221ffc000,0x00007fb2227fd000)]
  0x00007fb364bb2b30 JavaThread "FileTreeRepository-callback-executor-1" [_thread_blocked, id=6208, stack(0x00007fb2017fb000,0x00007fb201ffc000)]
  0x00007fb3648a8510 JavaThread "FileSystemWatchService" daemon [_thread_blocked, id=6209, stack(0x00007fb2237ff000,0x00007fb224000000)]
  0x00007fb3648a9050 JavaThread "NioPathWatcher-loop-thread-2" daemon [_thread_blocked, id=6210, stack(0x00007fb2227fd000,0x00007fb222ffe000)]
  0x00007fb364a451d0 JavaThread "FileSystemWatchService" daemon [_thread_in_native, id=6213, stack(0x00007fb2217fb000,0x00007fb221ffc000)]
  0x00007fb364b11420 JavaThread "NioPathWatcher-loop-thread-3" daemon [_thread_blocked, id=6214, stack(0x00007fb220ffa000,0x00007fb2217fb000)]
  0x00007fb364b12350 JavaThread "com.swoval.files.SymlinkWather.callback-executor-1" [_thread_blocked, id=6215, stack(0x00007fb2207f9000,0x00007fb220ffa000)]
  0x00007fb364204300 JavaThread "FileTreeRepository-callback-executor-1" [_thread_blocked, id=6216, stack(0x00007fb2037ff000,0x00007fb204000000)]
  0x00007fb364206fb0 JavaThread "FileSystemWatchService" daemon [_thread_blocked, id=6217, stack(0x00007fb202ffe000,0x00007fb2037ff000)]
  0x00007fb364208230 JavaThread "NioPathWatcher-loop-thread-4" daemon [_thread_blocked, id=6218, stack(0x00007fb2007f9000,0x00007fb200ffa000)]
  0x00007fb3661248f0 JavaThread "sbt-task-progress-report-thread" [_thread_blocked, id=6281, stack(0x00007fb1b17fb000,0x00007fb1b1ffc000)]
  0x00007fb366128b30 JavaThread "pool-11-thread-1" [_thread_blocked, id=6282, stack(0x00007fb1b1ffc000,0x00007fb1b27fd000)]
  0x00007fb364cc0870 JavaThread "pool-11-thread-2" [_thread_blocked, id=6283, stack(0x00007fb1e37ff000,0x00007fb1e4000000)]
  0x00007fb1bc001710 JavaThread "sbt-progress-report-scheduler" [_thread_blocked, id=6284, stack(0x00007fb201ffc000,0x00007fb2027fd000)]
  0x00007fb366121920 JavaThread "pool-11-thread-3" [_thread_blocked, id=6285, stack(0x00007fb2027fd000,0x00007fb202ffe000)]
  0x00007fb366122910 JavaThread "pool-11-thread-4" [_thread_blocked, id=6286, stack(0x00007fb1e2ffe000,0x00007fb1e37ff000)]
  0x00007fb3661264d0 JavaThread "pool-11-thread-5" [_thread_blocked, id=6287, stack(0x00007fb1e27fd000,0x00007fb1e2ffe000)]
  0x00007fb366164960 JavaThread "pool-11-thread-6" [_thread_blocked, id=6289, stack(0x00007fb1e1ffc000,0x00007fb1e27fd000)]
  0x00007fb366165410 JavaThread "pool-11-thread-7" [_thread_blocked, id=6290, stack(0x00007fb1e088a000,0x00007fb1e108b000)]
  0x00007fb366166130 JavaThread "pool-11-thread-8" [_thread_blocked, id=6291, stack(0x00007fb1b37ff000,0x00007fb1b4000000)]
  0x00007fb366166e80 JavaThread "pool-11-thread-9" [_thread_blocked, id=6292, stack(0x00007fb1b2ffe000,0x00007fb1b37ff000)]
  0x00007fb366167bd0 JavaThread "pool-11-thread-10" [_thread_blocked, id=6293, stack(0x00007fb1b27fd000,0x00007fb1b2ffe000)]
  0x00007fb366168950 JavaThread "pool-11-thread-11" [_thread_blocked, id=6294, stack(0x00007fb1b0ffa000,0x00007fb1b17fb000)]
  0x00007fb3661696b0 JavaThread "pool-11-thread-12" [_thread_blocked, id=6295, stack(0x00007fb1b07f9000,0x00007fb1b0ffa000)]
  0x00007fb36616a3f0 JavaThread "pool-11-thread-13" [_thread_blocked, id=6296, stack(0x00007fb1ab7ff000,0x00007fb1ac000000)]
  0x00007fb36616b130 JavaThread "pool-11-thread-14" [_thread_blocked, id=6297, stack(0x00007fb1aaffe000,0x00007fb1ab7ff000)]
  0x00007fb36616beb0 JavaThread "pool-11-thread-15" [_thread_blocked, id=6298, stack(0x00007fb1aa7fd000,0x00007fb1aaffe000)]
  0x00007fb366174e40 JavaThread "pool-11-thread-16" [_thread_blocked, id=6299, stack(0x00007fb1a9ffc000,0x00007fb1aa7fd000)]
  0x00007fb1880fa730 JavaThread "pool-11-thread-17" [_thread_blocked, id=6300, stack(0x00007fb1a97fb000,0x00007fb1a9ffc000)]
  0x00007fb2140172c0 JavaThread "ForkJoinPool.commonPool-worker-1" daemon [_thread_blocked, id=6302, stack(0x00007fb1a8ffa000,0x00007fb1a97fb000)]
  0x00007fb1b4002cb0 JavaThread "pool-11-thread-18" [_thread_blocked, id=6304, stack(0x00007fb1a87f9000,0x00007fb1a8ffa000)]
  0x00007fb178000bd0 JavaThread "ForkJoinPool.commonPool-worker-2" daemon [_thread_blocked, id=6307, stack(0x00007fb16f7ff000,0x00007fb170000000)]
  0x00007fb2dc38eb00 JavaThread "pool-11-thread-19" [_thread_blocked, id=6309, stack(0x00007fb16effe000,0x00007fb16f7ff000)]
  0x00007fb1d51587d0 JavaThread "Timer-0" daemon [_thread_blocked, id=6406, stack(0x00007fb1e0089000,0x00007fb1e088a000)]

Other Threads:
=>0x00007fb36419b5a0 VMThread "VM Thread" [stack: 0x00007fb338598000,0x00007fb338698000] [id=5957]
  0x00007fb3641c1630 WatcherThread "VM Periodic Task Thread" [stack: 0x00007fb338294000,0x00007fb338394000] [id=5966]
  0x00007fb36404acb0 WorkerThread "GC Thread#0" [stack: 0x00007fb368c15000,0x00007fb368d15000] [id=5952]
  0x00007fb318008730 WorkerThread "GC Thread#1" [stack: 0x00007fb3282dc000,0x00007fb3283dc000] [id=6004]
  0x00007fb318009290 WorkerThread "GC Thread#2" [stack: 0x00007fb3281da000,0x00007fb3282da000] [id=6005]
  0x00007fb318009df0 WorkerThread "GC Thread#3" [stack: 0x00007fb3280d8000,0x00007fb3281d8000] [id=6006]
  0x00007fb31800a950 WorkerThread "GC Thread#4" [stack: 0x00007fb3101ba000,0x00007fb3102ba000] [id=6007]
  0x00007fb31800b4b0 WorkerThread "GC Thread#5" [stack: 0x00007fb3100b8000,0x00007fb3101b8000] [id=6008]
  0x00007fb31800c010 WorkerThread "GC Thread#6" [stack: 0x00007fb2e86f9000,0x00007fb2e87f9000] [id=6009]
  0x00007fb31800cb70 WorkerThread "GC Thread#7" [stack: 0x00007fb2e85f7000,0x00007fb2e86f7000] [id=6010]
  0x00007fb31800d6d0 WorkerThread "GC Thread#8" [stack: 0x00007fb2e84f5000,0x00007fb2e85f5000] [id=6011]
  0x00007fb31800e230 WorkerThread "GC Thread#9" [stack: 0x00007fb2e83f3000,0x00007fb2e84f3000] [id=6012]
  0x00007fb31800f180 WorkerThread "GC Thread#10" [stack: 0x00007fb2e82f1000,0x00007fb2e83f1000] [id=6013]
  0x00007fb3180100d0 WorkerThread "GC Thread#11" [stack: 0x00007fb2e81ef000,0x00007fb2e82ef000] [id=6014]
  0x00007fb318011060 WorkerThread "GC Thread#12" [stack: 0x00007fb2e80ed000,0x00007fb2e81ed000] [id=6015]
  0x00007fb36405c3d0 ConcurrentGCThread "G1 Main Marker" [stack: 0x00007fb368b13000,0x00007fb368c13000] [id=5953]
  0x00007fb36405d410 WorkerThread "G1 Conc#0" [stack: 0x00007fb368a11000,0x00007fb368b11000] [id=5954]
  0x00007fb32c000960 WorkerThread "G1 Conc#1" [stack: 0x00007fb2baefe000,0x00007fb2baffe000] [id=6016]
  0x00007fb32c0014d0 WorkerThread "G1 Conc#2" [stack: 0x00007fb2badfc000,0x00007fb2baefc000] [id=6017]
  0x00007fb364168d00 ConcurrentGCThread "G1 Refine#0" [stack: 0x00007fb3389c6000,0x00007fb338ac6000] [id=5955]
  0x00007fb364169d60 ConcurrentGCThread "G1 Service" [stack: 0x00007fb3388c4000,0x00007fb3389c4000] [id=5956]

Threads with active compile tasks:

VM state: at safepoint (normal execution)

VM Mutex/Monitor currently owned by a thread:  ([mutex/lock_event])
[0x00007fb364015f20] Threads_lock - owner thread: 0x00007fb36419b5a0
[0x00007fb364016140] Heap_lock - owner thread: 0x00007fb2c406b600

Heap address: 0x0000000400000000, size: 16384 MB, Compressed Oops mode: Zero based, Oop shift amount: 3

CDS archive(s) mapped at: [0x0000000800000000-0x0000000800c65000-0x0000000800c65000), size 12996608, SharedBaseAddress: 0x0000000800000000, ArchiveRelocationMode: 0.
Compressed class space mapped at: 0x0000000801000000-0x0000000841000000, reserved size: 1073741824
Narrow klass base: 0x0000000800000000, Narrow klass shift: 0, Narrow klass range: 0x100000000

GC Precious Log:
 CardTable entry size: 512
 Card Set container configuration: InlinePtr #cards 4 size 8 Array Of Cards #cards 64 size 144 Howl #buckets 8 coarsen threshold 14745 Howl Bitmap #cards 2048 size 272 coarsen threshold 1843 Card regions per heap region 1 cards per card region 16384
 CPUs: 16 total, 16 available
 Memory: 125G
 Large Page Support: Disabled
 NUMA Support: Disabled
 Compressed Oops: Enabled (Zero based)
 Heap Region Size: 8M
 Heap Min Capacity: 8M
 Heap Initial Capacity: 2008M
 Heap Max Capacity: 16G
 Pre-touch: Disabled
 Parallel Workers: 13
 Concurrent Workers: 3
 Concurrent Refinement Workers: 13
 Periodic GC: Disabled

Heap:
 garbage-first heap   total 2949120K, used 1545218K [0x0000000400000000, 0x0000000800000000)
  region size 8192K, 17 young (139264K), 17 survivors (139264K)
 Metaspace       used 162941K, committed 165056K, reserved 1245184K
  class space    used 19817K, committed 20480K, reserved 1048576K

Heap Regions: E=young(eden), S=young(survivor), O=old, HS=humongous(starts), HC=humongous(continues), CS=collection set, F=free, OA=open archive, CA=closed archive, TAMS=top-at-mark-start, PB=parsable bottom
|   0|0x0000000400000000, 0x0000000400800000, 0x0000000400800000|100%| O|  |TAMS 0x0000000400000000| PB 0x0000000400000000| Untracked 
|   1|0x0000000400800000, 0x0000000401000000, 0x0000000401000000|100%| O|  |TAMS 0x0000000400800000| PB 0x0000000400800000| Untracked 
|   2|0x0000000401000000, 0x0000000401800000, 0x0000000401800000|100%| O|  |TAMS 0x0000000401000000| PB 0x0000000401000000| Untracked 
|   3|0x0000000401800000, 0x0000000401800000, 0x0000000402000000|  0%| F|  |TAMS 0x0000000401800000| PB 0x0000000401800000| Untracked 
|   4|0x0000000402000000, 0x0000000402800000, 0x0000000402800000|100%| O|  |TAMS 0x0000000402000000| PB 0x0000000402000000| Untracked 
|   5|0x0000000402800000, 0x0000000403000000, 0x0000000403000000|100%| O|  |TAMS 0x0000000402800000| PB 0x0000000402800000| Untracked 
|   6|0x0000000403000000, 0x0000000403800000, 0x0000000403800000|100%|HS|  |TAMS 0x0000000403000000| PB 0x0000000403000000| Complete 
|   7|0x0000000403800000, 0x0000000404000000, 0x0000000404000000|100%| O|  |TAMS 0x0000000403800000| PB 0x0000000403800000| Untracked 
|   8|0x0000000404000000, 0x0000000404800000, 0x0000000404800000|100%| O|  |TAMS 0x0000000404000000| PB 0x0000000404000000| Untracked 
|   9|0x0000000404800000, 0x0000000405000000, 0x0000000405000000|100%| O|  |TAMS 0x0000000404800000| PB 0x0000000404800000| Untracked 
|  10|0x0000000405000000, 0x0000000405800000, 0x0000000405800000|100%| O|  |TAMS 0x0000000405000000| PB 0x0000000405000000| Untracked 
|  11|0x0000000405800000, 0x0000000406000000, 0x0000000406000000|100%| O|  |TAMS 0x0000000405800000| PB 0x0000000405800000| Untracked 
|  12|0x0000000406000000, 0x0000000406800000, 0x0000000406800000|100%| O|  |TAMS 0x0000000406000000| PB 0x0000000406000000| Untracked 
|  13|0x0000000406800000, 0x0000000407000000, 0x0000000407000000|100%| O|  |TAMS 0x0000000406800000| PB 0x0000000406800000| Untracked 
|  14|0x0000000407000000, 0x0000000407800000, 0x0000000407800000|100%|HS|  |TAMS 0x0000000407000000| PB 0x0000000407000000| Complete 
|  15|0x0000000407800000, 0x0000000408000000, 0x0000000408000000|100%|HS|  |TAMS 0x0000000407800000| PB 0x0000000407800000| Complete 
|  16|0x0000000408000000, 0x0000000408800000, 0x0000000408800000|100%| O|  |TAMS 0x0000000408000000| PB 0x0000000408000000| Untracked 
|  17|0x0000000408800000, 0x0000000409000000, 0x0000000409000000|100%| O|  |TAMS 0x0000000408800000| PB 0x0000000408800000| Untracked 
|  18|0x0000000409000000, 0x0000000409800000, 0x0000000409800000|100%| O|  |TAMS 0x0000000409000000| PB 0x0000000409000000| Untracked 
|  19|0x0000000409800000, 0x000000040a000000, 0x000000040a000000|100%| O|  |TAMS 0x0000000409800000| PB 0x0000000409800000| Untracked 
|  20|0x000000040a000000, 0x000000040a800000, 0x000000040a800000|100%| O|  |TAMS 0x000000040a000000| PB 0x000000040a000000| Untracked 
|  21|0x000000040a800000, 0x000000040a800000, 0x000000040b000000|  0%| F|  |TAMS 0x000000040a800000| PB 0x000000040a800000| Untracked 
|  22|0x000000040b000000, 0x000000040b800000, 0x000000040b800000|100%|HS|  |TAMS 0x000000040b000000| PB 0x000000040b000000| Complete 
|  23|0x000000040b800000, 0x000000040c000000, 0x000000040c000000|100%|HC|  |TAMS 0x000000040b800000| PB 0x000000040b800000| Complete 
|  24|0x000000040c000000, 0x000000040c800000, 0x000000040c800000|100%| O|  |TAMS 0x000000040c000000| PB 0x000000040c000000| Untracked 
|  25|0x000000040c800000, 0x000000040d000000, 0x000000040d000000|100%| O|  |TAMS 0x000000040c800000| PB 0x000000040c800000| Untracked 
|  26|0x000000040d000000, 0x000000040d800000, 0x000000040d800000|100%| O|  |TAMS 0x000000040d000000| PB 0x000000040d000000| Untracked 
|  27|0x000000040d800000, 0x000000040e000000, 0x000000040e000000|100%| O|  |TAMS 0x000000040d800000| PB 0x000000040d800000| Untracked 
|  28|0x000000040e000000, 0x000000040e800000, 0x000000040e800000|100%| O|  |TAMS 0x000000040e000000| PB 0x000000040e000000| Untracked 
|  29|0x000000040e800000, 0x000000040f000000, 0x000000040f000000|100%| O|  |TAMS 0x000000040e800000| PB 0x000000040e800000| Untracked 
|  30|0x000000040f000000, 0x000000040f800000, 0x000000040f800000|100%| O|  |TAMS 0x000000040f000000| PB 0x000000040f000000| Untracked 
|  31|0x000000040f800000, 0x0000000410000000, 0x0000000410000000|100%| O|  |TAMS 0x000000040f800000| PB 0x000000040f800000| Untracked 
|  32|0x0000000410000000, 0x0000000410800000, 0x0000000410800000|100%| O|  |TAMS 0x0000000410000000| PB 0x0000000410000000| Untracked 
|  33|0x0000000410800000, 0x0000000411000000, 0x0000000411000000|100%| O|  |TAMS 0x0000000410800000| PB 0x0000000410800000| Untracked 
|  34|0x0000000411000000, 0x0000000411800000, 0x0000000411800000|100%| O|  |TAMS 0x0000000411000000| PB 0x0000000411000000| Untracked 
|  35|0x0000000411800000, 0x0000000412000000, 0x0000000412000000|100%| O|  |TAMS 0x0000000411800000| PB 0x0000000411800000| Untracked 
|  36|0x0000000412000000, 0x0000000412800000, 0x0000000412800000|100%| O|  |TAMS 0x0000000412000000| PB 0x0000000412000000| Untracked 
|  37|0x0000000412800000, 0x0000000413000000, 0x0000000413000000|100%| O|  |TAMS 0x0000000412800000| PB 0x0000000412800000| Untracked 
|  38|0x0000000413000000, 0x0000000413800000, 0x0000000413800000|100%| O|  |TAMS 0x0000000413000000| PB 0x0000000413000000| Untracked 
|  39|0x0000000413800000, 0x0000000414000000, 0x0000000414000000|100%| O|  |TAMS 0x0000000413800000| PB 0x0000000413800000| Untracked 
|  40|0x0000000414000000, 0x0000000414800000, 0x0000000414800000|100%| O|  |TAMS 0x0000000414000000| PB 0x0000000414000000| Untracked 
|  41|0x0000000414800000, 0x0000000415000000, 0x0000000415000000|100%| O|  |TAMS 0x0000000414800000| PB 0x0000000414800000| Untracked 
|  42|0x0000000415000000, 0x0000000415800000, 0x0000000415800000|100%| O|  |TAMS 0x0000000415000000| PB 0x0000000415000000| Untracked 
|  43|0x0000000415800000, 0x0000000416000000, 0x0000000416000000|100%| O|  |TAMS 0x0000000415800000| PB 0x0000000415800000| Untracked 
|  44|0x0000000416000000, 0x0000000416800000, 0x0000000416800000|100%| O|  |TAMS 0x0000000416000000| PB 0x0000000416000000| Untracked 
|  45|0x0000000416800000, 0x0000000417000000, 0x0000000417000000|100%| O|  |TAMS 0x0000000416800000| PB 0x0000000416800000| Untracked 
|  46|0x0000000417000000, 0x0000000417800000, 0x0000000417800000|100%| O|  |TAMS 0x0000000417000000| PB 0x0000000417000000| Untracked 
|  47|0x0000000417800000, 0x0000000418000000, 0x0000000418000000|100%| O|  |TAMS 0x0000000417800000| PB 0x0000000417800000| Untracked 
|  48|0x0000000418000000, 0x0000000418800000, 0x0000000418800000|100%| O|  |TAMS 0x0000000418000000| PB 0x0000000418000000| Untracked 
|  49|0x0000000418800000, 0x0000000419000000, 0x0000000419000000|100%| O|  |TAMS 0x0000000418800000| PB 0x0000000418800000| Untracked 
|  50|0x0000000419000000, 0x0000000419800000, 0x0000000419800000|100%|HS|  |TAMS 0x0000000419000000| PB 0x0000000419000000| Complete 
|  51|0x0000000419800000, 0x000000041a000000, 0x000000041a000000|100%|HC|  |TAMS 0x0000000419800000| PB 0x0000000419800000| Complete 
|  52|0x000000041a000000, 0x000000041a800000, 0x000000041a800000|100%| O|  |TAMS 0x000000041a000000| PB 0x000000041a000000| Untracked 
|  53|0x000000041a800000, 0x000000041b000000, 0x000000041b000000|100%| O|  |TAMS 0x000000041a800000| PB 0x000000041a800000| Untracked 
|  54|0x000000041b000000, 0x000000041b800000, 0x000000041b800000|100%| O|  |TAMS 0x000000041b000000| PB 0x000000041b000000| Untracked 
|  55|0x000000041b800000, 0x000000041c000000, 0x000000041c000000|100%| O|  |TAMS 0x000000041b800000| PB 0x000000041b800000| Untracked 
|  56|0x000000041c000000, 0x000000041c800000, 0x000000041c800000|100%| O|  |TAMS 0x000000041c000000| PB 0x000000041c000000| Untracked 
|  57|0x000000041c800000, 0x000000041d000000, 0x000000041d000000|100%| O|  |TAMS 0x000000041c800000| PB 0x000000041c800000| Untracked 
|  58|0x000000041d000000, 0x000000041d800000, 0x000000041d800000|100%| O|  |TAMS 0x000000041d000000| PB 0x000000041d000000| Untracked 
|  59|0x000000041d800000, 0x000000041e000000, 0x000000041e000000|100%| O|  |TAMS 0x000000041d800000| PB 0x000000041d800000| Untracked 
|  60|0x000000041e000000, 0x000000041e800000, 0x000000041e800000|100%| O|  |TAMS 0x000000041e000000| PB 0x000000041e000000| Untracked 
|  61|0x000000041e800000, 0x000000041f000000, 0x000000041f000000|100%| O|  |TAMS 0x000000041e800000| PB 0x000000041e800000| Untracked 
|  62|0x000000041f000000, 0x000000041f000000, 0x000000041f800000|  0%| F|  |TAMS 0x000000041f000000| PB 0x000000041f000000| Untracked 
|  63|0x000000041f800000, 0x0000000420000000, 0x0000000420000000|100%| O|  |TAMS 0x000000041f800000| PB 0x000000041f800000| Untracked 
|  64|0x0000000420000000, 0x0000000420800000, 0x0000000420800000|100%| O|  |TAMS 0x0000000420000000| PB 0x0000000420000000| Untracked 
|  65|0x0000000420800000, 0x0000000421000000, 0x0000000421000000|100%| O|  |TAMS 0x0000000420800000| PB 0x0000000420800000| Untracked 
|  66|0x0000000421000000, 0x0000000421800000, 0x0000000421800000|100%| O|  |TAMS 0x0000000421000000| PB 0x0000000421000000| Untracked 
|  67|0x0000000421800000, 0x0000000422000000, 0x0000000422000000|100%| O|  |TAMS 0x0000000421800000| PB 0x0000000421800000| Untracked 
|  68|0x0000000422000000, 0x0000000422800000, 0x0000000422800000|100%| O|  |TAMS 0x0000000422000000| PB 0x0000000422000000| Untracked 
|  69|0x0000000422800000, 0x0000000423000000, 0x0000000423000000|100%| O|  |TAMS 0x0000000422800000| PB 0x0000000422800000| Untracked 
|  70|0x0000000423000000, 0x0000000423800000, 0x0000000423800000|100%| O|  |TAMS 0x0000000423000000| PB 0x0000000423000000| Untracked 
|  71|0x0000000423800000, 0x0000000424000000, 0x0000000424000000|100%| O|  |TAMS 0x0000000423800000| PB 0x0000000423800000| Untracked 
|  72|0x0000000424000000, 0x0000000424800000, 0x0000000424800000|100%| O|  |TAMS 0x0000000424000000| PB 0x0000000424000000| Untracked 
|  73|0x0000000424800000, 0x0000000425000000, 0x0000000425000000|100%| O|  |TAMS 0x0000000424800000| PB 0x0000000424800000| Untracked 
|  74|0x0000000425000000, 0x0000000425800000, 0x0000000425800000|100%| O|  |TAMS 0x0000000425000000| PB 0x0000000425000000| Untracked 
|  75|0x0000000425800000, 0x0000000426000000, 0x0000000426000000|100%| O|  |TAMS 0x0000000425800000| PB 0x0000000425800000| Untracked 
|  76|0x0000000426000000, 0x0000000426800000, 0x0000000426800000|100%| O|  |TAMS 0x0000000426000000| PB 0x0000000426000000| Untracked 
|  77|0x0000000426800000, 0x0000000427000000, 0x0000000427000000|100%| O|  |TAMS 0x0000000426800000| PB 0x0000000426800000| Untracked 
|  78|0x0000000427000000, 0x0000000427800000, 0x0000000427800000|100%| O|  |TAMS 0x0000000427000000| PB 0x0000000427000000| Untracked 
|  79|0x0000000427800000, 0x0000000428000000, 0x0000000428000000|100%| O|  |TAMS 0x0000000427800000| PB 0x0000000427800000| Untracked 
|  80|0x0000000428000000, 0x0000000428800000, 0x0000000428800000|100%| O|  |TAMS 0x0000000428000000| PB 0x0000000428000000| Untracked 
|  81|0x0000000428800000, 0x0000000428800000, 0x0000000429000000|  0%| F|  |TAMS 0x0000000428800000| PB 0x0000000428800000| Untracked 
|  82|0x0000000429000000, 0x0000000429800000, 0x0000000429800000|100%| O|  |TAMS 0x0000000429000000| PB 0x0000000429000000| Untracked 
|  83|0x0000000429800000, 0x000000042a000000, 0x000000042a000000|100%| O|  |TAMS 0x0000000429800000| PB 0x0000000429800000| Untracked 
|  84|0x000000042a000000, 0x000000042a800000, 0x000000042a800000|100%| O|  |TAMS 0x000000042a000000| PB 0x000000042a000000| Untracked 
|  85|0x000000042a800000, 0x000000042b000000, 0x000000042b000000|100%| O|  |TAMS 0x000000042a800000| PB 0x000000042a800000| Untracked 
|  86|0x000000042b000000, 0x000000042b000000, 0x000000042b800000|  0%| F|  |TAMS 0x000000042b000000| PB 0x000000042b000000| Untracked 
|  87|0x000000042b800000, 0x000000042c000000, 0x000000042c000000|100%| O|  |TAMS 0x000000042b800000| PB 0x000000042b800000| Untracked 
|  88|0x000000042c000000, 0x000000042c800000, 0x000000042c800000|100%| O|  |TAMS 0x000000042c000000| PB 0x000000042c000000| Untracked 
|  89|0x000000042c800000, 0x000000042d000000, 0x000000042d000000|100%| O|  |TAMS 0x000000042c800000| PB 0x000000042c800000| Untracked 
|  90|0x000000042d000000, 0x000000042d800000, 0x000000042d800000|100%| O|  |TAMS 0x000000042d000000| PB 0x000000042d000000| Untracked 
|  91|0x000000042d800000, 0x000000042e000000, 0x000000042e000000|100%| O|  |TAMS 0x000000042d800000| PB 0x000000042d800000| Untracked 
|  92|0x000000042e000000, 0x000000042e800000, 0x000000042e800000|100%| O|  |TAMS 0x000000042e000000| PB 0x000000042e000000| Untracked 
|  93|0x000000042e800000, 0x000000042f000000, 0x000000042f000000|100%| O|  |TAMS 0x000000042e800000| PB 0x000000042e800000| Untracked 
|  94|0x000000042f000000, 0x000000042f800000, 0x000000042f800000|100%| O|  |TAMS 0x000000042f000000| PB 0x000000042f000000| Untracked 
|  95|0x000000042f800000, 0x0000000430000000, 0x0000000430000000|100%| O|  |TAMS 0x000000042f800000| PB 0x000000042f800000| Untracked 
|  96|0x0000000430000000, 0x0000000430800000, 0x0000000430800000|100%| O|  |TAMS 0x0000000430000000| PB 0x0000000430000000| Untracked 
|  97|0x0000000430800000, 0x0000000430800000, 0x0000000431000000|  0%| F|  |TAMS 0x0000000430800000| PB 0x0000000430800000| Untracked 
|  98|0x0000000431000000, 0x0000000431800000, 0x0000000431800000|100%|HS|  |TAMS 0x0000000431000000| PB 0x0000000431000000| Complete 
|  99|0x0000000431800000, 0x0000000432000000, 0x0000000432000000|100%|HS|  |TAMS 0x0000000431800000| PB 0x0000000431800000| Complete 
| 100|0x0000000432000000, 0x0000000432800000, 0x0000000432800000|100%|HS|  |TAMS 0x0000000432000000| PB 0x0000000432000000| Complete 
| 101|0x0000000432800000, 0x0000000433000000, 0x0000000433000000|100%| O|  |TAMS 0x0000000432800000| PB 0x0000000432800000| Untracked 
| 102|0x0000000433000000, 0x0000000433800000, 0x0000000433800000|100%|HS|  |TAMS 0x0000000433000000| PB 0x0000000433000000| Complete 
| 103|0x0000000433800000, 0x0000000434000000, 0x0000000434000000|100%|HS|  |TAMS 0x0000000433800000| PB 0x0000000433800000| Complete 
| 104|0x0000000434000000, 0x0000000434800000, 0x0000000434800000|100%| O|  |TAMS 0x0000000434000000| PB 0x0000000434000000| Untracked 
| 105|0x0000000434800000, 0x0000000435000000, 0x0000000435000000|100%| O|  |TAMS 0x0000000434800000| PB 0x0000000434800000| Untracked 
| 106|0x0000000435000000, 0x0000000435800000, 0x0000000435800000|100%| O|  |TAMS 0x0000000435000000| PB 0x0000000435000000| Untracked 
| 107|0x0000000435800000, 0x0000000436000000, 0x0000000436000000|100%|HS|  |TAMS 0x0000000435800000| PB 0x0000000435800000| Complete 
| 108|0x0000000436000000, 0x0000000436800000, 0x0000000436800000|100%|HS|  |TAMS 0x0000000436000000| PB 0x0000000436000000| Complete 
| 109|0x0000000436800000, 0x0000000437000000, 0x0000000437000000|100%|HC|  |TAMS 0x0000000436800000| PB 0x0000000436800000| Complete 
| 110|0x0000000437000000, 0x0000000437800000, 0x0000000437800000|100%| O|  |TAMS 0x0000000437000000| PB 0x0000000437000000| Untracked 
| 111|0x0000000437800000, 0x0000000438000000, 0x0000000438000000|100%| O|  |TAMS 0x0000000437800000| PB 0x0000000437800000| Untracked 
| 112|0x0000000438000000, 0x0000000438800000, 0x0000000438800000|100%| O|  |TAMS 0x0000000438000000| PB 0x0000000438000000| Untracked 
| 113|0x0000000438800000, 0x0000000439000000, 0x0000000439000000|100%|HS|  |TAMS 0x0000000438800000| PB 0x0000000438800000| Complete 
| 114|0x0000000439000000, 0x0000000439800000, 0x0000000439800000|100%|HC|  |TAMS 0x0000000439000000| PB 0x0000000439000000| Complete 
| 115|0x0000000439800000, 0x000000043a000000, 0x000000043a000000|100%|HC|  |TAMS 0x0000000439800000| PB 0x0000000439800000| Complete 
| 116|0x000000043a000000, 0x000000043a800000, 0x000000043a800000|100%|HC|  |TAMS 0x000000043a000000| PB 0x000000043a000000| Complete 
| 117|0x000000043a800000, 0x000000043b000000, 0x000000043b000000|100%|HC|  |TAMS 0x000000043a800000| PB 0x000000043a800000| Complete 
| 118|0x000000043b000000, 0x000000043b800000, 0x000000043b800000|100%|HC|  |TAMS 0x000000043b000000| PB 0x000000043b000000| Complete 
| 119|0x000000043b800000, 0x000000043c000000, 0x000000043c000000|100%|HC|  |TAMS 0x000000043b800000| PB 0x000000043b800000| Complete 
| 120|0x000000043c000000, 0x000000043c800000, 0x000000043c800000|100%|HC|  |TAMS 0x000000043c000000| PB 0x000000043c000000| Complete 
| 121|0x000000043c800000, 0x000000043d000000, 0x000000043d000000|100%|HC|  |TAMS 0x000000043c800000| PB 0x000000043c800000| Complete 
| 122|0x000000043d000000, 0x000000043d800000, 0x000000043d800000|100%|HS|  |TAMS 0x000000043d000000| PB 0x000000043d000000| Complete 
| 123|0x000000043d800000, 0x000000043e000000, 0x000000043e000000|100%| O|  |TAMS 0x000000043d800000| PB 0x000000043d800000| Untracked 
| 124|0x000000043e000000, 0x000000043e800000, 0x000000043e800000|100%| O|  |TAMS 0x000000043e000000| PB 0x000000043e000000| Untracked 
| 125|0x000000043e800000, 0x000000043f000000, 0x000000043f000000|100%|HS|  |TAMS 0x000000043e800000| PB 0x000000043e800000| Complete 
| 126|0x000000043f000000, 0x000000043f800000, 0x000000043f800000|100%|HS|  |TAMS 0x000000043f000000| PB 0x000000043f000000| Complete 
| 127|0x000000043f800000, 0x0000000440000000, 0x0000000440000000|100%|HS|  |TAMS 0x000000043f800000| PB 0x000000043f800000| Complete 
| 128|0x0000000440000000, 0x0000000440800000, 0x0000000440800000|100%|HC|  |TAMS 0x0000000440000000| PB 0x0000000440000000| Complete 
| 129|0x0000000440800000, 0x0000000441000000, 0x0000000441000000|100%| O|  |TAMS 0x0000000440800000| PB 0x0000000440800000| Untracked 
| 130|0x0000000441000000, 0x0000000441800000, 0x0000000441800000|100%| O|  |TAMS 0x0000000441000000| PB 0x0000000441000000| Untracked 
| 131|0x0000000441800000, 0x0000000442000000, 0x0000000442000000|100%| O|  |TAMS 0x0000000441800000| PB 0x0000000441800000| Untracked 
| 132|0x0000000442000000, 0x0000000442800000, 0x0000000442800000|100%|HS|  |TAMS 0x0000000442000000| PB 0x0000000442000000| Complete 
| 133|0x0000000442800000, 0x0000000443000000, 0x0000000443000000|100%|HC|  |TAMS 0x0000000442800000| PB 0x0000000442800000| Complete 
| 134|0x0000000443000000, 0x0000000443800000, 0x0000000443800000|100%|HC|  |TAMS 0x0000000443000000| PB 0x0000000443000000| Complete 
| 135|0x0000000443800000, 0x0000000444000000, 0x0000000444000000|100%| O|  |TAMS 0x0000000443800000| PB 0x0000000443800000| Untracked 
| 136|0x0000000444000000, 0x0000000444800000, 0x0000000444800000|100%|HS|  |TAMS 0x0000000444000000| PB 0x0000000444000000| Complete 
| 137|0x0000000444800000, 0x0000000445000000, 0x0000000445000000|100%| O|  |TAMS 0x0000000444800000| PB 0x0000000444800000| Untracked 
| 138|0x0000000445000000, 0x0000000445800000, 0x0000000445800000|100%| O|  |TAMS 0x0000000445000000| PB 0x0000000445000000| Untracked 
| 139|0x0000000445800000, 0x0000000446000000, 0x0000000446000000|100%| O|  |TAMS 0x0000000445800000| PB 0x0000000445800000| Untracked 
| 140|0x0000000446000000, 0x0000000446800000, 0x0000000446800000|100%|HS|  |TAMS 0x0000000446000000| PB 0x0000000446000000| Complete 
| 141|0x0000000446800000, 0x0000000447000000, 0x0000000447000000|100%|HC|  |TAMS 0x0000000446800000| PB 0x0000000446800000| Complete 
| 142|0x0000000447000000, 0x0000000447800000, 0x0000000447800000|100%|HS|  |TAMS 0x0000000447000000| PB 0x0000000447000000| Complete 
| 143|0x0000000447800000, 0x0000000448000000, 0x0000000448000000|100%|HC|  |TAMS 0x0000000447800000| PB 0x0000000447800000| Complete 
| 144|0x0000000448000000, 0x0000000448800000, 0x0000000448800000|100%|HS|  |TAMS 0x0000000448000000| PB 0x0000000448000000| Complete 
| 145|0x0000000448800000, 0x0000000449000000, 0x0000000449000000|100%|HC|  |TAMS 0x0000000448800000| PB 0x0000000448800000| Complete 
| 146|0x0000000449000000, 0x0000000449800000, 0x0000000449800000|100%|HC|  |TAMS 0x0000000449000000| PB 0x0000000449000000| Complete 
| 147|0x0000000449800000, 0x000000044a000000, 0x000000044a000000|100%|HC|  |TAMS 0x0000000449800000| PB 0x0000000449800000| Complete 
| 148|0x000000044a000000, 0x000000044a800000, 0x000000044a800000|100%|HC|  |TAMS 0x000000044a000000| PB 0x000000044a000000| Complete 
| 149|0x000000044a800000, 0x000000044b000000, 0x000000044b000000|100%|HS|  |TAMS 0x000000044a800000| PB 0x000000044a800000| Complete 
| 150|0x000000044b000000, 0x000000044b800000, 0x000000044b800000|100%|HC|  |TAMS 0x000000044b000000| PB 0x000000044b000000| Complete 
| 151|0x000000044b800000, 0x000000044c000000, 0x000000044c000000|100%|HC|  |TAMS 0x000000044b800000| PB 0x000000044b800000| Complete 
| 152|0x000000044c000000, 0x000000044c800000, 0x000000044c800000|100%| O|  |TAMS 0x000000044c000000| PB 0x000000044c000000| Untracked 
| 153|0x000000044c800000, 0x000000044d000000, 0x000000044d000000|100%| O|  |TAMS 0x000000044c800000| PB 0x000000044c800000| Untracked 
| 154|0x000000044d000000, 0x000000044d000000, 0x000000044d800000|  0%| F|  |TAMS 0x000000044d000000| PB 0x000000044d000000| Untracked 
| 155|0x000000044d800000, 0x000000044d800000, 0x000000044e000000|  0%| F|  |TAMS 0x000000044d800000| PB 0x000000044d800000| Untracked 
| 156|0x000000044e000000, 0x000000044e000000, 0x000000044e800000|  0%| F|  |TAMS 0x000000044e000000| PB 0x000000044e000000| Untracked 
| 157|0x000000044e800000, 0x000000044f000000, 0x000000044f000000|100%| O|  |TAMS 0x000000044e800000| PB 0x000000044e800000| Untracked 
| 158|0x000000044f000000, 0x000000044f800000, 0x000000044f800000|100%| O|  |TAMS 0x000000044f000000| PB 0x000000044f000000| Untracked 
| 159|0x000000044f800000, 0x0000000450000000, 0x0000000450000000|100%| O|  |TAMS 0x000000044f800000| PB 0x000000044f800000| Untracked 
| 160|0x0000000450000000, 0x0000000450800000, 0x0000000450800000|100%| O|  |TAMS 0x0000000450000000| PB 0x0000000450000000| Untracked 
| 161|0x0000000450800000, 0x0000000451000000, 0x0000000451000000|100%| O|  |TAMS 0x0000000450800000| PB 0x0000000450800000| Untracked 
| 162|0x0000000451000000, 0x0000000451800000, 0x0000000451800000|100%| O|  |TAMS 0x0000000451000000| PB 0x0000000451000000| Untracked 
| 163|0x0000000451800000, 0x0000000452000000, 0x0000000452000000|100%| O|  |TAMS 0x0000000451800000| PB 0x0000000451800000| Untracked 
| 164|0x0000000452000000, 0x0000000452800000, 0x0000000452800000|100%| O|  |TAMS 0x0000000452000000| PB 0x0000000452000000| Untracked 
| 165|0x0000000452800000, 0x0000000453000000, 0x0000000453000000|100%| O|  |TAMS 0x0000000452800000| PB 0x0000000452800000| Untracked 
| 166|0x0000000453000000, 0x0000000453000000, 0x0000000453800000|  0%| F|  |TAMS 0x0000000453000000| PB 0x0000000453000000| Untracked 
| 167|0x0000000453800000, 0x0000000453800000, 0x0000000454000000|  0%| F|  |TAMS 0x0000000453800000| PB 0x0000000453800000| Untracked 
| 168|0x0000000454000000, 0x0000000454000000, 0x0000000454800000|  0%| F|  |TAMS 0x0000000454000000| PB 0x0000000454000000| Untracked 
| 169|0x0000000454800000, 0x0000000454800000, 0x0000000455000000|  0%| F|  |TAMS 0x0000000454800000| PB 0x0000000454800000| Untracked 
| 170|0x0000000455000000, 0x0000000455000000, 0x0000000455800000|  0%| F|  |TAMS 0x0000000455000000| PB 0x0000000455000000| Untracked 
| 171|0x0000000455800000, 0x0000000455800000, 0x0000000456000000|  0%| F|  |TAMS 0x0000000455800000| PB 0x0000000455800000| Untracked 
| 172|0x0000000456000000, 0x0000000456000000, 0x0000000456800000|  0%| F|  |TAMS 0x0000000456000000| PB 0x0000000456000000| Untracked 
| 173|0x0000000456800000, 0x0000000456800000, 0x0000000457000000|  0%| F|  |TAMS 0x0000000456800000| PB 0x0000000456800000| Untracked 
| 174|0x0000000457000000, 0x0000000457000000, 0x0000000457800000|  0%| F|  |TAMS 0x0000000457000000| PB 0x0000000457000000| Untracked 
| 175|0x0000000457800000, 0x0000000457800000, 0x0000000458000000|  0%| F|  |TAMS 0x0000000457800000| PB 0x0000000457800000| Untracked 
| 176|0x0000000458000000, 0x0000000458000000, 0x0000000458800000|  0%| F|  |TAMS 0x0000000458000000| PB 0x0000000458000000| Untracked 
| 177|0x0000000458800000, 0x0000000458800000, 0x0000000459000000|  0%| F|  |TAMS 0x0000000458800000| PB 0x0000000458800000| Untracked 
| 178|0x0000000459000000, 0x0000000459000000, 0x0000000459800000|  0%| F|  |TAMS 0x0000000459000000| PB 0x0000000459000000| Untracked 
| 179|0x0000000459800000, 0x0000000459800000, 0x000000045a000000|  0%| F|  |TAMS 0x0000000459800000| PB 0x0000000459800000| Untracked 
| 180|0x000000045a000000, 0x000000045a000000, 0x000000045a800000|  0%| F|  |TAMS 0x000000045a000000| PB 0x000000045a000000| Untracked 
| 181|0x000000045a800000, 0x000000045a800000, 0x000000045b000000|  0%| F|  |TAMS 0x000000045a800000| PB 0x000000045a800000| Untracked 
| 182|0x000000045b000000, 0x000000045b000000, 0x000000045b800000|  0%| F|  |TAMS 0x000000045b000000| PB 0x000000045b000000| Untracked 
| 183|0x000000045b800000, 0x000000045b800000, 0x000000045c000000|  0%| F|  |TAMS 0x000000045b800000| PB 0x000000045b800000| Untracked 
| 184|0x000000045c000000, 0x000000045c000000, 0x000000045c800000|  0%| F|  |TAMS 0x000000045c000000| PB 0x000000045c000000| Untracked 
| 185|0x000000045c800000, 0x000000045d000000, 0x000000045d000000|100%| O|  |TAMS 0x000000045c800000| PB 0x000000045c800000| Untracked 
| 186|0x000000045d000000, 0x000000045d800000, 0x000000045d800000|100%| O|  |TAMS 0x000000045d000000| PB 0x000000045d000000| Untracked 
| 187|0x000000045d800000, 0x000000045e000000, 0x000000045e000000|100%| O|  |TAMS 0x000000045d800000| PB 0x000000045d800000| Untracked 
| 188|0x000000045e000000, 0x000000045e800000, 0x000000045e800000|100%| O|  |TAMS 0x000000045e000000| PB 0x000000045e000000| Untracked 
| 189|0x000000045e800000, 0x000000045f000000, 0x000000045f000000|100%| O|  |TAMS 0x000000045e800000| PB 0x000000045e800000| Untracked 
| 190|0x000000045f000000, 0x000000045f800000, 0x000000045f800000|100%| O|  |TAMS 0x000000045f000000| PB 0x000000045f000000| Untracked 
| 191|0x000000045f800000, 0x0000000460000000, 0x0000000460000000|100%| O|  |TAMS 0x000000045f800000| PB 0x000000045f800000| Untracked 
| 192|0x0000000460000000, 0x0000000460800000, 0x0000000460800000|100%| O|  |TAMS 0x0000000460000000| PB 0x0000000460000000| Untracked 
| 193|0x0000000460800000, 0x0000000461000000, 0x0000000461000000|100%| O|  |TAMS 0x0000000460800000| PB 0x0000000460800000| Untracked 
| 194|0x0000000461000000, 0x0000000461800000, 0x0000000461800000|100%| O|  |TAMS 0x0000000461000000| PB 0x0000000461000000| Untracked 
| 195|0x0000000461800000, 0x0000000462000000, 0x0000000462000000|100%| O|  |TAMS 0x0000000461800000| PB 0x0000000461800000| Untracked 
| 196|0x0000000462000000, 0x00000004624b8000, 0x0000000462800000| 58%| O|  |TAMS 0x0000000462000000| PB 0x0000000462000000| Untracked 
| 197|0x0000000462800000, 0x0000000462800000, 0x0000000463000000|  0%| F|  |TAMS 0x0000000462800000| PB 0x0000000462800000| Untracked 
| 198|0x0000000463000000, 0x000000046304dab8, 0x0000000463800000|  3%| S|CS|TAMS 0x0000000463000000| PB 0x0000000463000000| Complete 
| 199|0x0000000463800000, 0x0000000464000000, 0x0000000464000000|100%| S|CS|TAMS 0x0000000463800000| PB 0x0000000463800000| Complete 
| 200|0x0000000464000000, 0x0000000464800000, 0x0000000464800000|100%| S|CS|TAMS 0x0000000464000000| PB 0x0000000464000000| Complete 
| 201|0x0000000464800000, 0x0000000465000000, 0x0000000465000000|100%| S|CS|TAMS 0x0000000464800000| PB 0x0000000464800000| Complete 
| 202|0x0000000465000000, 0x0000000465800000, 0x0000000465800000|100%| S|CS|TAMS 0x0000000465000000| PB 0x0000000465000000| Complete 
| 203|0x0000000465800000, 0x0000000466000000, 0x0000000466000000|100%| S|CS|TAMS 0x0000000465800000| PB 0x0000000465800000| Complete 
| 204|0x0000000466000000, 0x0000000466800000, 0x0000000466800000|100%| S|CS|TAMS 0x0000000466000000| PB 0x0000000466000000| Complete 
| 205|0x0000000466800000, 0x0000000467000000, 0x0000000467000000|100%| S|CS|TAMS 0x0000000466800000| PB 0x0000000466800000| Complete 
| 206|0x0000000467000000, 0x0000000467800000, 0x0000000467800000|100%| S|CS|TAMS 0x0000000467000000| PB 0x0000000467000000| Complete 
| 207|0x0000000467800000, 0x0000000468000000, 0x0000000468000000|100%| S|CS|TAMS 0x0000000467800000| PB 0x0000000467800000| Complete 
| 208|0x0000000468000000, 0x0000000468800000, 0x0000000468800000|100%| S|CS|TAMS 0x0000000468000000| PB 0x0000000468000000| Complete 
| 209|0x0000000468800000, 0x0000000469000000, 0x0000000469000000|100%| S|CS|TAMS 0x0000000468800000| PB 0x0000000468800000| Complete 
| 210|0x0000000469000000, 0x0000000469800000, 0x0000000469800000|100%| S|CS|TAMS 0x0000000469000000| PB 0x0000000469000000| Complete 
| 211|0x0000000469800000, 0x000000046a000000, 0x000000046a000000|100%| S|CS|TAMS 0x0000000469800000| PB 0x0000000469800000| Complete 
| 212|0x000000046a000000, 0x000000046a800000, 0x000000046a800000|100%| S|CS|TAMS 0x000000046a000000| PB 0x000000046a000000| Complete 
| 213|0x000000046a800000, 0x000000046b000000, 0x000000046b000000|100%| S|CS|TAMS 0x000000046a800000| PB 0x000000046a800000| Complete 
| 214|0x000000046b000000, 0x000000046b800000, 0x000000046b800000|100%| S|CS|TAMS 0x000000046b000000| PB 0x000000046b000000| Complete 
| 215|0x000000046b800000, 0x000000046b800000, 0x000000046c000000|  0%| F|  |TAMS 0x000000046b800000| PB 0x000000046b800000| Untracked 
| 216|0x000000046c000000, 0x000000046c000000, 0x000000046c800000|  0%| F|  |TAMS 0x000000046c000000| PB 0x000000046c000000| Untracked 
| 217|0x000000046c800000, 0x000000046c800000, 0x000000046d000000|  0%| F|  |TAMS 0x000000046c800000| PB 0x000000046c800000| Untracked 
| 218|0x000000046d000000, 0x000000046d000000, 0x000000046d800000|  0%| F|  |TAMS 0x000000046d000000| PB 0x000000046d000000| Untracked 
| 219|0x000000046d800000, 0x000000046d800000, 0x000000046e000000|  0%| F|  |TAMS 0x000000046d800000| PB 0x000000046d800000| Untracked 
| 220|0x000000046e000000, 0x000000046e000000, 0x000000046e800000|  0%| F|  |TAMS 0x000000046e000000| PB 0x000000046e000000| Untracked 
| 221|0x000000046e800000, 0x000000046e800000, 0x000000046f000000|  0%| F|  |TAMS 0x000000046e800000| PB 0x000000046e800000| Untracked 
| 222|0x000000046f000000, 0x000000046f000000, 0x000000046f800000|  0%| F|  |TAMS 0x000000046f000000| PB 0x000000046f000000| Untracked 
| 223|0x000000046f800000, 0x000000046f800000, 0x0000000470000000|  0%| F|  |TAMS 0x000000046f800000| PB 0x000000046f800000| Untracked 
| 224|0x0000000470000000, 0x0000000470000000, 0x0000000470800000|  0%| F|  |TAMS 0x0000000470000000| PB 0x0000000470000000| Untracked 
| 225|0x0000000470800000, 0x0000000470800000, 0x0000000471000000|  0%| F|  |TAMS 0x0000000470800000| PB 0x0000000470800000| Untracked 
| 226|0x0000000471000000, 0x0000000471000000, 0x0000000471800000|  0%| F|  |TAMS 0x0000000471000000| PB 0x0000000471000000| Untracked 
| 227|0x0000000471800000, 0x0000000471800000, 0x0000000472000000|  0%| F|  |TAMS 0x0000000471800000| PB 0x0000000471800000| Untracked 
| 228|0x0000000472000000, 0x0000000472000000, 0x0000000472800000|  0%| F|  |TAMS 0x0000000472000000| PB 0x0000000472000000| Untracked 
| 229|0x0000000472800000, 0x0000000472800000, 0x0000000473000000|  0%| F|  |TAMS 0x0000000472800000| PB 0x0000000472800000| Untracked 
| 230|0x0000000473000000, 0x0000000473000000, 0x0000000473800000|  0%| F|  |TAMS 0x0000000473000000| PB 0x0000000473000000| Untracked 
| 231|0x0000000473800000, 0x0000000473800000, 0x0000000474000000|  0%| F|  |TAMS 0x0000000473800000| PB 0x0000000473800000| Untracked 
| 232|0x0000000474000000, 0x0000000474000000, 0x0000000474800000|  0%| F|  |TAMS 0x0000000474000000| PB 0x0000000474000000| Untracked 
| 233|0x0000000474800000, 0x0000000474800000, 0x0000000475000000|  0%| F|  |TAMS 0x0000000474800000| PB 0x0000000474800000| Untracked 
| 234|0x0000000475000000, 0x0000000475000000, 0x0000000475800000|  0%| F|  |TAMS 0x0000000475000000| PB 0x0000000475000000| Untracked 
| 235|0x0000000475800000, 0x0000000475800000, 0x0000000476000000|  0%| F|  |TAMS 0x0000000475800000| PB 0x0000000475800000| Untracked 
| 236|0x0000000476000000, 0x0000000476000000, 0x0000000476800000|  0%| F|  |TAMS 0x0000000476000000| PB 0x0000000476000000| Untracked 
| 237|0x0000000476800000, 0x0000000476800000, 0x0000000477000000|  0%| F|  |TAMS 0x0000000476800000| PB 0x0000000476800000| Untracked 
| 238|0x0000000477000000, 0x0000000477000000, 0x0000000477800000|  0%| F|  |TAMS 0x0000000477000000| PB 0x0000000477000000| Untracked 
| 239|0x0000000477800000, 0x0000000477800000, 0x0000000478000000|  0%| F|  |TAMS 0x0000000477800000| PB 0x0000000477800000| Untracked 
| 240|0x0000000478000000, 0x0000000478000000, 0x0000000478800000|  0%| F|  |TAMS 0x0000000478000000| PB 0x0000000478000000| Untracked 
| 241|0x0000000478800000, 0x0000000478800000, 0x0000000479000000|  0%| F|  |TAMS 0x0000000478800000| PB 0x0000000478800000| Untracked 
| 242|0x0000000479000000, 0x0000000479000000, 0x0000000479800000|  0%| F|  |TAMS 0x0000000479000000| PB 0x0000000479000000| Untracked 
| 243|0x0000000479800000, 0x0000000479800000, 0x000000047a000000|  0%| F|  |TAMS 0x0000000479800000| PB 0x0000000479800000| Untracked 
| 244|0x000000047a000000, 0x000000047a000000, 0x000000047a800000|  0%| F|  |TAMS 0x000000047a000000| PB 0x000000047a000000| Untracked 
| 245|0x000000047a800000, 0x000000047a800000, 0x000000047b000000|  0%| F|  |TAMS 0x000000047a800000| PB 0x000000047a800000| Untracked 
| 246|0x000000047b000000, 0x000000047b000000, 0x000000047b800000|  0%| F|  |TAMS 0x000000047b000000| PB 0x000000047b000000| Untracked 
| 247|0x000000047b800000, 0x000000047b800000, 0x000000047c000000|  0%| F|  |TAMS 0x000000047b800000| PB 0x000000047b800000| Untracked 
| 248|0x000000047c000000, 0x000000047c000000, 0x000000047c800000|  0%| F|  |TAMS 0x000000047c000000| PB 0x000000047c000000| Untracked 
| 249|0x000000047c800000, 0x000000047c800000, 0x000000047d000000|  0%| F|  |TAMS 0x000000047c800000| PB 0x000000047c800000| Untracked 
| 250|0x000000047d000000, 0x000000047d000000, 0x000000047d800000|  0%| F|  |TAMS 0x000000047d000000| PB 0x000000047d000000| Untracked 
| 251|0x000000047d800000, 0x000000047d800000, 0x000000047e000000|  0%| F|  |TAMS 0x000000047d800000| PB 0x000000047d800000| Untracked 
| 252|0x000000047e000000, 0x000000047e000000, 0x000000047e800000|  0%| F|  |TAMS 0x000000047e000000| PB 0x000000047e000000| Untracked 
| 253|0x000000047e800000, 0x000000047e800000, 0x000000047f000000|  0%| F|  |TAMS 0x000000047e800000| PB 0x000000047e800000| Untracked 
| 254|0x000000047f000000, 0x000000047f000000, 0x000000047f800000|  0%| F|  |TAMS 0x000000047f000000| PB 0x000000047f000000| Untracked 
| 255|0x000000047f800000, 0x000000047f800000, 0x0000000480000000|  0%| F|  |TAMS 0x000000047f800000| PB 0x000000047f800000| Untracked 
| 256|0x0000000480000000, 0x0000000480000000, 0x0000000480800000|  0%| F|  |TAMS 0x0000000480000000| PB 0x0000000480000000| Untracked 
| 257|0x0000000480800000, 0x0000000480800000, 0x0000000481000000|  0%| F|  |TAMS 0x0000000480800000| PB 0x0000000480800000| Untracked 
| 258|0x0000000481000000, 0x0000000481000000, 0x0000000481800000|  0%| F|  |TAMS 0x0000000481000000| PB 0x0000000481000000| Untracked 
| 259|0x0000000481800000, 0x0000000481800000, 0x0000000482000000|  0%| F|  |TAMS 0x0000000481800000| PB 0x0000000481800000| Untracked 
| 260|0x0000000482000000, 0x0000000482000000, 0x0000000482800000|  0%| F|  |TAMS 0x0000000482000000| PB 0x0000000482000000| Untracked 
| 261|0x0000000482800000, 0x0000000482800000, 0x0000000483000000|  0%| F|  |TAMS 0x0000000482800000| PB 0x0000000482800000| Untracked 
| 262|0x0000000483000000, 0x0000000483000000, 0x0000000483800000|  0%| F|  |TAMS 0x0000000483000000| PB 0x0000000483000000| Untracked 
| 263|0x0000000483800000, 0x0000000483800000, 0x0000000484000000|  0%| F|  |TAMS 0x0000000483800000| PB 0x0000000483800000| Untracked 
| 264|0x0000000484000000, 0x0000000484000000, 0x0000000484800000|  0%| F|  |TAMS 0x0000000484000000| PB 0x0000000484000000| Untracked 
| 265|0x0000000484800000, 0x0000000484800000, 0x0000000485000000|  0%| F|  |TAMS 0x0000000484800000| PB 0x0000000484800000| Untracked 
| 266|0x0000000485000000, 0x0000000485000000, 0x0000000485800000|  0%| F|  |TAMS 0x0000000485000000| PB 0x0000000485000000| Untracked 
| 267|0x0000000485800000, 0x0000000485800000, 0x0000000486000000|  0%| F|  |TAMS 0x0000000485800000| PB 0x0000000485800000| Untracked 
| 268|0x0000000486000000, 0x0000000486000000, 0x0000000486800000|  0%| F|  |TAMS 0x0000000486000000| PB 0x0000000486000000| Untracked 
| 269|0x0000000486800000, 0x0000000486800000, 0x0000000487000000|  0%| F|  |TAMS 0x0000000486800000| PB 0x0000000486800000| Untracked 
| 270|0x0000000487000000, 0x0000000487000000, 0x0000000487800000|  0%| F|  |TAMS 0x0000000487000000| PB 0x0000000487000000| Untracked 
| 271|0x0000000487800000, 0x0000000487800000, 0x0000000488000000|  0%| F|  |TAMS 0x0000000487800000| PB 0x0000000487800000| Untracked 
| 272|0x0000000488000000, 0x0000000488000000, 0x0000000488800000|  0%| F|  |TAMS 0x0000000488000000| PB 0x0000000488000000| Untracked 
| 273|0x0000000488800000, 0x0000000488800000, 0x0000000489000000|  0%| F|  |TAMS 0x0000000488800000| PB 0x0000000488800000| Untracked 
| 274|0x0000000489000000, 0x0000000489000000, 0x0000000489800000|  0%| F|  |TAMS 0x0000000489000000| PB 0x0000000489000000| Untracked 
| 275|0x0000000489800000, 0x0000000489800000, 0x000000048a000000|  0%| F|  |TAMS 0x0000000489800000| PB 0x0000000489800000| Untracked 
| 276|0x000000048a000000, 0x000000048a000000, 0x000000048a800000|  0%| F|  |TAMS 0x000000048a000000| PB 0x000000048a000000| Untracked 
| 277|0x000000048a800000, 0x000000048a800000, 0x000000048b000000|  0%| F|  |TAMS 0x000000048a800000| PB 0x000000048a800000| Untracked 
| 278|0x000000048b000000, 0x000000048b000000, 0x000000048b800000|  0%| F|  |TAMS 0x000000048b000000| PB 0x000000048b000000| Untracked 
| 279|0x000000048b800000, 0x000000048b800000, 0x000000048c000000|  0%| F|  |TAMS 0x000000048b800000| PB 0x000000048b800000| Untracked 
| 280|0x000000048c000000, 0x000000048c000000, 0x000000048c800000|  0%| F|  |TAMS 0x000000048c000000| PB 0x000000048c000000| Untracked 
| 281|0x000000048c800000, 0x000000048c800000, 0x000000048d000000|  0%| F|  |TAMS 0x000000048c800000| PB 0x000000048c800000| Untracked 
| 282|0x000000048d000000, 0x000000048d000000, 0x000000048d800000|  0%| F|  |TAMS 0x000000048d000000| PB 0x000000048d000000| Untracked 
| 283|0x000000048d800000, 0x000000048d800000, 0x000000048e000000|  0%| F|  |TAMS 0x000000048d800000| PB 0x000000048d800000| Untracked 
| 284|0x000000048e000000, 0x000000048e000000, 0x000000048e800000|  0%| F|  |TAMS 0x000000048e000000| PB 0x000000048e000000| Untracked 
| 285|0x000000048e800000, 0x000000048e800000, 0x000000048f000000|  0%| F|  |TAMS 0x000000048e800000| PB 0x000000048e800000| Untracked 
| 286|0x000000048f000000, 0x000000048f000000, 0x000000048f800000|  0%| F|  |TAMS 0x000000048f000000| PB 0x000000048f000000| Untracked 
| 287|0x000000048f800000, 0x000000048f800000, 0x0000000490000000|  0%| F|  |TAMS 0x000000048f800000| PB 0x000000048f800000| Untracked 
| 288|0x0000000490000000, 0x0000000490000000, 0x0000000490800000|  0%| F|  |TAMS 0x0000000490000000| PB 0x0000000490000000| Untracked 
| 289|0x0000000490800000, 0x0000000490800000, 0x0000000491000000|  0%| F|  |TAMS 0x0000000490800000| PB 0x0000000490800000| Untracked 
| 290|0x0000000491000000, 0x0000000491000000, 0x0000000491800000|  0%| F|  |TAMS 0x0000000491000000| PB 0x0000000491000000| Untracked 
| 291|0x0000000491800000, 0x0000000491800000, 0x0000000492000000|  0%| F|  |TAMS 0x0000000491800000| PB 0x0000000491800000| Untracked 
| 292|0x0000000492000000, 0x0000000492000000, 0x0000000492800000|  0%| F|  |TAMS 0x0000000492000000| PB 0x0000000492000000| Untracked 
| 293|0x0000000492800000, 0x0000000492800000, 0x0000000493000000|  0%| F|  |TAMS 0x0000000492800000| PB 0x0000000492800000| Untracked 
| 294|0x0000000493000000, 0x0000000493000000, 0x0000000493800000|  0%| F|  |TAMS 0x0000000493000000| PB 0x0000000493000000| Untracked 
| 295|0x0000000493800000, 0x0000000493800000, 0x0000000494000000|  0%| F|  |TAMS 0x0000000493800000| PB 0x0000000493800000| Untracked 
| 296|0x0000000494000000, 0x0000000494000000, 0x0000000494800000|  0%| F|  |TAMS 0x0000000494000000| PB 0x0000000494000000| Untracked 
| 297|0x0000000494800000, 0x0000000494800000, 0x0000000495000000|  0%| F|  |TAMS 0x0000000494800000| PB 0x0000000494800000| Untracked 
| 298|0x0000000495000000, 0x0000000495000000, 0x0000000495800000|  0%| F|  |TAMS 0x0000000495000000| PB 0x0000000495000000| Untracked 
| 299|0x0000000495800000, 0x0000000495800000, 0x0000000496000000|  0%| F|  |TAMS 0x0000000495800000| PB 0x0000000495800000| Untracked 
| 300|0x0000000496000000, 0x0000000496000000, 0x0000000496800000|  0%| F|  |TAMS 0x0000000496000000| PB 0x0000000496000000| Untracked 
| 301|0x0000000496800000, 0x0000000496800000, 0x0000000497000000|  0%| F|  |TAMS 0x0000000496800000| PB 0x0000000496800000| Untracked 
| 302|0x0000000497000000, 0x0000000497000000, 0x0000000497800000|  0%| F|  |TAMS 0x0000000497000000| PB 0x0000000497000000| Untracked 
| 303|0x0000000497800000, 0x0000000497800000, 0x0000000498000000|  0%| F|  |TAMS 0x0000000497800000| PB 0x0000000497800000| Untracked 
| 304|0x0000000498000000, 0x0000000498000000, 0x0000000498800000|  0%| F|  |TAMS 0x0000000498000000| PB 0x0000000498000000| Untracked 
| 305|0x0000000498800000, 0x0000000498800000, 0x0000000499000000|  0%| F|  |TAMS 0x0000000498800000| PB 0x0000000498800000| Untracked 
| 306|0x0000000499000000, 0x0000000499000000, 0x0000000499800000|  0%| F|  |TAMS 0x0000000499000000| PB 0x0000000499000000| Untracked 
| 307|0x0000000499800000, 0x0000000499800000, 0x000000049a000000|  0%| F|  |TAMS 0x0000000499800000| PB 0x0000000499800000| Untracked 
| 308|0x000000049a000000, 0x000000049a000000, 0x000000049a800000|  0%| F|  |TAMS 0x000000049a000000| PB 0x000000049a000000| Untracked 
| 309|0x000000049a800000, 0x000000049a800000, 0x000000049b000000|  0%| F|  |TAMS 0x000000049a800000| PB 0x000000049a800000| Untracked 
| 310|0x000000049b000000, 0x000000049b000000, 0x000000049b800000|  0%| F|  |TAMS 0x000000049b000000| PB 0x000000049b000000| Untracked 
| 311|0x000000049b800000, 0x000000049b800000, 0x000000049c000000|  0%| F|  |TAMS 0x000000049b800000| PB 0x000000049b800000| Untracked 
| 312|0x000000049c000000, 0x000000049c000000, 0x000000049c800000|  0%| F|  |TAMS 0x000000049c000000| PB 0x000000049c000000| Untracked 
| 313|0x000000049c800000, 0x000000049c800000, 0x000000049d000000|  0%| F|  |TAMS 0x000000049c800000| PB 0x000000049c800000| Untracked 
| 314|0x000000049d000000, 0x000000049d000000, 0x000000049d800000|  0%| F|  |TAMS 0x000000049d000000| PB 0x000000049d000000| Untracked 
| 315|0x000000049d800000, 0x000000049d800000, 0x000000049e000000|  0%| F|  |TAMS 0x000000049d800000| PB 0x000000049d800000| Untracked 
| 316|0x000000049e000000, 0x000000049e000000, 0x000000049e800000|  0%| F|  |TAMS 0x000000049e000000| PB 0x000000049e000000| Untracked 
| 317|0x000000049e800000, 0x000000049e800000, 0x000000049f000000|  0%| F|  |TAMS 0x000000049e800000| PB 0x000000049e800000| Untracked 
| 318|0x000000049f000000, 0x000000049f000000, 0x000000049f800000|  0%| F|  |TAMS 0x000000049f000000| PB 0x000000049f000000| Untracked 
| 319|0x000000049f800000, 0x000000049f800000, 0x00000004a0000000|  0%| F|  |TAMS 0x000000049f800000| PB 0x000000049f800000| Untracked 
| 320|0x00000004a0000000, 0x00000004a0000000, 0x00000004a0800000|  0%| F|  |TAMS 0x00000004a0000000| PB 0x00000004a0000000| Untracked 
| 321|0x00000004a0800000, 0x00000004a0800000, 0x00000004a1000000|  0%| F|  |TAMS 0x00000004a0800000| PB 0x00000004a0800000| Untracked 
| 322|0x00000004a1000000, 0x00000004a1000000, 0x00000004a1800000|  0%| F|  |TAMS 0x00000004a1000000| PB 0x00000004a1000000| Untracked 
| 323|0x00000004a1800000, 0x00000004a1800000, 0x00000004a2000000|  0%| F|  |TAMS 0x00000004a1800000| PB 0x00000004a1800000| Untracked 
| 324|0x00000004a2000000, 0x00000004a2000000, 0x00000004a2800000|  0%| F|  |TAMS 0x00000004a2000000| PB 0x00000004a2000000| Untracked 
| 325|0x00000004a2800000, 0x00000004a2800000, 0x00000004a3000000|  0%| F|  |TAMS 0x00000004a2800000| PB 0x00000004a2800000| Untracked 
| 326|0x00000004a3000000, 0x00000004a3000000, 0x00000004a3800000|  0%| F|  |TAMS 0x00000004a3000000| PB 0x00000004a3000000| Untracked 
| 327|0x00000004a3800000, 0x00000004a3800000, 0x00000004a4000000|  0%| F|  |TAMS 0x00000004a3800000| PB 0x00000004a3800000| Untracked 
| 328|0x00000004a4000000, 0x00000004a4000000, 0x00000004a4800000|  0%| F|  |TAMS 0x00000004a4000000| PB 0x00000004a4000000| Untracked 
| 329|0x00000004a4800000, 0x00000004a4800000, 0x00000004a5000000|  0%| F|  |TAMS 0x00000004a4800000| PB 0x00000004a4800000| Untracked 
| 330|0x00000004a5000000, 0x00000004a5000000, 0x00000004a5800000|  0%| F|  |TAMS 0x00000004a5000000| PB 0x00000004a5000000| Untracked 
| 331|0x00000004a5800000, 0x00000004a5800000, 0x00000004a6000000|  0%| F|  |TAMS 0x00000004a5800000| PB 0x00000004a5800000| Untracked 
| 332|0x00000004a6000000, 0x00000004a6000000, 0x00000004a6800000|  0%| F|  |TAMS 0x00000004a6000000| PB 0x00000004a6000000| Untracked 
| 333|0x00000004a6800000, 0x00000004a6800000, 0x00000004a7000000|  0%| F|  |TAMS 0x00000004a6800000| PB 0x00000004a6800000| Untracked 
| 334|0x00000004a7000000, 0x00000004a7000000, 0x00000004a7800000|  0%| F|  |TAMS 0x00000004a7000000| PB 0x00000004a7000000| Untracked 
| 335|0x00000004a7800000, 0x00000004a7800000, 0x00000004a8000000|  0%| F|  |TAMS 0x00000004a7800000| PB 0x00000004a7800000| Untracked 
| 336|0x00000004a8000000, 0x00000004a8000000, 0x00000004a8800000|  0%| F|  |TAMS 0x00000004a8000000| PB 0x00000004a8000000| Untracked 
| 337|0x00000004a8800000, 0x00000004a8800000, 0x00000004a9000000|  0%| F|  |TAMS 0x00000004a8800000| PB 0x00000004a8800000| Untracked 
| 338|0x00000004a9000000, 0x00000004a9000000, 0x00000004a9800000|  0%| F|  |TAMS 0x00000004a9000000| PB 0x00000004a9000000| Untracked 
| 339|0x00000004a9800000, 0x00000004a9800000, 0x00000004aa000000|  0%| F|  |TAMS 0x00000004a9800000| PB 0x00000004a9800000| Untracked 
| 340|0x00000004aa000000, 0x00000004aa000000, 0x00000004aa800000|  0%| F|  |TAMS 0x00000004aa000000| PB 0x00000004aa000000| Untracked 
| 341|0x00000004aa800000, 0x00000004aa800000, 0x00000004ab000000|  0%| F|  |TAMS 0x00000004aa800000| PB 0x00000004aa800000| Untracked 
| 342|0x00000004ab000000, 0x00000004ab000000, 0x00000004ab800000|  0%| F|  |TAMS 0x00000004ab000000| PB 0x00000004ab000000| Untracked 
| 343|0x00000004ab800000, 0x00000004ab800000, 0x00000004ac000000|  0%| F|  |TAMS 0x00000004ab800000| PB 0x00000004ab800000| Untracked 
| 344|0x00000004ac000000, 0x00000004ac000000, 0x00000004ac800000|  0%| F|  |TAMS 0x00000004ac000000| PB 0x00000004ac000000| Untracked 
| 345|0x00000004ac800000, 0x00000004ac800000, 0x00000004ad000000|  0%| F|  |TAMS 0x00000004ac800000| PB 0x00000004ac800000| Untracked 
| 346|0x00000004ad000000, 0x00000004ad000000, 0x00000004ad800000|  0%| F|  |TAMS 0x00000004ad000000| PB 0x00000004ad000000| Untracked 
| 347|0x00000004ad800000, 0x00000004ad800000, 0x00000004ae000000|  0%| F|  |TAMS 0x00000004ad800000| PB 0x00000004ad800000| Untracked 
| 348|0x00000004ae000000, 0x00000004ae000000, 0x00000004ae800000|  0%| F|  |TAMS 0x00000004ae000000| PB 0x00000004ae000000| Untracked 
| 349|0x00000004ae800000, 0x00000004ae800000, 0x00000004af000000|  0%| F|  |TAMS 0x00000004ae800000| PB 0x00000004ae800000| Untracked 
| 350|0x00000004af000000, 0x00000004af000000, 0x00000004af800000|  0%| F|  |TAMS 0x00000004af000000| PB 0x00000004af000000| Untracked 
| 351|0x00000004af800000, 0x00000004af800000, 0x00000004b0000000|  0%| F|  |TAMS 0x00000004af800000| PB 0x00000004af800000| Untracked 
| 352|0x00000004b0000000, 0x00000004b0000000, 0x00000004b0800000|  0%| F|  |TAMS 0x00000004b0000000| PB 0x00000004b0000000| Untracked 
|2041|0x00000007fc800000, 0x00000007fd000000, 0x00000007fd000000|100%| O|  |TAMS 0x00000007fc800000| PB 0x00000007fc800000| Untracked 
|2042|0x00000007fd000000, 0x00000007fd800000, 0x00000007fd800000|100%| O|  |TAMS 0x00000007fd000000| PB 0x00000007fd000000| Untracked 
|2043|0x00000007fd800000, 0x00000007fe000000, 0x00000007fe000000|100%| O|  |TAMS 0x00000007fd800000| PB 0x00000007fd800000| Untracked 
|2044|0x00000007fe000000, 0x00000007fe000000, 0x00000007fe800000|  0%| F|  |TAMS 0x00000007fe000000| PB 0x00000007fe000000| Untracked 
|2045|0x00000007fe800000, 0x00000007fe800000, 0x00000007ff000000|  0%| F|  |TAMS 0x00000007fe800000| PB 0x00000007fe800000| Untracked 
|2046|0x00000007ff000000, 0x00000007ff779000, 0x00000007ff800000| 93%|OA|  |TAMS 0x00000007ff000000| PB 0x00000007ff000000| Untracked 
|2047|0x00000007ff800000, 0x00000007ff882000, 0x0000000800000000|  6%|CA|  |TAMS 0x00000007ff800000| PB 0x00000007ff800000| Untracked 

Card table byte_map: [0x00007fb34adc9000,0x00007fb34cdc9000] _byte_map_base: 0x00007fb348dc9000

Marking Bits: (CMBitMap*) 0x00007fb36404b860
 Bits: [0x00007fb338dc9000, 0x00007fb348dc9000)

Polling page: 0x00007fb36e341000

Metaspace:

Usage:
  Non-class:    139.77 MB used.
      Class:     19.35 MB used.
       Both:    159.12 MB used.

Virtual space:
  Non-class space:      192.00 MB reserved,     141.19 MB ( 74%) committed,  3 nodes.
      Class space:        1.00 GB reserved,      20.00 MB (  2%) committed,  1 nodes.
             Both:        1.19 GB reserved,     161.19 MB ( 13%) committed. 

Chunk freelists:
   Non-Class:  2.60 MB
       Class:  4.09 MB
        Both:  6.69 MB

MaxMetaspaceSize: unlimited
CompressedClassSpaceSize: 1.00 GB
Initial GC threshold: 21.00 MB
Current GC threshold: 268.69 MB
CDS: on
MetaspaceReclaimPolicy: balanced
 - commit_granule_bytes: 65536.
 - commit_granule_words: 8192.
 - virtual_space_node_default_size: 8388608.
 - enlarge_chunks_in_place: 1.
 - new_chunks_are_fully_committed: 0.
 - uncommit_free_chunks: 1.
 - use_allocation_guard: 0.


Internal statistics:

num_allocs_failed_limit: 42.
num_arena_births: 1232.
num_arena_deaths: 124.
num_vsnodes_births: 4.
num_vsnodes_deaths: 0.
num_space_committed: 2589.
num_space_uncommitted: 13.
num_chunks_returned_to_freelist: 313.
num_chunks_taken_from_freelist: 7893.
num_chunk_merges: 105.
num_chunk_splits: 5482.
num_chunks_enlarged: 3792.
num_inconsistent_stats: 0.

CodeHeap 'non-profiled nmethods': size=119168Kb used=20328Kb max_used=31482Kb free=98839Kb
 bounds [0x00007fb354969000, 0x00007fb356829000, 0x00007fb35bdc9000]
CodeHeap 'profiled nmethods': size=119164Kb used=40038Kb max_used=76308Kb free=79126Kb
 bounds [0x00007fb34cdc9000, 0x00007fb351869000, 0x00007fb354228000]
CodeHeap 'non-nmethods': size=7428Kb used=2000Kb max_used=3809Kb free=5427Kb
 bounds [0x00007fb354228000, 0x00007fb3545f8000, 0x00007fb354969000]
 total_blobs=19048 nmethods=18149 adapters=804
 compilation: enabled
              stopped_count=0, restarted_count=0
 full_count=0

Compilation events (20 events):
Event: 81.220 Thread 0x00007fb3641afcc0 39311       4       sbtassembly.MergeStrategy$$$Lambda$7297/0x00000008023f8798::<init> (15 bytes)
Event: 81.223 Thread 0x00007fb3641afcc0 nmethod 39311 0x00007fb354cb5510 code [0x00007fb354cb5680, 0x00007fb354cb58f8]
Event: 81.360 Thread 0x00007fb3641afcc0 39312       4       $d6e356ec08ea439afd93$::$anonfun$commonSettings$16 (278 bytes)
Event: 81.374 Thread 0x00007fb3641b1380 39313       3       sbt.internal.GCMonitor::window (39 bytes)
Event: 81.376 Thread 0x00007fb3641b1380 nmethod 39313 0x00007fb34d812090 code [0x00007fb34d812300, 0x00007fb34d812e28]
Event: 81.376 Thread 0x00007fb3641b1380 39314       3       sbt.internal.GCMonitor$$Lambda$879/0x00000008014de900::apply$mcI$sp (4 bytes)
Event: 81.376 Thread 0x00007fb3641b1380 nmethod 39314 0x00007fb34ce81e90 code [0x00007fb34ce82020, 0x00007fb34ce82150]
Event: 81.376 Thread 0x00007fb3641b1380 39315       3       sbt.internal.GCMonitor::$anonfun$window$1 (26 bytes)
Event: 81.377 Thread 0x00007fb3641b1380 nmethod 39315 0x00007fb34cf73710 code [0x00007fb34cf73940, 0x00007fb34cf74188]
Event: 81.477 Thread 0x00007fb3641afcc0 nmethod 39312 0x00007fb355f48a90 code [0x00007fb355f48e20, 0x00007fb355f4ad18]
Event: 81.891 Thread 0x00007fb3641afcc0 39316       4       sbtassembly.MergeStrategy$$$Lambda$7256/0x00000008023e6ef8::apply (8 bytes)
Event: 81.893 Thread 0x00007fb3641afcc0 nmethod 39316 0x00007fb354989890 code [0x00007fb354989a20, 0x00007fb354989b10]
Event: 81.932 Thread 0x00007fb3641afcc0 39317       4       sbtassembly.Assembly$$$Lambda$7241/0x00000008023e3420::apply (12 bytes)
Event: 81.933 Thread 0x00007fb3641afcc0 nmethod 39317 0x00007fb3549ac710 code [0x00007fb3549ac880, 0x00007fb3549ac950]
Event: 82.142 Thread 0x00007fb3641afcc0 39318       4       sbtassembly.MergeStrategy$::merge (24 bytes)
Event: 82.148 Thread 0x00007fb3641afcc0 nmethod 39318 0x00007fb354fb2390 code [0x00007fb354fb2520, 0x00007fb354fb27f0]
Event: 82.373 Thread 0x00007fb3641b1380 39319       3       java.util.WeakHashMap::resize (86 bytes)
Event: 82.374 Thread 0x00007fb3641b1380 nmethod 39319 0x00007fb34ce1da10 code [0x00007fb34ce1dc00, 0x00007fb34ce1e150]
Event: 83.096 Thread 0x00007fb3641b1380 39320       3       scala.collection.IndexedSeqOptimized::take (9 bytes)
Event: 83.096 Thread 0x00007fb3641b1380 nmethod 39320 0x00007fb34cea5010 code [0x00007fb34cea51a0, 0x00007fb34cea5368]

GC Heap History (20 events):
Event: 75.254 GC heap after
{Heap after GC invocations=35 (full 0):
 garbage-first heap   total 1654784K, used 731894K [0x0000000400000000, 0x0000000800000000)
  region size 8192K, 6 young (49152K), 6 survivors (49152K)
 Metaspace       used 164809K, committed 166080K, reserved 1245184K
  class space    used 19998K, committed 20480K, reserved 1048576K
}
Event: 76.143 GC heap before
{Heap before GC invocations=35 (full 0):
 garbage-first heap   total 1654784K, used 1452790K [0x0000000400000000, 0x0000000800000000)
  region size 8192K, 90 young (737280K), 6 survivors (49152K)
 Metaspace       used 164819K, committed 166080K, reserved 1245184K
  class space    used 20001K, committed 20480K, reserved 1048576K
}
Event: 76.171 GC heap after
{Heap after GC invocations=36 (full 0):
 garbage-first heap   total 1654784K, used 835564K [0x0000000400000000, 0x0000000800000000)
  region size 8192K, 12 young (98304K), 12 survivors (98304K)
 Metaspace       used 164819K, committed 166080K, reserved 1245184K
  class space    used 20001K, committed 20480K, reserved 1048576K
}
Event: 76.377 GC heap before
{Heap before GC invocations=36 (full 0):
 garbage-first heap   total 1654784K, used 1032172K [0x0000000400000000, 0x0000000800000000)
  region size 8192K, 38 young (311296K), 12 survivors (98304K)
 Metaspace       used 164820K, committed 166080K, reserved 1245184K
  class space    used 20001K, committed 20480K, reserved 1048576K
}
Event: 76.397 GC heap after
{Heap after GC invocations=37 (full 0):
 garbage-first heap   total 1654784K, used 845582K [0x0000000400000000, 0x0000000800000000)
  region size 8192K, 4 young (32768K), 4 survivors (32768K)
 Metaspace       used 164820K, committed 166080K, reserved 1245184K
  class space    used 20001K, committed 20480K, reserved 1048576K
}
Event: 77.152 GC heap before
{Heap before GC invocations=37 (full 0):
 garbage-first heap   total 1654784K, used 1509134K [0x0000000400000000, 0x0000000800000000)
  region size 8192K, 77 young (630784K), 4 survivors (32768K)
 Metaspace       used 164820K, committed 166080K, reserved 1245184K
  class space    used 20001K, committed 20480K, reserved 1048576K
}
Event: 77.171 GC heap after
{Heap after GC invocations=38 (full 0):
 garbage-first heap   total 1654784K, used 965176K [0x0000000400000000, 0x0000000800000000)
  region size 8192K, 10 young (81920K), 10 survivors (81920K)
 Metaspace       used 164820K, committed 166080K, reserved 1245184K
  class space    used 20001K, committed 20480K, reserved 1048576K
}
Event: 77.672 GC heap before
{Heap before GC invocations=38 (full 0):
 garbage-first heap   total 1654784K, used 1464888K [0x0000000400000000, 0x0000000800000000)
  region size 8192K, 71 young (581632K), 10 survivors (81920K)
 Metaspace       used 164820K, committed 166080K, reserved 1245184K
  class space    used 20001K, committed 20480K, reserved 1048576K
}
Event: 77.694 GC heap after
{Heap after GC invocations=39 (full 0):
 garbage-first heap   total 2310144K, used 1005265K [0x0000000400000000, 0x0000000800000000)
  region size 8192K, 8 young (65536K), 8 survivors (65536K)
 Metaspace       used 164820K, committed 166080K, reserved 1245184K
  class space    used 20001K, committed 20480K, reserved 1048576K
}
Event: 79.098 GC heap before
{Heap before GC invocations=40 (full 0):
 garbage-first heap   total 2310144K, used 2094801K [0x0000000400000000, 0x0000000800000000)
  region size 8192K, 131 young (1073152K), 8 survivors (65536K)
 Metaspace       used 162737K, committed 165056K, reserved 1245184K
  class space    used 19767K, committed 20480K, reserved 1048576K
}
Event: 79.139 GC heap after
{Heap after GC invocations=41 (full 0):
 garbage-first heap   total 2310144K, used 1178336K [0x0000000400000000, 0x0000000800000000)
  region size 8192K, 17 young (139264K), 17 survivors (139264K)
 Metaspace       used 162737K, committed 165056K, reserved 1245184K
  class space    used 19767K, committed 20480K, reserved 1048576K
}
Event: 79.932 GC heap before
{Heap before GC invocations=41 (full 0):
 garbage-first heap   total 2310144K, used 2120416K [0x0000000400000000, 0x0000000800000000)
  region size 8192K, 122 young (999424K), 17 survivors (139264K)
 Metaspace       used 162737K, committed 165056K, reserved 1245184K
  class space    used 19767K, committed 20480K, reserved 1048576K
}
Event: 79.978 GC heap after
{Heap after GC invocations=42 (full 0):
 garbage-first heap   total 2359296K, used 1272427K [0x0000000400000000, 0x0000000800000000)
  region size 8192K, 12 young (98304K), 12 survivors (98304K)
 Metaspace       used 162737K, committed 165056K, reserved 1245184K
  class space    used 19767K, committed 20480K, reserved 1048576K
}
Event: 80.053 GC heap before
{Heap before GC invocations=42 (full 0):
 garbage-first heap   total 2359296K, used 1346155K [0x0000000400000000, 0x0000000800000000)
  region size 8192K, 23 young (188416K), 12 survivors (98304K)
 Metaspace       used 162737K, committed 165056K, reserved 1245184K
  class space    used 19767K, committed 20480K, reserved 1048576K
}
Event: 80.064 GC heap after
{Heap after GC invocations=43 (full 0):
 garbage-first heap   total 2359296K, used 1253505K [0x0000000400000000, 0x0000000800000000)
  region size 8192K, 3 young (24576K), 3 survivors (24576K)
 Metaspace       used 162737K, committed 165056K, reserved 1245184K
  class space    used 19767K, committed 20480K, reserved 1048576K
}
Event: 81.146 GC heap before
{Heap before GC invocations=43 (full 0):
 garbage-first heap   total 2949120K, used 1941633K [0x0000000400000000, 0x0000000800000000)
  region size 8192K, 106 young (868352K), 3 survivors (24576K)
 Metaspace       used 162939K, committed 165056K, reserved 1245184K
  class space    used 19817K, committed 20480K, reserved 1048576K
}
Event: 81.179 GC heap after
{Heap after GC invocations=44 (full 0):
 garbage-first heap   total 2949120K, used 1184365K [0x0000000400000000, 0x0000000800000000)
  region size 8192K, 12 young (98304K), 12 survivors (98304K)
 Metaspace       used 162939K, committed 165056K, reserved 1245184K
  class space    used 19817K, committed 20480K, reserved 1048576K
}
Event: 82.402 GC heap before
{Heap before GC invocations=45 (full 0):
 garbage-first heap   total 2949120K, used 2617965K [0x0000000400000000, 0x0000000800000000)
  region size 8192K, 170 young (1392640K), 12 survivors (98304K)
 Metaspace       used 162941K, committed 165056K, reserved 1245184K
  class space    used 19817K, committed 20480K, reserved 1048576K
}
Event: 82.456 GC heap after
{Heap after GC invocations=46 (full 0):
 garbage-first heap   total 2949120K, used 1432081K [0x0000000400000000, 0x0000000800000000)
  region size 8192K, 22 young (180224K), 22 survivors (180224K)
 Metaspace       used 162941K, committed 165056K, reserved 1245184K
  class space    used 19817K, committed 20480K, reserved 1048576K
}
Event: 83.415 GC heap before
{Heap before GC invocations=46 (full 0):
 garbage-first heap   total 2949120K, used 2636305K [0x0000000400000000, 0x0000000800000000)
  region size 8192K, 162 young (1327104K), 22 survivors (180224K)
 Metaspace       used 162941K, committed 165056K, reserved 1245184K
  class space    used 19817K, committed 20480K, reserved 1048576K
}

Dll operation events (12 events):
Event: 0.111 Loaded shared library /home/smobaraki/work/firesim/.conda-env/lib/jvm/lib/libjava.so
Event: 0.362 Loaded shared library /home/smobaraki/work/firesim/.conda-env/lib/jvm/lib/libjsvml.so
Event: 0.456 Loaded shared library /home/smobaraki/work/firesim/.conda-env/lib/jvm/lib/libnio.so
Event: 0.470 Loaded shared library /home/smobaraki/work/firesim/.conda-env/lib/jvm/lib/libzip.so
Event: 0.691 Loaded shared library /home/smobaraki/work/firesim/.conda-env/lib/jvm/lib/libjimage.so
Event: 0.819 Loaded shared library /home/smobaraki/work/firesim/.conda-env/lib/jvm/lib/libverify.so
Event: 0.829 Loaded shared library /home/smobaraki/work/firesim/.conda-env/lib/jvm/lib/libnet.so
Event: 2.119 Loaded shared library /home/smobaraki/.cache/JNA/temp/jna1169370779795543514.tmp
Event: 2.283 Loaded shared library /home/smobaraki/work/firesim/.conda-env/lib/jvm/lib/libextnet.so
Event: 2.720 Loaded shared library /home/smobaraki/work/firesim/.conda-env/lib/jvm/lib/libmanagement.so
Event: 2.742 Loaded shared library /home/smobaraki/work/firesim/.conda-env/lib/jvm/lib/libmanagement_ext.so
Event: 4.102 Loaded shared library /run/user/1021/.sbt848495e8/swoval/swoval-jni/4185169456713155882-libswoval-files0.so

Deoptimization events (20 events):
Event: 75.259 Thread 0x00007fb250000bc0 DEOPT PACKING pc=0x00007fb355b91b64 sp=0x00007fb2427fac00
Event: 75.260 Thread 0x00007fb250000bc0 DEOPT UNPACKING pc=0x00007fb354291219 sp=0x00007fb2427fab80 mode 2
Event: 77.696 Thread 0x00007fb3641a83c0 DEOPT PACKING pc=0x00007fb34d5d0fd1 sp=0x00007fb329ffe9d0
Event: 77.696 Thread 0x00007fb3641a83c0 DEOPT UNPACKING pc=0x00007fb3542919af sp=0x00007fb329ffde90 mode 0
Event: 77.870 Thread 0x00007fb25c002f40 Uncommon trap: trap_request=0xffffff45 fr.pc=0x00007fb3549a6900 relative=0x0000000000000720
Event: 77.870 Thread 0x00007fb25c002f40 Uncommon trap: reason=unstable_if action=reinterpret pc=0x00007fb3549a6900 method=java.util.zip.ZipFile$Source.getEntryPos(Ljava/lang/String;Z)I @ 113 c2
Event: 77.870 Thread 0x00007fb25c002f40 DEOPT PACKING pc=0x00007fb3549a6900 sp=0x00007fb240ff8250
Event: 77.870 Thread 0x00007fb25c002f40 DEOPT UNPACKING pc=0x00007fb354291219 sp=0x00007fb240ff81e8 mode 2
Event: 80.148 Thread 0x00007fb260001d40 Uncommon trap: trap_request=0xffffff45 fr.pc=0x00007fb3552ea194 relative=0x0000000000001394
Event: 80.148 Thread 0x00007fb260001d40 Uncommon trap: reason=unstable_if action=reinterpret pc=0x00007fb3552ea194 method=$d6e356ec08ea439afd93$.$anonfun$commonSettings$16(Lscala/Function1;Ljava/lang/String;)Lsbtassembly/MergeStrategy; @ 247 c2
Event: 80.148 Thread 0x00007fb260001d40 DEOPT PACKING pc=0x00007fb3552ea194 sp=0x00007fb265ffa330
Event: 80.148 Thread 0x00007fb260001d40 DEOPT UNPACKING pc=0x00007fb354291219 sp=0x00007fb265ffa2d8 mode 2
Event: 80.833 Thread 0x00007fb2c4014840 Uncommon trap: trap_request=0xffffffc6 fr.pc=0x00007fb354c22c80 relative=0x0000000000000160
Event: 80.833 Thread 0x00007fb2c4014840 Uncommon trap: reason=bimorphic_or_optimized_type_check action=maybe_recompile pc=0x00007fb354c22c80 method=scala.collection.generic.GenericCompanion.empty()Lscala/collection/GenTraversable; @ 22 c2
Event: 80.833 Thread 0x00007fb2c4014840 DEOPT PACKING pc=0x00007fb354c22c80 sp=0x00007fb267ffdfc0
Event: 80.833 Thread 0x00007fb2c4014840 DEOPT UNPACKING pc=0x00007fb354291219 sp=0x00007fb267ffdf78 mode 2
Event: 80.835 Thread 0x00007fb2c4014840 Uncommon trap: trap_request=0xffffffbe fr.pc=0x00007fb3559871b4 relative=0x0000000000000654
Event: 80.835 Thread 0x00007fb2c4014840 Uncommon trap: reason=profile_predicate action=maybe_recompile pc=0x00007fb3559871b4 method=scala.collection.IterableLike.copyToArray(Ljava/lang/Object;II)V @ 45 c2
Event: 80.835 Thread 0x00007fb2c4014840 DEOPT PACKING pc=0x00007fb3559871b4 sp=0x00007fb267ffdf10
Event: 80.835 Thread 0x00007fb2c4014840 DEOPT UNPACKING pc=0x00007fb354291219 sp=0x00007fb267ffddc8 mode 2

Classes loaded (20 events):
Event: 58.503 Loading class java/io/NotSerializableException
Event: 58.503 Loading class java/io/NotSerializableException done
Event: 59.181 Loading class java/util/Timer
Event: 59.181 Loading class java/util/Timer done
Event: 59.181 Loading class java/util/TaskQueue
Event: 59.181 Loading class java/util/TaskQueue done
Event: 59.181 Loading class java/util/TimerThread
Event: 59.181 Loading class java/util/TimerThread done
Event: 59.182 Loading class java/util/Timer$ThreadReaper
Event: 59.182 Loading class java/util/Timer$ThreadReaper done
Event: 59.185 Loading class java/util/concurrent/ConcurrentLinkedQueue$Itr
Event: 59.185 Loading class java/util/concurrent/ConcurrentLinkedQueue$Itr done
Event: 59.242 Loading class java/util/zip/Deflater
Event: 59.250 Loading class java/util/zip/Deflater done
Event: 59.251 Loading class java/util/zip/Deflater$DeflaterZStreamRef
Event: 59.251 Loading class java/util/zip/Deflater$DeflaterZStreamRef done
Event: 59.258 Loading class java/util/zip/ZipOutputStream$XEntry
Event: 59.258 Loading class java/util/zip/ZipOutputStream$XEntry done
Event: 80.835 Loading class java/io/SequenceInputStream
Event: 80.835 Loading class java/io/SequenceInputStream done

Classes unloaded (20 events):
Event: 77.779 Thread 0x00007fb36419b5a0 Unloading class 0x0000000802258e38 'chisel3/internal/plugin/ChiselComponent$MyTypingTransformer$$Lambda$6357+0x0000000802258e38'
Event: 77.779 Thread 0x00007fb36419b5a0 Unloading class 0x0000000802258b40 'chisel3/internal/plugin/ChiselComponent$MyTypingTransformer'
Event: 77.779 Thread 0x00007fb36419b5a0 Unloading class 0x0000000802258780 'chisel3/internal/plugin/BundleComponent$MyTypingTransformer$$Lambda$6356+0x0000000802258780'
Event: 77.779 Thread 0x00007fb36419b5a0 Unloading class 0x00000008022583c0 'chisel3/internal/plugin/BundleComponent$MyTypingTransformer$$Lambda$6355+0x00000008022583c0'
Event: 77.779 Thread 0x00007fb36419b5a0 Unloading class 0x0000000802258000 'chisel3/internal/plugin/BundleComponent$MyTypingTransformer$$Lambda$6354+0x0000000802258000'
Event: 77.779 Thread 0x00007fb36419b5a0 Unloading class 0x0000000802111ca8 'chisel3/internal/plugin/BundleComponent$MyTypingTransformer$$Lambda$6353+0x0000000802111ca8'
Event: 77.779 Thread 0x00007fb36419b5a0 Unloading class 0x0000000802255400 'chisel3/internal/plugin/BundleComponent$MyTypingTransformer$$Lambda$6352+0x0000000802255400'
Event: 77.779 Thread 0x00007fb36419b5a0 Unloading class 0x0000000802255bb8 'chisel3/internal/plugin/BundleComponent$MyTypingTransformer$$Lambda$6351+0x0000000802255bb8'
Event: 77.779 Thread 0x00007fb36419b5a0 Unloading class 0x0000000802255800 'chisel3/internal/plugin/BundleComponent$MyTypingTransformer$$Lambda$6350+0x0000000802255800'
Event: 77.779 Thread 0x00007fb36419b5a0 Unloading class 0x00000008021118e8 'chisel3/internal/plugin/BundleComponent$MyTypingTransformer$$Lambda$6349+0x00000008021118e8'
Event: 77.779 Thread 0x00007fb36419b5a0 Unloading class 0x0000000802111528 'chisel3/internal/plugin/BundleComponent$MyTypingTransformer'
Event: 77.779 Thread 0x00007fb36419b5a0 Unloading class 0x0000000802111168 'chisel3/internal/plugin/ChiselPlugin$$Lambda$5782+0x0000000802111168'
Event: 77.779 Thread 0x00007fb36419b5a0 Unloading class 0x0000000802110e38 'chisel3/internal/plugin/BundleComponent$BundlePhase'
Event: 77.779 Thread 0x00007fb36419b5a0 Unloading class 0x0000000802110b88 'chisel3/internal/plugin/BundleComponent'
Event: 77.779 Thread 0x00007fb36419b5a0 Unloading class 0x0000000802110858 'chisel3/internal/plugin/ChiselComponent$ChiselComponentPhase'
Event: 77.779 Thread 0x00007fb36419b5a0 Unloading class 0x00000008021105a0 'chisel3/internal/plugin/ChiselComponent'
Event: 77.779 Thread 0x00007fb36419b5a0 Unloading class 0x0000000802110000 'chisel3/internal/plugin/ChiselPluginArguments$'
Event: 77.779 Thread 0x00007fb36419b5a0 Unloading class 0x000000080210c448 'chisel3/internal/plugin/ChiselPluginArguments'
Event: 77.779 Thread 0x00007fb36419b5a0 Unloading class 0x000000080210c250 'chisel3/internal/plugin/ChiselPlugin$'
Event: 77.780 Thread 0x00007fb36419b5a0 Unloading class 0x000000080210c000 'chisel3/internal/plugin/ChiselPlugin'

Classes redefined (0 events):
No events

Internal exceptions (20 events):
Event: 73.043 Thread 0x00007fb364cc0870 Exception <a 'sun/nio/fs/UnixException'{0x00000004544856d0}> (0x00000004544856d0) 
thrown [src/hotspot/share/prims/jni.cpp, line 519]
Event: 73.052 Thread 0x00007fb366168950 Exception <a 'sun/nio/fs/UnixException'{0x000000045ca06198}> (0x000000045ca06198) 
thrown [src/hotspot/share/prims/jni.cpp, line 519]
Event: 73.052 Thread 0x00007fb366168950 Exception <a 'sun/nio/fs/UnixException'{0x000000045ca06668}> (0x000000045ca06668) 
thrown [src/hotspot/share/prims/jni.cpp, line 519]
Event: 73.052 Thread 0x00007fb366168950 Exception <a 'sun/nio/fs/UnixException'{0x000000045ca0af60}> (0x000000045ca0af60) 
thrown [src/hotspot/share/prims/jni.cpp, line 519]
Event: 73.055 Thread 0x00007fb366168950 Exception <a 'sun/nio/fs/UnixException'{0x000000044e272ae8}> (0x000000044e272ae8) 
thrown [src/hotspot/share/prims/jni.cpp, line 519]
Event: 73.322 Thread 0x00007fb25c001d40 Exception <a 'java/io/IOException'{0x000000044cc09430}> (0x000000044cc09430) 
thrown [src/hotspot/share/prims/jni.cpp, line 519]
Event: 73.329 Thread 0x00007fb366168950 Exception <a 'sun/nio/fs/UnixException'{0x000000044c955638}> (0x000000044c955638) 
thrown [src/hotspot/share/prims/jni.cpp, line 519]
Event: 73.348 Thread 0x00007fb364cc0870 Exception <a 'sun/nio/fs/UnixException'{0x000000044cec0cc8}> (0x000000044cec0cc8) 
thrown [src/hotspot/share/prims/jni.cpp, line 519]
Event: 73.348 Thread 0x00007fb364cc0870 Exception <a 'sun/nio/fs/UnixException'{0x000000044cec1190}> (0x000000044cec1190) 
thrown [src/hotspot/share/prims/jni.cpp, line 519]
Event: 73.348 Thread 0x00007fb364cc0870 Exception <a 'sun/nio/fs/UnixException'{0x000000044cec59d0}> (0x000000044cec59d0) 
thrown [src/hotspot/share/prims/jni.cpp, line 519]
Event: 73.358 Thread 0x00007fb364cc0870 Exception <a 'sun/nio/fs/UnixException'{0x000000044cffdc40}> (0x000000044cffdc40) 
thrown [src/hotspot/share/prims/jni.cpp, line 519]
Event: 73.364 Thread 0x00007fb366128b30 Exception <a 'sun/nio/fs/UnixException'{0x000000044c0d0010}> (0x000000044c0d0010) 
thrown [src/hotspot/share/prims/jni.cpp, line 519]
Event: 73.401 Thread 0x00007fb366128b30 Exception <a 'java/lang/NoSuchMethodError'{0x000000044c122f50}: 'java.lang.Object java.lang.invoke.DirectMethodHandle$Holder.invokeStatic(java.lang.Object, java.lang.Object, long, long)'> (0x000000044c122f50) 
thrown [src/hotspot/share/interpreter/linkResolver.cpp, line 772]
Event: 73.402 Thread 0x00007fb366128b30 Exception <a 'java/lang/NoSuchMethodError'{0x000000044c12ab18}: 'java.lang.Object java.lang.invoke.DirectMethodHandle$Holder.newInvokeSpecial(java.lang.Object, java.lang.Object, long, long)'> (0x000000044c12ab18) 
thrown [src/hotspot/share/interpreter/linkResolver.cpp, line 772]
Event: 73.402 Thread 0x00007fb366128b30 Exception <a 'java/lang/NoSuchMethodError'{0x000000044c12ea58}: 'java.lang.Object java.lang.invoke.DirectMethodHandle$Holder.invokeSpecial(java.lang.Object, java.lang.Object, java.lang.Object, long, long)'> (0x000000044c12ea58) 
thrown [src/hotspot/share/interpreter/linkResolver.cpp, line 772]
Event: 73.402 Thread 0x00007fb366128b30 Exception <a 'java/lang/NoSuchMethodError'{0x000000044c1320c8}: 'java.lang.Object java.lang.invoke.Invokers$Holder.linkToTargetMethod(java.lang.Object, long, long, java.lang.Object)'> (0x000000044c1320c8) 
thrown [src/hotspot/share/interpreter/linkResolver.cpp, line 772]
Event: 74.058 Thread 0x00007fb366128b30 Exception <a 'java/lang/NoSuchMethodError'{0x0000000461b00410}: 'java.lang.Object java.lang.invoke.DirectMethodHandle$Holder.newInvokeSpecial(java.lang.Object, java.lang.Object, java.lang.Object, java.lang.Object, java.lang.Object, java.lang.Object, java.lang.Object, java.lang.Object, java.lang.Object, java.lang.Object, java.lang.Object)'> (0x0000000461b00410) 
thrown [src/hotspot/share/interpreter/linkResolver.cpp, line 772]
Event: 74.566 Thread 0x00007fb366128b30 Exception <a 'sun/nio/fs/UnixException'{0x000000044eb0a310}> (0x000000044eb0a310) 
thrown [src/hotspot/share/prims/jni.cpp, line 519]
Event: 74.633 Thread 0x00007fb366128b30 Exception <a 'sun/nio/fs/UnixException'{0x000000044d6c94b8}> (0x000000044d6c94b8) 
thrown [src/hotspot/share/prims/jni.cpp, line 519]
Event: 74.681 Thread 0x00007fb366128b30 Exception <a 'sun/nio/fs/UnixException'{0x000000044b282870}> (0x000000044b282870) 
thrown [src/hotspot/share/prims/jni.cpp, line 519]

VM Operations (20 events):
Event: 79.139 Executing VM operation: G1CollectForAllocation done
Event: 79.932 Executing VM operation: G1CollectForAllocation
Event: 79.978 Executing VM operation: G1CollectForAllocation done
Event: 80.052 Executing VM operation: G1TryInitiateConcMark
Event: 80.064 Executing VM operation: G1TryInitiateConcMark done
Event: 80.869 Executing VM operation: G1PauseRemark
Event: 80.901 Executing VM operation: G1PauseRemark done
Event: 81.145 Executing VM operation: G1CollectForAllocation
Event: 81.145 Executing VM operation: G1CollectForAllocation done
Event: 81.146 Executing VM operation: G1CollectForAllocation
Event: 81.179 Executing VM operation: G1CollectForAllocation done
Event: 81.362 Executing VM operation: G1PauseCleanup
Event: 81.373 Executing VM operation: G1PauseCleanup done
Event: 82.374 Executing VM operation: Cleanup
Event: 82.374 Executing VM operation: Cleanup done
Event: 82.402 Executing VM operation: G1CollectForAllocation
Event: 82.402 Executing VM operation: G1CollectForAllocation done
Event: 82.402 Executing VM operation: G1CollectForAllocation
Event: 82.456 Executing VM operation: G1CollectForAllocation done
Event: 83.415 Executing VM operation: G1CollectForAllocation

Events (20 events):
Event: 80.898 Thread 0x00007fb36419b5a0 flushing nmethod 0x00007fb35513a810
Event: 80.898 Thread 0x00007fb36419b5a0 flushing nmethod 0x00007fb354e05d90
Event: 80.898 Thread 0x00007fb36419b5a0 flushing nmethod 0x00007fb354dfde90
Event: 80.898 Thread 0x00007fb36419b5a0 flushing nmethod 0x00007fb354ba2390
Event: 80.898 Thread 0x00007fb36419b5a0 flushing nmethod 0x00007fb354e52390
Event: 80.898 Thread 0x00007fb36419b5a0 flushing nmethod 0x00007fb354e4b510
Event: 80.898 Thread 0x00007fb36419b5a0 flushing nmethod 0x00007fb354a5b610
Event: 80.898 Thread 0x00007fb36419b5a0 flushing nmethod 0x00007fb354ddaa90
Event: 80.898 Thread 0x00007fb36419b5a0 flushing nmethod 0x00007fb354b1f190
Event: 80.898 Thread 0x00007fb36419b5a0 flushing nmethod 0x00007fb354b1ab10
Event: 80.898 Thread 0x00007fb36419b5a0 flushing nmethod 0x00007fb354c63090
Event: 80.898 Thread 0x00007fb36419b5a0 flushing nmethod 0x00007fb354bcd090
Event: 80.898 Thread 0x00007fb36419b5a0 flushing nmethod 0x00007fb354b3d010
Event: 80.898 Thread 0x00007fb36419b5a0 flushing nmethod 0x00007fb354a21210
Event: 80.898 Thread 0x00007fb36419b5a0 flushing nmethod 0x00007fb354ab7190
Event: 80.898 Thread 0x00007fb36419b5a0 flushing nmethod 0x00007fb354aa8f10
Event: 80.898 Thread 0x00007fb36419b5a0 flushing nmethod 0x00007fb3549f9290
Event: 80.898 Thread 0x00007fb36419b5a0 flushing nmethod 0x00007fb3549a9010
Event: 80.898 Thread 0x00007fb36419b5a0 flushing nmethod 0x00007fb354994690
Event: 80.898 Thread 0x00007fb36419b5a0 flushing nmethod 0x00007fb35498ef10


Dynamic libraries:
400000000-4b0800000 rw-p 00000000 00:00 0 
51f800000-7fc800000 ---p 00000000 00:00 0 
7fc800000-7ff700000 rw-p 00000000 00:00 0 
7ff700000-7ff779000 rw-p 00d24000 fd:02 4630175257                       /home/smobaraki/work/firesim/.conda-env/lib/jvm/lib/server/classes.jsa
7ff779000-7ff800000 rw-p 00000000 00:00 0 
7ff800000-7ff882000 rw-p 00ca2000 fd:02 4630175257                       /home/smobaraki/work/firesim/.conda-env/lib/jvm/lib/server/classes.jsa
7ff882000-800000000 rw-p 00000000 00:00 0 
800000000-80047a000 rw-p 00001000 fd:02 4630175257                       /home/smobaraki/work/firesim/.conda-env/lib/jvm/lib/server/classes.jsa
80047a000-800c65000 r--p 0047b000 fd:02 4630175257                       /home/smobaraki/work/firesim/.conda-env/lib/jvm/lib/server/classes.jsa
800c65000-801000000 ---p 00000000 00:00 0 
801000000-801040000 rw-p 00000000 00:00 0 
801040000-801080000 rw-p 00000000 00:00 0 
801080000-8012c0000 rw-p 00000000 00:00 0 
8012c0000-801300000 rw-p 00000000 00:00 0 
801300000-8018e0000 rw-p 00000000 00:00 0 
8018e0000-801900000 rw-p 00000000 00:00 0 
801900000-801ac0000 rw-p 00000000 00:00 0 
801ac0000-801b00000 rw-p 00000000 00:00 0 
801b00000-801bc0000 rw-p 00000000 00:00 0 
801bc0000-801be0000 rw-p 00000000 00:00 0 
801be0000-801c00000 ---p 00000000 00:00 0 
801c00000-802420000 rw-p 00000000 00:00 0 
802420000-841000000 ---p 00000000 00:00 0 
55bd3541a000-55bd3541b000 r--p 00000000 fd:02 6691819782                 /home/smobaraki/work/firesim/.conda-env/lib/jvm/bin/java
55bd3541b000-55bd3541c000 r-xp 00001000 fd:02 6691819782                 /home/smobaraki/work/firesim/.conda-env/lib/jvm/bin/java
55bd3541c000-55bd3541d000 r--p 00002000 fd:02 6691819782                 /home/smobaraki/work/firesim/.conda-env/lib/jvm/bin/java
55bd3541d000-55bd3541e000 r--p 00002000 fd:02 6691819782                 /home/smobaraki/work/firesim/.conda-env/lib/jvm/bin/java
55bd3541e000-55bd3541f000 rw-p 00003000 fd:02 6691819782                 /home/smobaraki/work/firesim/.conda-env/lib/jvm/bin/java
55bd36c3f000-55bd36c85000 rw-p 00000000 00:00 0                          [heap]
7fb154000000-7fb154990000 rw-p 00000000 00:00 0 
7fb154990000-7fb1549c0000 ---p 00000000 00:00 0 
7fb1549c0000-7fb154a00000 rw-p 00000000 00:00 0 
7fb154a00000-7fb154c70000 rw-p 00000000 00:00 0 
7fb154c70000-7fb154cb0000 ---p 00000000 00:00 0 
7fb154cb0000-7fb154cf0000 rw-p 00000000 00:00 0 
7fb154cf0000-7fb154d00000 ---p 00000000 00:00 0 
7fb154d00000-7fb154d10000 rw-p 00000000 00:00 0 
7fb154d10000-7fb154e10000 ---p 00000000 00:00 0 
7fb154e10000-7fb154f20000 rw-p 00000000 00:00 0 
7fb154f20000-7fb158000000 ---p 00000000 00:00 0 
7fb158000000-7fb1586e1000 rw-p 00000000 00:00 0 
7fb1586e1000-7fb15c000000 ---p 00000000 00:00 0 
7fb15db3c000-7fb160000000 rw-p 00000000 00:00 0 
7fb160000000-7fb161363000 rw-p 00000000 00:00 0 
7fb161363000-7fb164000000 ---p 00000000 00:00 0 
7fb164000000-7fb164134000 rw-p 00000000 00:00 0 
7fb164134000-7fb168000000 ---p 00000000 00:00 0 
7fb168000000-7fb168021000 rw-p 00000000 00:00 0 
7fb168021000-7fb16c000000 ---p 00000000 00:00 0 
7fb16c0ff000-7fb16d686000 rw-p 00000000 00:00 0 
7fb16dc33000-7fb16e1e0000 rw-p 00000000 00:00 0 
7fb16e63b000-7fb16effe000 rw-p 00000000 00:00 0 
7fb16effe000-7fb16f002000 ---p 00000000 00:00 0 
7fb16f002000-7fb16f7ff000 rw-p 00000000 00:00 0 
7fb16f7ff000-7fb16f803000 ---p 00000000 00:00 0 
7fb16f803000-7fb170000000 rw-p 00000000 00:00 0 
7fb170000000-7fb1710a0000 rw-p 00000000 00:00 0 
7fb1710a0000-7fb174000000 ---p 00000000 00:00 0 
7fb174000000-7fb174945000 rw-p 00000000 00:00 0 
7fb174945000-7fb178000000 ---p 00000000 00:00 0 
7fb178000000-7fb178021000 rw-p 00000000 00:00 0 
7fb178021000-7fb17c000000 ---p 00000000 00:00 0 
7fb17c000000-7fb17cc77000 rw-p 00000000 00:00 0 
7fb17cc77000-7fb180000000 ---p 00000000 00:00 0 
7fb180000000-7fb181892000 rw-p 00000000 00:00 0 
7fb181892000-7fb184000000 ---p 00000000 00:00 0 
7fb184000000-7fb184152000 rw-p 00000000 00:00 0 
7fb184152000-7fb188000000 ---p 00000000 00:00 0 
7fb188000000-7fb1882a9000 rw-p 00000000 00:00 0 
7fb1882a9000-7fb18c000000 ---p 00000000 00:00 0 
7fb18c000000-7fb18c3a5000 rw-p 00000000 00:00 0 
7fb18c3a5000-7fb190000000 ---p 00000000 00:00 0 
7fb190000000-7fb191187000 rw-p 00000000 00:00 0 
7fb191187000-7fb194000000 ---p 00000000 00:00 0 
7fb194000000-7fb19432f000 rw-p 00000000 00:00 0 
7fb19432f000-7fb198000000 ---p 00000000 00:00 0 
7fb198000000-7fb1996cb000 rw-p 00000000 00:00 0 
7fb1996cb000-7fb19c000000 ---p 00000000 00:00 0 
7fb19c000000-7fb19d240000 rw-p 00000000 00:00 0 
7fb19d240000-7fb1a0000000 ---p 00000000 00:00 0 
7fb1a0000000-7fb1a01a6000 rw-p 00000000 00:00 0 
7fb1a01a6000-7fb1a4000000 ---p 00000000 00:00 0 
7fb1a4000000-7fb1a409b000 rw-p 00000000 00:00 0 
7fb1a409b000-7fb1a8000000 ---p 00000000 00:00 0 
7fb1a807e000-7fb1a87f9000 rw-p 00000000 00:00 0 
7fb1a87f9000-7fb1a87fd000 ---p 00000000 00:00 0 
7fb1a87fd000-7fb1a8ffa000 rw-p 00000000 00:00 0 
7fb1a8ffa000-7fb1a8ffe000 ---p 00000000 00:00 0 
7fb1a8ffe000-7fb1a97fb000 rw-p 00000000 00:00 0 
7fb1a97fb000-7fb1a97ff000 ---p 00000000 00:00 0 
7fb1a97ff000-7fb1a9ffc000 rw-p 00000000 00:00 0 
7fb1a9ffc000-7fb1aa000000 ---p 00000000 00:00 0 
7fb1aa000000-7fb1aa7fd000 rw-p 00000000 00:00 0 
7fb1aa7fd000-7fb1aa801000 ---p 00000000 00:00 0 
7fb1aa801000-7fb1aaffe000 rw-p 00000000 00:00 0 
7fb1aaffe000-7fb1ab002000 ---p 00000000 00:00 0 
7fb1ab002000-7fb1ab7ff000 rw-p 00000000 00:00 0 
7fb1ab7ff000-7fb1ab803000 ---p 00000000 00:00 0 
7fb1ab803000-7fb1ac000000 rw-p 00000000 00:00 0 
7fb1ac000000-7fb1ac04c000 rw-p 00000000 00:00 0 
7fb1ac04c000-7fb1b0000000 ---p 00000000 00:00 0 
7fb1b024c000-7fb1b07f9000 rw-p 00000000 00:00 0 
7fb1b07f9000-7fb1b07fd000 ---p 00000000 00:00 0 
7fb1b07fd000-7fb1b0ffa000 rw-p 00000000 00:00 0 
7fb1b0ffa000-7fb1b0ffe000 ---p 00000000 00:00 0 
7fb1b0ffe000-7fb1b17fb000 rw-p 00000000 00:00 0 
7fb1b17fb000-7fb1b17ff000 ---p 00000000 00:00 0 
7fb1b17ff000-7fb1b1ffc000 rw-p 00000000 00:00 0 
7fb1b1ffc000-7fb1b2000000 ---p 00000000 00:00 0 
7fb1b2000000-7fb1b27fd000 rw-p 00000000 00:00 0 
7fb1b27fd000-7fb1b2801000 ---p 00000000 00:00 0 
7fb1b2801000-7fb1b2ffe000 rw-p 00000000 00:00 0 
7fb1b2ffe000-7fb1b3002000 ---p 00000000 00:00 0 
7fb1b3002000-7fb1b37ff000 rw-p 00000000 00:00 0 
7fb1b37ff000-7fb1b3803000 ---p 00000000 00:00 0 
7fb1b3803000-7fb1b4000000 rw-p 00000000 00:00 0 
7fb1b4000000-7fb1b41a4000 rw-p 00000000 00:00 0 
7fb1b41a4000-7fb1b8000000 ---p 00000000 00:00 0 
7fb1b8000000-7fb1b81c0000 rw-p 00000000 00:00 0 
7fb1b81c0000-7fb1b8300000 rw-p 00000000 00:00 0 
7fb1b8300000-7fb1b8500000 rw-p 00000000 00:00 0 
7fb1b8500000-7fb1b8600000 rw-p 00000000 00:00 0 
7fb1b8600000-7fb1b8700000 rw-p 00000000 00:00 0 
7fb1b8700000-7fb1b8800000 rw-p 00000000 00:00 0 
7fb1b8800000-7fb1b8900000 rw-p 00000000 00:00 0 
7fb1b8900000-7fb1b8a00000 rw-p 00000000 00:00 0 
7fb1b8a00000-7fb1b8b00000 rw-p 00000000 00:00 0 
7fb1b8b00000-7fb1b8c00000 rw-p 00000000 00:00 0 
7fb1b8c00000-7fb1b8e40000 rw-p 00000000 00:00 0 
7fb1b8e40000-7fb1baae0000 rw-p 00000000 00:00 0 
7fb1baae0000-7fb1bb280000 rw-p 00000000 00:00 0 
7fb1bb280000-7fb1bb290000 ---p 00000000 00:00 0 
7fb1bb290000-7fb1bb2b0000 rw-p 00000000 00:00 0 
7fb1bb2b0000-7fb1bb2c0000 ---p 00000000 00:00 0 
7fb1bb2c0000-7fb1bb5e0000 rw-p 00000000 00:00 0 
7fb1bb5e0000-7fb1bbb60000 rw-p 00000000 00:00 0 
7fb1bbb60000-7fb1bbb90000 ---p 00000000 00:00 0 
7fb1bbb90000-7fb1bbe90000 rw-p 00000000 00:00 0 
7fb1bbe90000-7fb1bbea0000 ---p 00000000 00:00 0 
7fb1bbea0000-7fb1bbec0000 rw-p 00000000 00:00 0 
7fb1bbec0000-7fb1bbed0000 ---p 00000000 00:00 0 
7fb1bbed0000-7fb1bc000000 rw-p 00000000 00:00 0 
7fb1bc000000-7fb1bc021000 rw-p 00000000 00:00 0 
7fb1bc021000-7fb1c0000000 ---p 00000000 00:00 0 
7fb1c0000000-7fb1c0c61000 rw-p 00000000 00:00 0 
7fb1c0c61000-7fb1c4000000 ---p 00000000 00:00 0 
7fb1c4000000-7fb1c4688000 rw-p 00000000 00:00 0 
7fb1c4688000-7fb1c8000000 ---p 00000000 00:00 0 
7fb1c8000000-7fb1c8a24000 rw-p 00000000 00:00 0 
7fb1c8a24000-7fb1cc000000 ---p 00000000 00:00 0 
7fb1cc000000-7fb1cc024000 rw-p 00000000 00:00 0 
7fb1cc024000-7fb1d0000000 ---p 00000000 00:00 0 
7fb1d0000000-7fb1d002e000 rw-p 00000000 00:00 0 
7fb1d002e000-7fb1d4000000 ---p 00000000 00:00 0 
7fb1d4000000-7fb1d51ea000 rw-p 00000000 00:00 0 
7fb1d51ea000-7fb1d8000000 ---p 00000000 00:00 0 
7fb1d8000000-7fb1d81ee000 rw-p 00000000 00:00 0 
7fb1d81ee000-7fb1dc000000 ---p 00000000 00:00 0 
7fb1dc000000-7fb1dc8c3000 rw-p 00000000 00:00 0 
7fb1dc8c3000-7fb1e0000000 ---p 00000000 00:00 0 
7fb1e0089000-7fb1e008d000 ---p 00000000 00:00 0 
7fb1e008d000-7fb1e088a000 rw-p 00000000 00:00 0 
7fb1e088a000-7fb1e088e000 ---p 00000000 00:00 0 
7fb1e088e000-7fb1e108b000 rw-p 00000000 00:00 0 
7fb1e17fb000-7fb1e17ff000 ---p 00000000 00:00 0 
7fb1e17ff000-7fb1e1ffc000 rw-p 00000000 00:00 0 
7fb1e1ffc000-7fb1e2000000 ---p 00000000 00:00 0 
7fb1e2000000-7fb1e27fd000 rw-p 00000000 00:00 0 
7fb1e27fd000-7fb1e2801000 ---p 00000000 00:00 0 
7fb1e2801000-7fb1e2ffe000 rw-p 00000000 00:00 0 
7fb1e2ffe000-7fb1e3002000 ---p 00000000 00:00 0 
7fb1e3002000-7fb1e37ff000 rw-p 00000000 00:00 0 
7fb1e37ff000-7fb1e3803000 ---p 00000000 00:00 0 
7fb1e3803000-7fb1e4000000 rw-p 00000000 00:00 0 
7fb1e4000000-7fb1e409c000 rw-p 00000000 00:00 0 
7fb1e409c000-7fb1e8000000 ---p 00000000 00:00 0 
7fb1e8000000-7fb1e8021000 rw-p 00000000 00:00 0 
7fb1e8021000-7fb1ec000000 ---p 00000000 00:00 0 
7fb1ec000000-7fb1ec71f000 rw-p 00000000 00:00 0 
7fb1ec71f000-7fb1f0000000 ---p 00000000 00:00 0 
7fb1f0000000-7fb1f0021000 rw-p 00000000 00:00 0 
7fb1f0021000-7fb1f4000000 ---p 00000000 00:00 0 
7fb1f4000000-7fb1f409e000 rw-p 00000000 00:00 0 
7fb1f409e000-7fb1f8000000 ---p 00000000 00:00 0 
7fb1f8000000-7fb1f8394000 rw-p 00000000 00:00 0 
7fb1f8394000-7fb1fc000000 ---p 00000000 00:00 0 
7fb1fc000000-7fb1fc021000 rw-p 00000000 00:00 0 
7fb1fc021000-7fb200000000 ---p 00000000 00:00 0 
7fb2007f9000-7fb2007fd000 ---p 00000000 00:00 0 
7fb2007fd000-7fb200ffa000 rw-p 00000000 00:00 0 
7fb200ffa000-7fb200ffe000 ---p 00000000 00:00 0 
7fb200ffe000-7fb2017fb000 rw-p 00000000 00:00 0 
7fb2017fb000-7fb2017ff000 ---p 00000000 00:00 0 
7fb2017ff000-7fb201ffc000 rw-p 00000000 00:00 0 
7fb201ffc000-7fb202000000 ---p 00000000 00:00 0 
7fb202000000-7fb2027fd000 rw-p 00000000 00:00 0 
7fb2027fd000-7fb202801000 ---p 00000000 00:00 0 
7fb202801000-7fb202ffe000 rw-p 00000000 00:00 0 
7fb202ffe000-7fb203002000 ---p 00000000 00:00 0 
7fb203002000-7fb2037ff000 rw-p 00000000 00:00 0 
7fb2037ff000-7fb203803000 ---p 00000000 00:00 0 
7fb203803000-7fb204000000 rw-p 00000000 00:00 0 
7fb204000000-7fb204042000 rw-p 00000000 00:00 0 
7fb204042000-7fb208000000 ---p 00000000 00:00 0 
7fb208000000-7fb208a3b000 rw-p 00000000 00:00 0 
7fb208a3b000-7fb20c000000 ---p 00000000 00:00 0 
7fb20c000000-7fb20c75f000 rw-p 00000000 00:00 0 
7fb20c75f000-7fb210000000 ---p 00000000 00:00 0 
7fb210000000-7fb210161000 rw-p 00000000 00:00 0 
7fb210161000-7fb214000000 ---p 00000000 00:00 0 
7fb214000000-7fb214a3b000 rw-p 00000000 00:00 0 
7fb214a3b000-7fb218000000 ---p 00000000 00:00 0 
7fb218000000-7fb218319000 rw-p 00000000 00:00 0 
7fb218319000-7fb21c000000 ---p 00000000 00:00 0 
7fb21c000000-7fb21d222000 rw-p 00000000 00:00 0 
7fb21d222000-7fb220000000 ---p 00000000 00:00 0 
7fb220096000-7fb22009a000 ---p 00000000 00:00 0 
7fb22009a000-7fb220197000 rw-p 00000000 00:00 0 
7fb2207f9000-7fb2207fd000 ---p 00000000 00:00 0 
7fb2207fd000-7fb220ffa000 rw-p 00000000 00:00 0 
7fb220ffa000-7fb220ffe000 ---p 00000000 00:00 0 
7fb220ffe000-7fb2217fb000 rw-p 00000000 00:00 0 
7fb2217fb000-7fb2217ff000 ---p 00000000 00:00 0 
7fb2217ff000-7fb221ffc000 rw-p 00000000 00:00 0 
7fb221ffc000-7fb222000000 ---p 00000000 00:00 0 
7fb222000000-7fb2227fd000 rw-p 00000000 00:00 0 
7fb2227fd000-7fb222801000 ---p 00000000 00:00 0 
7fb222801000-7fb222ffe000 rw-p 00000000 00:00 0 
7fb222ffe000-7fb223002000 ---p 00000000 00:00 0 
7fb223002000-7fb2237ff000 rw-p 00000000 00:00 0 
7fb2237ff000-7fb223803000 ---p 00000000 00:00 0 
7fb223803000-7fb224000000 rw-p 00000000 00:00 0 
7fb224000000-7fb22551a000 rw-p 00000000 00:00 0 
7fb22551a000-7fb228000000 ---p 00000000 00:00 0 
7fb228000000-7fb229599000 rw-p 00000000 00:00 0 
7fb229599000-7fb22c000000 ---p 00000000 00:00 0 
7fb22c000000-7fb22d3fa000 rw-p 00000000 00:00 0 
7fb22d3fa000-7fb230000000 ---p 00000000 00:00 0 
7fb230000000-7fb2315f7000 rw-p 00000000 00:00 0 
7fb2315f7000-7fb234000000 ---p 00000000 00:00 0 
7fb234000000-7fb235dab000 rw-p 00000000 00:00 0 
7fb235dab000-7fb238000000 ---p 00000000 00:00 0 
7fb238000000-7fb239748000 rw-p 00000000 00:00 0 
7fb239748000-7fb23c000000 ---p 00000000 00:00 0 
7fb23c000000-7fb23cf55000 rw-p 00000000 00:00 0 
7fb23cf55000-7fb240000000 ---p 00000000 00:00 0 
7fb24005c000-7fb240060000 ---p 00000000 00:00 0 
7fb240060000-7fb2404f6000 rw-p 00000000 00:00 0 
7fb2404f6000-7fb2404fa000 ---p 00000000 00:00 0 
7fb2404fa000-7fb2405f7000 rw-p 00000000 00:00 0 
7fb2405f7000-7fb2405fb000 ---p 00000000 00:00 0 
7fb2405fb000-7fb2406f8000 rw-p 00000000 00:00 0 
7fb2406f8000-7fb2406fc000 ---p 00000000 00:00 0 
7fb2406fc000-7fb2407f9000 rw-p 00000000 00:00 0 
7fb2407f9000-7fb2407fd000 ---p 00000000 00:00 0 
7fb2407fd000-7fb240ffa000 rw-p 00000000 00:00 0 
7fb240ffa000-7fb240ffe000 ---p 00000000 00:00 0 
7fb240ffe000-7fb2417fb000 rw-p 00000000 00:00 0 
7fb2417fb000-7fb2417ff000 ---p 00000000 00:00 0 
7fb2417ff000-7fb241ffc000 rw-p 00000000 00:00 0 
7fb241ffc000-7fb242000000 ---p 00000000 00:00 0 
7fb242000000-7fb2427fd000 rw-p 00000000 00:00 0 
7fb2427fd000-7fb242801000 ---p 00000000 00:00 0 
7fb242801000-7fb242ffe000 rw-p 00000000 00:00 0 
7fb242ffe000-7fb243002000 ---p 00000000 00:00 0 
7fb243002000-7fb2437ff000 rw-p 00000000 00:00 0 
7fb2437ff000-7fb243803000 ---p 00000000 00:00 0 
7fb243803000-7fb244000000 rw-p 00000000 00:00 0 
7fb244000000-7fb2453cf000 rw-p 00000000 00:00 0 
7fb2453cf000-7fb248000000 ---p 00000000 00:00 0 
7fb248000000-7fb249633000 rw-p 00000000 00:00 0 
7fb249633000-7fb24c000000 ---p 00000000 00:00 0 
7fb24c000000-7fb24d5c0000 rw-p 00000000 00:00 0 
7fb24d5c0000-7fb250000000 ---p 00000000 00:00 0 
7fb250000000-7fb251373000 rw-p 00000000 00:00 0 
7fb251373000-7fb254000000 ---p 00000000 00:00 0 
7fb254000000-7fb25541a000 rw-p 00000000 00:00 0 
7fb25541a000-7fb258000000 ---p 00000000 00:00 0 
7fb258000000-7fb25954d000 rw-p 00000000 00:00 0 
7fb25954d000-7fb25c000000 ---p 00000000 00:00 0 
7fb25c000000-7fb25d5c2000 rw-p 00000000 00:00 0 
7fb25d5c2000-7fb260000000 ---p 00000000 00:00 0 
7fb260000000-7fb261b59000 rw-p 00000000 00:00 0 
7fb261b59000-7fb264000000 ---p 00000000 00:00 0 
7fb2647f9000-7fb2647fd000 ---p 00000000 00:00 0 
7fb2647fd000-7fb264ffa000 rw-p 00000000 00:00 0 
7fb264ffa000-7fb264ffe000 ---p 00000000 00:00 0 
7fb264ffe000-7fb2657fb000 rw-p 00000000 00:00 0 
7fb2657fb000-7fb2657ff000 ---p 00000000 00:00 0 
7fb2657ff000-7fb265ffc000 rw-p 00000000 00:00 0 
7fb265ffc000-7fb266000000 ---p 00000000 00:00 0 
7fb266000000-7fb2667fd000 rw-p 00000000 00:00 0 
7fb2667fd000-7fb266801000 ---p 00000000 00:00 0 
7fb266801000-7fb266ffe000 rw-p 00000000 00:00 0 
7fb266ffe000-7fb267002000 ---p 00000000 00:00 0 
7fb267002000-7fb2677ff000 rw-p 00000000 00:00 0 
7fb2677ff000-7fb267803000 ---p 00000000 00:00 0 
7fb267803000-7fb268000000 rw-p 00000000 00:00 0 
7fb268000000-7fb268021000 rw-p 00000000 00:00 0 
7fb268021000-7fb26c000000 ---p 00000000 00:00 0 
7fb26c000000-7fb26c021000 rw-p 00000000 00:00 0 
7fb26c021000-7fb270000000 ---p 00000000 00:00 0 
7fb270000000-7fb2700e2000 rw-p 00000000 00:00 0 
7fb2700e2000-7fb274000000 ---p 00000000 00:00 0 
7fb274000000-7fb274021000 rw-p 00000000 00:00 0 
7fb274021000-7fb278000000 ---p 00000000 00:00 0 
7fb278000000-7fb278021000 rw-p 00000000 00:00 0 
7fb278021000-7fb27c000000 ---p 00000000 00:00 0 
7fb27c000000-7fb27c0cd000 rw-p 00000000 00:00 0 
7fb27c0cd000-7fb280000000 ---p 00000000 00:00 0 
7fb280000000-7fb280021000 rw-p 00000000 00:00 0 
7fb280021000-7fb284000000 ---p 00000000 00:00 0 
7fb284000000-7fb284030000 rw-p 00000000 00:00 0 
7fb284030000-7fb288000000 ---p 00000000 00:00 0 
7fb288000000-7fb288021000 rw-p 00000000 00:00 0 
7fb288021000-7fb28c000000 ---p 00000000 00:00 0 
7fb28c000000-7fb28c021000 rw-p 00000000 00:00 0 
7fb28c021000-7fb290000000 ---p 00000000 00:00 0 
7fb290000000-7fb290021000 rw-p 00000000 00:00 0 
7fb290021000-7fb294000000 ---p 00000000 00:00 0 
7fb294000000-7fb294021000 rw-p 00000000 00:00 0 
7fb294021000-7fb298000000 ---p 00000000 00:00 0 
7fb298000000-7fb298021000 rw-p 00000000 00:00 0 
7fb298021000-7fb29c000000 ---p 00000000 00:00 0 
7fb29c000000-7fb29c021000 rw-p 00000000 00:00 0 
7fb29c021000-7fb2a0000000 ---p 00000000 00:00 0 
7fb2a0000000-7fb2a004d000 rw-p 00000000 00:00 0 
7fb2a004d000-7fb2a4000000 ---p 00000000 00:00 0 
7fb2a4000000-7fb2a4021000 rw-p 00000000 00:00 0 
7fb2a4021000-7fb2a8000000 ---p 00000000 00:00 0 
7fb2a8000000-7fb2a8021000 rw-p 00000000 00:00 0 
7fb2a8021000-7fb2ac000000 ---p 00000000 00:00 0 
7fb2ac000000-7fb2ac021000 rw-p 00000000 00:00 0 
7fb2ac021000-7fb2b0000000 ---p 00000000 00:00 0 
7fb2b0000000-7fb2b0021000 rw-p 00000000 00:00 0 
7fb2b0021000-7fb2b4000000 ---p 00000000 00:00 0 
7fb2b4000000-7fb2b4021000 rw-p 00000000 00:00 0 
7fb2b4021000-7fb2b8000000 ---p 00000000 00:00 0 
7fb2b80b3000-7fb2b80b7000 ---p 00000000 00:00 0 
7fb2b80b7000-7fb2b81b4000 rw-p 00000000 00:00 0 
7fb2b81b4000-7fb2b81b8000 ---p 00000000 00:00 0 
7fb2b81b8000-7fb2b89b5000 rw-p 00000000 00:00 0 
7fb2b89b5000-7fb2b89b9000 r-xp 00000000 fd:00 67114782                   /usr/lib64/libattr.so.1.1.0
7fb2b89b9000-7fb2b8bb8000 ---p 00004000 fd:00 67114782                   /usr/lib64/libattr.so.1.1.0
7fb2b8bb8000-7fb2b8bb9000 r--p 00003000 fd:00 67114782                   /usr/lib64/libattr.so.1.1.0
7fb2b8bb9000-7fb2b8bba000 rw-p 00004000 fd:00 67114782                   /usr/lib64/libattr.so.1.1.0
7fb2b8bba000-7fb2b8bbe000 r-xp 00000000 fd:00 67140965                   /usr/lib64/libcap.so.2.22
7fb2b8bbe000-7fb2b8dbd000 ---p 00004000 fd:00 67140965                   /usr/lib64/libcap.so.2.22
7fb2b8dbd000-7fb2b8dbe000 r--p 00003000 fd:00 67140965                   /usr/lib64/libcap.so.2.22
7fb2b8dbe000-7fb2b8dbf000 rw-p 00004000 fd:00 67140965                   /usr/lib64/libcap.so.2.22
7fb2b8dbf000-7fb2b8dd1000 r-xp 00000000 fd:00 68060982                   /usr/lib64/libnss_myhostname.so.2
7fb2b8dd1000-7fb2b8fd0000 ---p 00012000 fd:00 68060982                   /usr/lib64/libnss_myhostname.so.2
7fb2b8fd0000-7fb2b8fd3000 r--p 00011000 fd:00 68060982                   /usr/lib64/libnss_myhostname.so.2
7fb2b8fd3000-7fb2b8fd4000 rw-p 00014000 fd:00 68060982                   /usr/lib64/libnss_myhostname.so.2
7fb2b8fd4000-7fb2b8fea000 r-xp 00000000 fd:00 67113914                   /usr/lib64/libresolv-2.17.so
7fb2b8fea000-7fb2b91ea000 ---p 00016000 fd:00 67113914                   /usr/lib64/libresolv-2.17.so
7fb2b91ea000-7fb2b91eb000 r--p 00016000 fd:00 67113914                   /usr/lib64/libresolv-2.17.so
7fb2b91eb000-7fb2b91ec000 rw-p 00017000 fd:00 67113914                   /usr/lib64/libresolv-2.17.so
7fb2b91ec000-7fb2b91ee000 rw-p 00000000 00:00 0 
7fb2b91ee000-7fb2b91f4000 r-xp 00000000 fd:00 67140657                   /usr/lib64/libnss_dns-2.17.so
7fb2b91f4000-7fb2b93f3000 ---p 00006000 fd:00 67140657                   /usr/lib64/libnss_dns-2.17.so
7fb2b93f3000-7fb2b93f4000 r--p 00005000 fd:00 67140657                   /usr/lib64/libnss_dns-2.17.so
7fb2b93f4000-7fb2b93f5000 rw-p 00006000 fd:00 67140657                   /usr/lib64/libnss_dns-2.17.so
7fb2b93f5000-7fb2b93f6000 r-xp 00000000 00:27 5959875                    /run/user/1021/.sbt848495e8/swoval/swoval-jni/4185169456713155882-libswoval-files0.so
7fb2b93f6000-7fb2b95f5000 ---p 00001000 00:27 5959875                    /run/user/1021/.sbt848495e8/swoval/swoval-jni/4185169456713155882-libswoval-files0.so
7fb2b95f5000-7fb2b95f6000 r--p 00000000 00:27 5959875                    /run/user/1021/.sbt848495e8/swoval/swoval-jni/4185169456713155882-libswoval-files0.so
7fb2b95f6000-7fb2b95f7000 rw-p 00001000 00:27 5959875                    /run/user/1021/.sbt848495e8/swoval/swoval-jni/4185169456713155882-libswoval-files0.so
7fb2b95f7000-7fb2b95fb000 ---p 00000000 00:00 0 
7fb2b95fb000-7fb2b9df8000 rw-p 00000000 00:00 0 
7fb2b9df8000-7fb2b9dfc000 ---p 00000000 00:00 0 
7fb2b9dfc000-7fb2ba5f9000 rw-p 00000000 00:00 0 
7fb2ba5f9000-7fb2ba5fd000 ---p 00000000 00:00 0 
7fb2ba5fd000-7fb2badfa000 rw-p 00000000 00:00 0 
7fb2badfa000-7fb2badfb000 ---p 00000000 00:00 0 
7fb2badfb000-7fb2baefc000 rw-p 00000000 00:00 0 
7fb2baefc000-7fb2baefd000 ---p 00000000 00:00 0 
7fb2baefd000-7fb2baffe000 rw-p 00000000 00:00 0 
7fb2baffe000-7fb2bb002000 ---p 00000000 00:00 0 
7fb2bb002000-7fb2bb7ff000 rw-p 00000000 00:00 0 
7fb2bb7ff000-7fb2bb803000 ---p 00000000 00:00 0 
7fb2bb803000-7fb2bc000000 rw-p 00000000 00:00 0 
7fb2bc000000-7fb2bc021000 rw-p 00000000 00:00 0 
7fb2bc021000-7fb2c0000000 ---p 00000000 00:00 0 
7fb2c0000000-7fb2c1121000 rw-p 00000000 00:00 0 
7fb2c1121000-7fb2c4000000 ---p 00000000 00:00 0 
7fb2c4000000-7fb2c61cf000 rw-p 00000000 00:00 0 
7fb2c61cf000-7fb2c8000000 ---p 00000000 00:00 0 
7fb2c8000000-7fb2c8119000 rw-p 00000000 00:00 0 
7fb2c8119000-7fb2cc000000 ---p 00000000 00:00 0 
7fb2cc000000-7fb2cc232000 rw-p 00000000 00:00 0 
7fb2cc232000-7fb2d0000000 ---p 00000000 00:00 0 
7fb2d0000000-7fb2d04a3000 rw-p 00000000 00:00 0 
7fb2d04a3000-7fb2d4000000 ---p 00000000 00:00 0 
7fb2d4000000-7fb2d4768000 rw-p 00000000 00:00 0 
7fb2d4768000-7fb2d8000000 ---p 00000000 00:00 0 
7fb2d8000000-7fb2d80b4000 rw-p 00000000 00:00 0 
7fb2d80b4000-7fb2dc000000 ---p 00000000 00:00 0 
7fb2dc000000-7fb2dcfdc000 rw-p 00000000 00:00 0 
7fb2dcfdc000-7fb2e0000000 ---p 00000000 00:00 0 
7fb2e0000000-7fb2e046b000 rw-p 00000000 00:00 0 
7fb2e046b000-7fb2e4000000 ---p 00000000 00:00 0 
7fb2e4000000-7fb2e4021000 rw-p 00000000 00:00 0 
7fb2e4021000-7fb2e8000000 ---p 00000000 00:00 0 
7fb2e8028000-7fb2e8033000 r--p 00000000 fd:02 116893721                  /home/smobaraki/work/firesim/.conda-env/lib/libzstd.so.1.5.2
7fb2e8033000-7fb2e80d9000 r-xp 0000b000 fd:02 116893721                  /home/smobaraki/work/firesim/.conda-env/lib/libzstd.so.1.5.2
7fb2e80d9000-7fb2e80e9000 r--p 000b1000 fd:02 116893721                  /home/smobaraki/work/firesim/.conda-env/lib/libzstd.so.1.5.2
7fb2e80e9000-7fb2e80ea000 r--p 000c1000 fd:02 116893721                  /home/smobaraki/work/firesim/.conda-env/lib/libzstd.so.1.5.2
7fb2e80ea000-7fb2e80eb000 rw-p 000c2000 fd:02 116893721                  /home/smobaraki/work/firesim/.conda-env/lib/libzstd.so.1.5.2
7fb2e80eb000-7fb2e80ec000 ---p 00000000 00:00 0 
7fb2e80ec000-7fb2e81ed000 rw-p 00000000 00:00 0 
7fb2e81ed000-7fb2e81ee000 ---p 00000000 00:00 0 
7fb2e81ee000-7fb2e82ef000 rw-p 00000000 00:00 0 
7fb2e82ef000-7fb2e82f0000 ---p 00000000 00:00 0 
7fb2e82f0000-7fb2e83f1000 rw-p 00000000 00:00 0 
7fb2e83f1000-7fb2e83f2000 ---p 00000000 00:00 0 
7fb2e83f2000-7fb2e84f3000 rw-p 00000000 00:00 0 
7fb2e84f3000-7fb2e84f4000 ---p 00000000 00:00 0 
7fb2e84f4000-7fb2e85f5000 rw-p 00000000 00:00 0 
7fb2e85f5000-7fb2e85f6000 ---p 00000000 00:00 0 
7fb2e85f6000-7fb2e86f7000 rw-p 00000000 00:00 0 
7fb2e86f7000-7fb2e86f8000 ---p 00000000 00:00 0 
7fb2e86f8000-7fb2e87f9000 rw-p 00000000 00:00 0 
7fb2e87f9000-7fb2e87fd000 ---p 00000000 00:00 0 
7fb2e87fd000-7fb2e8ffa000 rw-p 00000000 00:00 0 
7fb2e8ffa000-7fb2e8ffe000 ---p 00000000 00:00 0 
7fb2e8ffe000-7fb2e97fb000 rw-p 00000000 00:00 0 
7fb2e97fb000-7fb2e97ff000 ---p 00000000 00:00 0 
7fb2e97ff000-7fb2e9ffc000 rw-p 00000000 00:00 0 
7fb2e9ffc000-7fb2ea000000 ---p 00000000 00:00 0 
7fb2ea000000-7fb2ea7fd000 rw-p 00000000 00:00 0 
7fb2ea7fd000-7fb2ea801000 ---p 00000000 00:00 0 
7fb2ea801000-7fb2eaffe000 rw-p 00000000 00:00 0 
7fb2eaffe000-7fb2eb002000 ---p 00000000 00:00 0 
7fb2eb002000-7fb2eb7ff000 rw-p 00000000 00:00 0 
7fb2eb7ff000-7fb2eb803000 ---p 00000000 00:00 0 
7fb2eb803000-7fb2ec000000 rw-p 00000000 00:00 0 
7fb2ec000000-7fb2ec02a000 rw-p 00000000 00:00 0 
7fb2ec02a000-7fb2f0000000 ---p 00000000 00:00 0 
7fb2f0000000-7fb2f0021000 rw-p 00000000 00:00 0 
7fb2f0021000-7fb2f4000000 ---p 00000000 00:00 0 
7fb2f4000000-7fb2f5872000 rw-p 00000000 00:00 0 
7fb2f5872000-7fb2f8000000 ---p 00000000 00:00 0 
7fb2f8000000-7fb2f8b23000 rw-p 00000000 00:00 0 
7fb2f8b23000-7fb2fc000000 ---p 00000000 00:00 0 
7fb2fc000000-7fb2fc09d000 rw-p 00000000 00:00 0 
7fb2fc09d000-7fb300000000 ---p 00000000 00:00 0 
7fb300000000-7fb300021000 rw-p 00000000 00:00 0 
7fb300021000-7fb304000000 ---p 00000000 00:00 0 
7fb304000000-7fb304021000 rw-p 00000000 00:00 0 
7fb304021000-7fb308000000 ---p 00000000 00:00 0 
7fb308000000-7fb308021000 rw-p 00000000 00:00 0 
7fb308021000-7fb30c000000 ---p 00000000 00:00 0 
7fb30c000000-7fb30c021000 rw-p 00000000 00:00 0 
7fb30c021000-7fb310000000 ---p 00000000 00:00 0 
7fb3100b6000-7fb3100b7000 ---p 00000000 00:00 0 
7fb3100b7000-7fb3101b8000 rw-p 00000000 00:00 0 
7fb3101b8000-7fb3101b9000 ---p 00000000 00:00 0 
7fb3101b9000-7fb3102ba000 rw-p 00000000 00:00 0 
7fb3102ba000-7fb3102be000 ---p 00000000 00:00 0 
7fb3102be000-7fb310abb000 rw-p 00000000 00:00 0 
7fb310abb000-7fb310abf000 ---p 00000000 00:00 0 
7fb310abf000-7fb3112bc000 rw-p 00000000 00:00 0 
7fb3112bc000-7fb3112c0000 ---p 00000000 00:00 0 
7fb3112c0000-7fb311abd000 rw-p 00000000 00:00 0 
7fb311abd000-7fb318000000 r--p 00000000 fd:00 34107                      /usr/lib/locale/locale-archive
7fb318000000-7fb318430000 rw-p 00000000 00:00 0 
7fb318430000-7fb31c000000 ---p 00000000 00:00 0 
7fb31c000000-7fb31c021000 rw-p 00000000 00:00 0 
7fb31c021000-7fb320000000 ---p 00000000 00:00 0 
7fb320000000-7fb320400000 rw-p 00000000 00:00 0 
7fb320400000-7fb321c00000 rw-p 00000000 00:00 0 
7fb321c00000-7fb321f80000 rw-p 00000000 00:00 0 
7fb321f80000-7fb322000000 rw-p 00000000 00:00 0 
7fb322000000-7fb322180000 rw-p 00000000 00:00 0 
7fb322180000-7fb322200000 rw-p 00000000 00:00 0 
7fb322200000-7fb322bc0000 rw-p 00000000 00:00 0 
7fb322bc0000-7fb322c00000 rw-p 00000000 00:00 0 
7fb322c00000-7fb322f00000 rw-p 00000000 00:00 0 
7fb322f00000-7fb324000000 rw-p 00000000 00:00 0 
7fb324000000-7fb324021000 rw-p 00000000 00:00 0 
7fb324021000-7fb328000000 ---p 00000000 00:00 0 
7fb32802c000-7fb32802e000 r--p 00000000 fd:02 2414769852                 /home/smobaraki/work/firesim/.conda-env/lib/libbz2.so.1.0.8
7fb32802e000-7fb32803c000 r-xp 00002000 fd:02 2414769852                 /home/smobaraki/work/firesim/.conda-env/lib/libbz2.so.1.0.8
7fb32803c000-7fb32803e000 r--p 00010000 fd:02 2414769852                 /home/smobaraki/work/firesim/.conda-env/lib/libbz2.so.1.0.8
7fb32803e000-7fb32803f000 r--p 00011000 fd:02 2414769852                 /home/smobaraki/work/firesim/.conda-env/lib/libbz2.so.1.0.8
7fb32803f000-7fb328040000 rw-p 00012000 fd:02 2414769852                 /home/smobaraki/work/firesim/.conda-env/lib/libbz2.so.1.0.8
7fb328040000-7fb328056000 r--p 00000000 fd:02 2420150869                 /home/smobaraki/work/firesim/.conda-env/lib/libdw-0.187.so
7fb328056000-7fb3280a1000 r-xp 00016000 fd:02 2420150869                 /home/smobaraki/work/firesim/.conda-env/lib/libdw-0.187.so
7fb3280a1000-7fb3280cc000 r--p 00061000 fd:02 2420150869                 /home/smobaraki/work/firesim/.conda-env/lib/libdw-0.187.so
7fb3280cc000-7fb3280d5000 r--p 0008b000 fd:02 2420150869                 /home/smobaraki/work/firesim/.conda-env/lib/libdw-0.187.so
7fb3280d5000-7fb3280d6000 rw-p 00094000 fd:02 2420150869                 /home/smobaraki/work/firesim/.conda-env/lib/libdw-0.187.so
7fb3280d6000-7fb3280d7000 ---p 00000000 00:00 0 
7fb3280d7000-7fb3281d8000 rw-p 00000000 00:00 0 
7fb3281d8000-7fb3281d9000 ---p 00000000 00:00 0 
7fb3281d9000-7fb3282da000 rw-p 00000000 00:00 0 
7fb3282da000-7fb3282db000 ---p 00000000 00:00 0 
7fb3282db000-7fb3283dc000 rw-p 00000000 00:00 0 
7fb3283dc000-7fb3283fa000 r-xp 00000000 fd:02 4892289963                 /home/smobaraki/.cache/JNA/temp/jna1169370779795543514.tmp (deleted)
7fb3283fa000-7fb3285f9000 ---p 0001e000 fd:02 4892289963                 /home/smobaraki/.cache/JNA/temp/jna1169370779795543514.tmp (deleted)
7fb3285f9000-7fb3285fa000 rw-p 0001d000 fd:02 4892289963                 /home/smobaraki/.cache/JNA/temp/jna1169370779795543514.tmp (deleted)
7fb3285fa000-7fb3285fb000 rw-p 00000000 00:00 0 
7fb3285fb000-7fb3285ff000 ---p 00000000 00:00 0 
7fb3285ff000-7fb3286fc000 rw-p 00000000 00:00 0 
7fb3286fc000-7fb328700000 ---p 00000000 00:00 0 
7fb328700000-7fb3287fd000 rw-p 00000000 00:00 0 
7fb3287fd000-7fb328801000 ---p 00000000 00:00 0 
7fb328801000-7fb328ffe000 rw-p 00000000 00:00 0 
7fb328ffe000-7fb329002000 ---p 00000000 00:00 0 
7fb329002000-7fb3297ff000 rw-p 00000000 00:00 0 
7fb3297ff000-7fb329803000 ---p 00000000 00:00 0 
7fb329803000-7fb32c000000 rw-p 00000000 00:00 0 
7fb32c000000-7fb32c021000 rw-p 00000000 00:00 0 
7fb32c021000-7fb330000000 ---p 00000000 00:00 0 
7fb330000000-7fb3300a1000 rw-p 00000000 00:00 0 
7fb3300a1000-7fb334000000 ---p 00000000 00:00 0 
7fb334000000-7fb334021000 rw-p 00000000 00:00 0 
7fb334021000-7fb338000000 ---p 00000000 00:00 0 
7fb33800a000-7fb33800e000 r--p 00000000 fd:02 2293274948                 /home/smobaraki/work/firesim/.conda-env/lib/liblzma.so.5.2.6
7fb33800e000-7fb338025000 r-xp 00004000 fd:02 2293274948                 /home/smobaraki/work/firesim/.conda-env/lib/liblzma.so.5.2.6
7fb338025000-7fb338030000 r--p 0001b000 fd:02 2293274948                 /home/smobaraki/work/firesim/.conda-env/lib/liblzma.so.5.2.6
7fb338030000-7fb338031000 ---p 00026000 fd:02 2293274948                 /home/smobaraki/work/firesim/.conda-env/lib/liblzma.so.5.2.6
7fb338031000-7fb338032000 r--p 00026000 fd:02 2293274948                 /home/smobaraki/work/firesim/.conda-env/lib/liblzma.so.5.2.6
7fb338032000-7fb338033000 rw-p 00027000 fd:02 2293274948                 /home/smobaraki/work/firesim/.conda-env/lib/liblzma.so.5.2.6
7fb338033000-7fb338037000 r--p 00000000 fd:02 2420150868                 /home/smobaraki/work/firesim/.conda-env/lib/libelf-0.187.so
7fb338037000-7fb338047000 r-xp 00004000 fd:02 2420150868                 /home/smobaraki/work/firesim/.conda-env/lib/libelf-0.187.so
7fb338047000-7fb33804b000 r--p 00014000 fd:02 2420150868                 /home/smobaraki/work/firesim/.conda-env/lib/libelf-0.187.so
7fb33804b000-7fb33804c000 r--p 00017000 fd:02 2420150868                 /home/smobaraki/work/firesim/.conda-env/lib/libelf-0.187.so
7fb33804c000-7fb33804d000 rw-p 00018000 fd:02 2420150868                 /home/smobaraki/work/firesim/.conda-env/lib/libelf-0.187.so
7fb33806e000-7fb338072000 ---p 00000000 00:00 0 
7fb338072000-7fb338090000 rw-p 00000000 00:00 0 
7fb338090000-7fb338094000 ---p 00000000 00:00 0 
7fb338094000-7fb338191000 rw-p 00000000 00:00 0 
7fb338191000-7fb338195000 ---p 00000000 00:00 0 
7fb338195000-7fb338292000 rw-p 00000000 00:00 0 
7fb338292000-7fb338293000 ---p 00000000 00:00 0 
7fb338293000-7fb338394000 rw-p 00000000 00:00 0 
7fb338394000-7fb338398000 ---p 00000000 00:00 0 
7fb338398000-7fb338495000 rw-p 00000000 00:00 0 
7fb338495000-7fb338499000 ---p 00000000 00:00 0 
7fb338499000-7fb338596000 rw-p 00000000 00:00 0 
7fb338596000-7fb338597000 ---p 00000000 00:00 0 
7fb338597000-7fb338698000 rw-p 00000000 00:00 0 
7fb338698000-7fb33869d000 r--p 00000000 fd:02 4630193684                 /home/smobaraki/work/firesim/.conda-env/lib/jvm/lib/libjsvml.so
7fb33869d000-7fb3386de000 r-xp 00005000 fd:02 4630193684                 /home/smobaraki/work/firesim/.conda-env/lib/jvm/lib/libjsvml.so
7fb3386de000-7fb338767000 r--p 00046000 fd:02 4630193684                 /home/smobaraki/work/firesim/.conda-env/lib/jvm/lib/libjsvml.so
7fb338767000-7fb338768000 r--p 000ce000 fd:02 4630193684                 /home/smobaraki/work/firesim/.conda-env/lib/jvm/lib/libjsvml.so
7fb338768000-7fb338769000 rw-p 000cf000 fd:02 4630193684                 /home/smobaraki/work/firesim/.conda-env/lib/jvm/lib/libjsvml.so
7fb338769000-7fb338845000 rw-p 00000000 00:00 0 
7fb338890000-7fb338891000 rw-p 00000000 00:00 0 
7fb338891000-7fb338898000 r--s 00000000 fd:00 134606483                  /usr/lib64/gconv/gconv-modules.cache
7fb338898000-7fb33889a000 r--p 00000000 fd:02 4630201287                 /home/smobaraki/work/firesim/.conda-env/lib/jvm/lib/libmanagement_ext.so
7fb33889a000-7fb33889d000 r-xp 00002000 fd:02 4630201287                 /home/smobaraki/work/firesim/.conda-env/lib/jvm/lib/libmanagement_ext.so
7fb33889d000-7fb33889e000 r--p 00005000 fd:02 4630201287                 /home/smobaraki/work/firesim/.conda-env/lib/jvm/lib/libmanagement_ext.so
7fb33889e000-7fb33889f000 r--p 00006000 fd:02 4630201287                 /home/smobaraki/work/firesim/.conda-env/lib/jvm/lib/libmanagement_ext.so
7fb33889f000-7fb3388a0000 rw-p 00007000 fd:02 4630201287                 /home/smobaraki/work/firesim/.conda-env/lib/jvm/lib/libmanagement_ext.so
7fb3388a0000-7fb3388a3000 r--p 00000000 fd:02 4630193689                 /home/smobaraki/work/firesim/.conda-env/lib/jvm/lib/libmanagement.so
7fb3388a3000-7fb3388a4000 r-xp 00003000 fd:02 4630193689                 /home/smobaraki/work/firesim/.conda-env/lib/jvm/lib/libmanagement.so
7fb3388a4000-7fb3388a5000 r--p 00004000 fd:02 4630193689                 /home/smobaraki/work/firesim/.conda-env/lib/jvm/lib/libmanagement.so
7fb3388a5000-7fb3388a6000 r--p 00004000 fd:02 4630193689                 /home/smobaraki/work/firesim/.conda-env/lib/jvm/lib/libmanagement.so
7fb3388a6000-7fb3388a7000 rw-p 00005000 fd:02 4630193689                 /home/smobaraki/work/firesim/.conda-env/lib/jvm/lib/libmanagement.so
7fb3388a7000-7fb3388ac000 r--p 00000000 fd:02 4630201250                 /home/smobaraki/work/firesim/.conda-env/lib/jvm/lib/libverify.so
7fb3388ac000-7fb3388b3000 r-xp 00005000 fd:02 4630201250                 /home/smobaraki/work/firesim/.conda-env/lib/jvm/lib/libverify.so
7fb3388b3000-7fb3388b5000 r--p 0000c000 fd:02 4630201250                 /home/smobaraki/work/firesim/.conda-env/lib/jvm/lib/libverify.so
7fb3388b5000-7fb3388b7000 r--p 0000d000 fd:02 4630201250                 /home/smobaraki/work/firesim/.conda-env/lib/jvm/lib/libverify.so
7fb3388b7000-7fb3388b8000 rw-p 0000f000 fd:02 4630201250                 /home/smobaraki/work/firesim/.conda-env/lib/jvm/lib/libverify.so
7fb3388b8000-7fb3388ba000 r--p 00000000 fd:02 4630201282                 /home/smobaraki/work/firesim/.conda-env/lib/jvm/lib/libzip.so
7fb3388ba000-7fb3388be000 r-xp 00002000 fd:02 4630201282                 /home/smobaraki/work/firesim/.conda-env/lib/jvm/lib/libzip.so
7fb3388be000-7fb3388c0000 r--p 00006000 fd:02 4630201282                 /home/smobaraki/work/firesim/.conda-env/lib/jvm/lib/libzip.so
7fb3388c0000-7fb3388c1000 r--p 00007000 fd:02 4630201282                 /home/smobaraki/work/firesim/.conda-env/lib/jvm/lib/libzip.so
7fb3388c1000-7fb3388c2000 rw-p 00008000 fd:02 4630201282                 /home/smobaraki/work/firesim/.conda-env/lib/jvm/lib/libzip.so
7fb3388c2000-7fb3388c3000 ---p 00000000 00:00 0 
7fb3388c3000-7fb3389c4000 rw-p 00000000 00:00 0 
7fb3389c4000-7fb3389c5000 ---p 00000000 00:00 0 
7fb3389c5000-7fb33b9e9000 rw-p 00000000 00:00 0 
7fb33b9e9000-7fb348ce9000 ---p 00000000 00:00 0 
7fb348ce9000-7fb34934d000 rw-p 00000000 00:00 0 
7fb34934d000-7fb34adad000 ---p 00000000 00:00 0 
7fb34adad000-7fb34b34d000 rw-p 00000000 00:00 0 
7fb34b34d000-7fb34cdad000 ---p 00000000 00:00 0 
7fb34cdad000-7fb34cdc9000 rw-p 00000000 00:00 0 
7fb34cdc9000-7fb351869000 rwxp 00000000 00:00 0 
7fb351869000-7fb354228000 ---p 00000000 00:00 0 
7fb354228000-7fb3545f8000 rwxp 00000000 00:00 0 
7fb3545f8000-7fb354969000 ---p 00000000 00:00 0 
7fb354969000-7fb356829000 rwxp 00000000 00:00 0 
7fb356829000-7fb35bdc9000 ---p 00000000 00:00 0 
7fb35bdc9000-7fb364000000 r--s 00000000 fd:02 2643697024                 /home/smobaraki/work/firesim/.conda-env/lib/jvm/lib/modules
7fb364000000-7fb366ca6000 rw-p 00000000 00:00 0 
7fb366ca6000-7fb368000000 ---p 00000000 00:00 0 
7fb368000000-7fb368001000 r--p 00000000 fd:02 4630175207                 /home/smobaraki/work/firesim/.conda-env/lib/jvm/lib/libextnet.so
7fb368001000-7fb368002000 r-xp 00001000 fd:02 4630175207                 /home/smobaraki/work/firesim/.conda-env/lib/jvm/lib/libextnet.so
7fb368002000-7fb368003000 r--p 00002000 fd:02 4630175207                 /home/smobaraki/work/firesim/.conda-env/lib/jvm/lib/libextnet.so
7fb368003000-7fb368004000 r--p 00002000 fd:02 4630175207                 /home/smobaraki/work/firesim/.conda-env/lib/jvm/lib/libextnet.so
7fb368004000-7fb368005000 rw-p 00003000 fd:02 4630175207                 /home/smobaraki/work/firesim/.conda-env/lib/jvm/lib/libextnet.so
7fb368005000-7fb368a0f000 rw-p 00000000 00:00 0 
7fb368a0f000-7fb368a10000 ---p 00000000 00:00 0 
7fb368a10000-7fb368b11000 rw-p 00000000 00:00 0 
7fb368b11000-7fb368b12000 ---p 00000000 00:00 0 
7fb368b12000-7fb368c13000 rw-p 00000000 00:00 0 
7fb368c13000-7fb368c14000 ---p 00000000 00:00 0 
7fb368c14000-7fb36935e000 rw-p 00000000 00:00 0 
7fb36935e000-7fb36adbe000 ---p 00000000 00:00 0 
7fb36adbe000-7fb36bba6000 rw-p 00000000 00:00 0 
7fb36bba6000-7fb36bc51000 ---p 00000000 00:00 0 
7fb36bc51000-7fb36bce7000 rw-p 00000000 00:00 0 
7fb36bce7000-7fb36bd3a000 ---p 00000000 00:00 0 
7fb36bd3a000-7fb36bd46000 r-xp 00000000 fd:00 67140661                   /usr/lib64/libnss_files-2.17.so
7fb36bd46000-7fb36bf45000 ---p 0000c000 fd:00 67140661                   /usr/lib64/libnss_files-2.17.so
7fb36bf45000-7fb36bf46000 r--p 0000b000 fd:00 67140661                   /usr/lib64/libnss_files-2.17.so
7fb36bf46000-7fb36bf47000 rw-p 0000c000 fd:00 67140661                   /usr/lib64/libnss_files-2.17.so
7fb36bf47000-7fb36bf4d000 rw-p 00000000 00:00 0 
7fb36bf4d000-7fb36c04e000 r-xp 00000000 fd:00 67140649                   /usr/lib64/libm-2.17.so
7fb36c04e000-7fb36c24d000 ---p 00101000 fd:00 67140649                   /usr/lib64/libm-2.17.so
7fb36c24d000-7fb36c24e000 r--p 00100000 fd:00 67140649                   /usr/lib64/libm-2.17.so
7fb36c24e000-7fb36c24f000 rw-p 00101000 fd:00 67140649                   /usr/lib64/libm-2.17.so
7fb36c24f000-7fb36c2f5000 r--p 00000000 fd:02 6539721022                 /home/smobaraki/work/firesim/.conda-env/lib/libstdc++.so.6.0.30
7fb36c2f5000-7fb36c389000 r-xp 000a6000 fd:02 6539721022                 /home/smobaraki/work/firesim/.conda-env/lib/libstdc++.so.6.0.30
7fb36c389000-7fb36c3f1000 r--p 0013a000 fd:02 6539721022                 /home/smobaraki/work/firesim/.conda-env/lib/libstdc++.so.6.0.30
7fb36c3f1000-7fb36c3fc000 r--p 001a1000 fd:02 6539721022                 /home/smobaraki/work/firesim/.conda-env/lib/libstdc++.so.6.0.30
7fb36c3fc000-7fb36c400000 rw-p 001ac000 fd:02 6539721022                 /home/smobaraki/work/firesim/.conda-env/lib/libstdc++.so.6.0.30
7fb36c400000-7fb36c403000 rw-p 00000000 00:00 0 
7fb36c403000-7fb36c40a000 r-xp 00000000 fd:00 67113918                   /usr/lib64/librt-2.17.so
7fb36c40a000-7fb36c609000 ---p 00007000 fd:00 67113918                   /usr/lib64/librt-2.17.so
7fb36c609000-7fb36c60a000 r--p 00006000 fd:00 67113918                   /usr/lib64/librt-2.17.so
7fb36c60a000-7fb36c60b000 rw-p 00007000 fd:00 67113918                   /usr/lib64/librt-2.17.so
7fb36c60b000-7fb36c88c000 r--p 00000000 fd:02 4630201240                 /home/smobaraki/work/firesim/.conda-env/lib/jvm/lib/server/libjvm.so
7fb36c88c000-7fb36d597000 r-xp 00281000 fd:02 4630201240                 /home/smobaraki/work/firesim/.conda-env/lib/jvm/lib/server/libjvm.so
7fb36d597000-7fb36d7f0000 r--p 00f8c000 fd:02 4630201240                 /home/smobaraki/work/firesim/.conda-env/lib/jvm/lib/server/libjvm.so
7fb36d7f0000-7fb36d8b8000 r--p 011e5000 fd:02 4630201240                 /home/smobaraki/work/firesim/.conda-env/lib/jvm/lib/server/libjvm.so
7fb36d8b8000-7fb36d8ee000 rw-p 012ad000 fd:02 4630201240                 /home/smobaraki/work/firesim/.conda-env/lib/jvm/lib/server/libjvm.so
7fb36d8ee000-7fb36d94e000 rw-p 00000000 00:00 0 
7fb36d94e000-7fb36d965000 r-xp 00000000 fd:00 67113909                   /usr/lib64/libpthread-2.17.so
7fb36d965000-7fb36db64000 ---p 00017000 fd:00 67113909                   /usr/lib64/libpthread-2.17.so
7fb36db64000-7fb36db65000 r--p 00016000 fd:00 67113909                   /usr/lib64/libpthread-2.17.so
7fb36db65000-7fb36db66000 rw-p 00017000 fd:00 67113909                   /usr/lib64/libpthread-2.17.so
7fb36db66000-7fb36db6a000 rw-p 00000000 00:00 0 
7fb36db6a000-7fb36db6c000 r-xp 00000000 fd:00 67140647                   /usr/lib64/libdl-2.17.so
7fb36db6c000-7fb36dd6c000 ---p 00002000 fd:00 67140647                   /usr/lib64/libdl-2.17.so
7fb36dd6c000-7fb36dd6d000 r--p 00002000 fd:00 67140647                   /usr/lib64/libdl-2.17.so
7fb36dd6d000-7fb36dd6e000 rw-p 00003000 fd:00 67140647                   /usr/lib64/libdl-2.17.so
7fb36dd6e000-7fb36df32000 r-xp 00000000 fd:00 67140641                   /usr/lib64/libc-2.17.so
7fb36df32000-7fb36e131000 ---p 001c4000 fd:00 67140641                   /usr/lib64/libc-2.17.so
7fb36e131000-7fb36e135000 r--p 001c3000 fd:00 67140641                   /usr/lib64/libc-2.17.so
7fb36e135000-7fb36e137000 rw-p 001c7000 fd:00 67140641                   /usr/lib64/libc-2.17.so
7fb36e137000-7fb36e13c000 rw-p 00000000 00:00 0 
7fb36e13c000-7fb36e15e000 r-xp 00000000 fd:00 67140633                   /usr/lib64/ld-2.17.so
7fb36e15e000-7fb36e15f000 r--p 00000000 00:00 0 
7fb36e15f000-7fb36e160000 rw-p 00000000 00:00 0 
7fb36e160000-7fb36e161000 r-xp 00000000 fd:00 134566786                  /tmp/tm8bHO (deleted)
7fb36e161000-7fb36e162000 rw-p 00000000 00:00 0 
7fb36e162000-7fb36e165000 r--p 00000000 fd:02 4630175309                 /home/smobaraki/work/firesim/.conda-env/lib/jvm/lib/libnet.so
7fb36e165000-7fb36e16c000 r-xp 00003000 fd:02 4630175309                 /home/smobaraki/work/firesim/.conda-env/lib/jvm/lib/libnet.so
7fb36e16c000-7fb36e16e000 r--p 0000a000 fd:02 4630175309                 /home/smobaraki/work/firesim/.conda-env/lib/jvm/lib/libnet.so
7fb36e16e000-7fb36e16f000 r--p 0000b000 fd:02 4630175309                 /home/smobaraki/work/firesim/.conda-env/lib/jvm/lib/libnet.so
7fb36e16f000-7fb36e170000 rw-p 0000c000 fd:02 4630175309                 /home/smobaraki/work/firesim/.conda-env/lib/jvm/lib/libnet.so
7fb36e170000-7fb36e178000 r--p 00000000 fd:02 4630201094                 /home/smobaraki/work/firesim/.conda-env/lib/jvm/lib/libnio.so
7fb36e178000-7fb36e181000 r-xp 00008000 fd:02 4630201094                 /home/smobaraki/work/firesim/.conda-env/lib/jvm/lib/libnio.so
7fb36e181000-7fb36e185000 r--p 00011000 fd:02 4630201094                 /home/smobaraki/work/firesim/.conda-env/lib/jvm/lib/libnio.so
7fb36e185000-7fb36e186000 r--p 00015000 fd:02 4630201094                 /home/smobaraki/work/firesim/.conda-env/lib/jvm/lib/libnio.so
7fb36e186000-7fb36e187000 rw-p 00016000 fd:02 4630201094                 /home/smobaraki/work/firesim/.conda-env/lib/jvm/lib/libnio.so
7fb36e187000-7fb36e1c8000 rw-p 00000000 00:00 0 
7fb36e1c8000-7fb36e1d6000 r--p 00000000 fd:02 4630175421                 /home/smobaraki/work/firesim/.conda-env/lib/jvm/lib/libjava.so
7fb36e1d6000-7fb36e1e8000 r-xp 0000e000 fd:02 4630175421                 /home/smobaraki/work/firesim/.conda-env/lib/jvm/lib/libjava.so
7fb36e1e8000-7fb36e1ee000 r--p 00020000 fd:02 4630175421                 /home/smobaraki/work/firesim/.conda-env/lib/jvm/lib/libjava.so
7fb36e1ee000-7fb36e1ef000 r--p 00026000 fd:02 4630175421                 /home/smobaraki/work/firesim/.conda-env/lib/jvm/lib/libjava.so
7fb36e1ef000-7fb36e1f0000 rw-p 00027000 fd:02 4630175421                 /home/smobaraki/work/firesim/.conda-env/lib/jvm/lib/libjava.so
7fb36e1f0000-7fb36e1f1000 rw-p 00000000 00:00 0 
7fb36e1f1000-7fb36e1f5000 ---p 00000000 00:00 0 
7fb36e1f5000-7fb36e2f2000 rw-p 00000000 00:00 0 
7fb36e2f2000-7fb36e2f6000 r--p 00000000 fd:02 2414769839                 /home/smobaraki/work/firesim/.conda-env/lib/libgcc_s.so.1
7fb36e2f6000-7fb36e306000 r-xp 00004000 fd:02 2414769839                 /home/smobaraki/work/firesim/.conda-env/lib/libgcc_s.so.1
7fb36e306000-7fb36e309000 r--p 00014000 fd:02 2414769839                 /home/smobaraki/work/firesim/.conda-env/lib/libgcc_s.so.1
7fb36e309000-7fb36e30a000 r--p 00016000 fd:02 2414769839                 /home/smobaraki/work/firesim/.conda-env/lib/libgcc_s.so.1
7fb36e30a000-7fb36e30b000 rw-p 00017000 fd:02 2414769839                 /home/smobaraki/work/firesim/.conda-env/lib/libgcc_s.so.1
7fb36e30b000-7fb36e30f000 rw-p 00000000 00:00 0 
7fb36e30f000-7fb36e312000 r--p 00000000 fd:02 4447396747                 /home/smobaraki/work/firesim/.conda-env/lib/libz.so.1.2.13
7fb36e312000-7fb36e320000 r-xp 00003000 fd:02 4447396747                 /home/smobaraki/work/firesim/.conda-env/lib/libz.so.1.2.13
7fb36e320000-7fb36e327000 r--p 00011000 fd:02 4447396747                 /home/smobaraki/work/firesim/.conda-env/lib/libz.so.1.2.13
7fb36e327000-7fb36e328000 r--p 00017000 fd:02 4447396747                 /home/smobaraki/work/firesim/.conda-env/lib/libz.so.1.2.13
7fb36e328000-7fb36e329000 rw-p 00018000 fd:02 4447396747                 /home/smobaraki/work/firesim/.conda-env/lib/libz.so.1.2.13
7fb36e329000-7fb36e332000 rw-p 00000000 00:00 0 
7fb36e332000-7fb36e339000 ---p 00000000 00:00 0 
7fb36e339000-7fb36e341000 rw-s 00000000 fd:00 273940064                  /tmp/hsperfdata_smobaraki/5950
7fb36e341000-7fb36e342000 ---p 00000000 00:00 0 
7fb36e342000-7fb36e343000 r--p 00000000 00:00 0 
7fb36e343000-7fb36e344000 ---p 00000000 00:00 0 
7fb36e344000-7fb36e346000 r--p 00000000 fd:02 4630175252                 /home/smobaraki/work/firesim/.conda-env/lib/jvm/lib/libjimage.so
7fb36e346000-7fb36e348000 r-xp 00002000 fd:02 4630175252                 /home/smobaraki/work/firesim/.conda-env/lib/jvm/lib/libjimage.so
7fb36e348000-7fb36e349000 r--p 00004000 fd:02 4630175252                 /home/smobaraki/work/firesim/.conda-env/lib/jvm/lib/libjimage.so
7fb36e349000-7fb36e34a000 r--p 00005000 fd:02 4630175252                 /home/smobaraki/work/firesim/.conda-env/lib/jvm/lib/libjimage.so
7fb36e34a000-7fb36e34b000 rw-p 00006000 fd:02 4630175252                 /home/smobaraki/work/firesim/.conda-env/lib/jvm/lib/libjimage.so
7fb36e34b000-7fb36e34e000 r--p 00000000 fd:02 4630193633                 /home/smobaraki/work/firesim/.conda-env/lib/jvm/lib/libjli.so
7fb36e34e000-7fb36e357000 r-xp 00003000 fd:02 4630193633                 /home/smobaraki/work/firesim/.conda-env/lib/jvm/lib/libjli.so
7fb36e357000-7fb36e35a000 r--p 0000c000 fd:02 4630193633                 /home/smobaraki/work/firesim/.conda-env/lib/jvm/lib/libjli.so
7fb36e35a000-7fb36e35b000 r--p 0000e000 fd:02 4630193633                 /home/smobaraki/work/firesim/.conda-env/lib/jvm/lib/libjli.so
7fb36e35b000-7fb36e35c000 rw-p 0000f000 fd:02 4630193633                 /home/smobaraki/work/firesim/.conda-env/lib/jvm/lib/libjli.so
7fb36e35c000-7fb36e35d000 rw-p 00000000 00:00 0 
7fb36e35d000-7fb36e35e000 r--p 00021000 fd:00 67140633                   /usr/lib64/ld-2.17.so
7fb36e35e000-7fb36e35f000 rw-p 00022000 fd:00 67140633                   /usr/lib64/ld-2.17.so
7fb36e35f000-7fb36e360000 rw-p 00000000 00:00 0 
7fffe6490000-7fffe64b3000 rw-p 00000000 00:00 0                          [stack]
7fffe65f8000-7fffe65fa000 r-xp 00000000 00:00 0                          [vdso]
ffffffffff600000-ffffffffff601000 r-xp 00000000 00:00 0                  [vsyscall]


VM Arguments:
jvm_args: -Xmx16G -Xss8M -Djava.io.tmpdir=/home/smobaraki/work/firesim/sim/.java_tmp 
java_command: /home/smobaraki/work/firesim/target-design/chipyard/generators/rocket-chip/sbt-launch.jar -Dsbt.ivy.home=/home/smobaraki/work/firesim/sim/.ivy2 -Dsbt.global.base=/home/smobaraki/work/firesim/sim/.sbt -Dsbt.boot.directory=/home/smobaraki/work/firesim/sim/.sbt/boot/ -Dsbt.color=always -Dsbt.supershell=false -Dsbt.server.forcestart=true ;project firesim; set assembly / assemblyOutputPath := file("/home/smobaraki/work/firesim/sim/generated-src/firesim-main.jar"); assembly
java_class_path (initial): /home/smobaraki/work/firesim/target-design/chipyard/generators/rocket-chip/sbt-launch.jar
Launcher Type: SUN_STANDARD

[Global flags]
     intx CICompilerCount                          = 12                                        {product} {ergonomic}
     uint ConcGCThreads                            = 3                                         {product} {ergonomic}
     uint G1ConcRefinementThreads                  = 13                                        {product} {ergonomic}
   size_t G1HeapRegionSize                         = 8388608                                   {product} {ergonomic}
    uintx GCDrainStackTargetSize                   = 64                                        {product} {ergonomic}
   size_t InitialHeapSize                          = 2105540608                                {product} {ergonomic}
   size_t MarkStackSize                            = 4194304                                   {product} {ergonomic}
   size_t MaxHeapSize                              = 17179869184                               {product} {command line}
   size_t MaxNewSize                               = 10301210624                               {product} {ergonomic}
   size_t MinHeapDeltaBytes                        = 8388608                                   {product} {ergonomic}
   size_t MinHeapSize                              = 8388608                                   {product} {ergonomic}
    uintx NonNMethodCodeHeapSize                   = 7602480                                {pd product} {ergonomic}
    uintx NonProfiledCodeHeapSize                  = 122027880                              {pd product} {ergonomic}
    uintx ProfiledCodeHeapSize                     = 122027880                              {pd product} {ergonomic}
    uintx ReservedCodeCacheSize                    = 251658240                              {pd product} {ergonomic}
     bool SegmentedCodeCache                       = true                                      {product} {ergonomic}
   size_t SoftMaxHeapSize                          = 17179869184                            {manageable} {ergonomic}
     intx ThreadStackSize                          = 8192                                   {pd product} {command line}
     bool UseCompressedClassPointers               = true                           {product lp64_product} {ergonomic}
     bool UseCompressedOops                        = true                           {product lp64_product} {ergonomic}
     bool UseG1GC                                  = true                                      {product} {ergonomic}

Logging:
Log output configuration:
 #0: stdout all=warning uptime,level,tags foldmultilines=false
 #1: stderr all=off uptime,level,tags foldmultilines=false

Environment Variables:
JAVA_HOME=/home/smobaraki/work/firesim/.conda-env/lib/jvm
JAVA_TOOL_OPTIONS=-Xmx16G -Xss8M -Djava.io.tmpdir=/home/smobaraki/work/firesim/sim/.java_tmp
PATH=/home/smobaraki/work/firesim/utils/fireperf:/home/smobaraki/work/firesim/utils/fireperf/FlameGraph:/home/smobaraki/work/firesim/sw/firesim-software:/home/smobaraki/work/firesim/.conda-env/riscv-tools/bin:/home/smobaraki/work/firesim/.conda-env/bin:/home/smobaraki/work/firesim/utils/fireperf:/home/smobaraki/work/firesim/utils/fireperf/FlameGraph:/home/smobaraki/work/firesim/sw/firesim-software:/home/smobaraki/work/firesim/.conda-env/riscv-tools/bin:/home/Xilinx/Vitis_HLS/2021.1/bin:/home/Xilinx/Vivado/2021.1/bin:/home/Xilinx/Model_Composer/2021.1/bin:/home/Xilinx/Vitis/2021.1/bin:/home/Xilinx/Vitis/2021.1/gnu/microblaze/lin/bin:/home/Xilinx/Vitis/2021.1/gnu/arm/lin/bin:/home/Xilinx/Vitis/2021.1/gnu/microblaze/linux_toolchain/lin64_le/bin:/home/Xilinx/Vitis/2021.1/gnu/aarch32/lin/gcc-arm-linux-gnueabi/bin:/home/Xilinx/Vitis/2021.1/gnu/aarch32/lin/gcc-arm-none-eabi/bin:/home/Xilinx/Vitis/2021.1/gnu/aarch64/lin/aarch64-linux/bin:/home/Xilinx/Vitis/2021.1/gnu/aarch64/lin/aarch64-none/bin:/home/Xilinx/Vitis/2021.1/gnu/armr5/lin/gcc-arm-none-eabi/bin:/home/Xilinx/Vitis/2021.1/tps/lnx64/cmake-3.3.2/bin:/home/Xilinx/Vitis/2021.1/aietools/bin:/home/Xilinx/Vivado_Lab/2023.1/bin:/home/smobaraki/.vscode-server/cli/servers/Stable-e10f2369d0d9614a452462f2e01cdc4aa9486296/server/bin/remote-cli:/home/Xilinx/Vitis_HLS/2021.1/bin:/home/Xilinx/Vivado/2021.1/bin:/home/Xilinx/Model_Composer/2021.1/bin:/home/Xilinx/Vitis/2021.1/bin:/home/Xilinx/Vitis/2021.1/gnu/microblaze/lin/bin:/home/Xilinx/Vitis/2021.1/gnu/arm/lin/bin:/home/Xilinx/Vitis/2021.1/gnu/microblaze/linux_toolchain/lin64_le/bin:/home/Xilinx/Vitis/2021.1/gnu/aarch32/lin/gcc-arm-linux-gnueabi/bin:/home/Xilinx/Vitis/2021.1/gnu/aarch32/lin/gcc-arm-none-eabi/bin:/home/Xilinx/Vitis/2021.1/gnu/aarch64/lin/aarch64-linux/bin:/home/Xilinx/Vitis/2021.1/gnu/aarch64/lin/aarch64-none/bin:/home/Xilinx/Vitis/2021.1/gnu/armr5/lin/gcc-arm-none-eabi/bin:/home/Xilinx/Vitis/2021.1/tps/lnx64/cmake-3.3.2/bin:/home/Xilinx/Vitis/2021.1/aietools/bin:/home/Xilinx/Vivado_Lab/2023.1/bin:/home/smobaraki/work/firesim/.conda-env/bin:/home/smobaraki/conda/condabin:/home/Xilinx/Vitis_HLS/2021.1/bin:/home/Xilinx/Vivado/2021.1/bin:/home/Xilinx/Model_Composer/2021.1/bin:/home/Xilinx/Vitis/2021.1/bin:/home/Xilinx/Vitis/2021.1/gnu/microblaze/lin/bin:/home/Xilinx/Vitis/2021.1/gnu/arm/lin/bin:/home/Xilinx/Vitis/2021.1/gnu/microblaze/linux_toolchain/lin64_le/bin:/home/Xilinx/Vitis/2021.1/gnu/aarch32/lin/gcc-arm-linux-gnueabi/bin:/home/Xilinx/Vitis/2021.1/gnu/aarch32/lin/gcc-arm-none-eabi/bin:/home/Xilinx/Vitis/2021.1/gnu/aarch64/lin/aarch64-linux/bin:/home/Xilinx/Vitis/2021.1/gnu/aarch64/lin/aarch64-none/bin:/home/Xilinx/Vitis/2021.1/gnu/armr5/lin/gcc-arm-none-eabi/bin:/home/Xilinx/Vitis/2021.1/tps/lnx64/cmake-3.3.2/bin:/home/Xilinx/Vitis/2021.1/aietools/bin:/home/Xilinx/Vivado_Lab/2023.1/bin:/usr/lib64/qt-3.3/bin:/usr/local/bin:/usr/bin:/var/lib/snapd/snap/bin:/usr/local/sbin:/usr/sbin:/home/smobaraki/.local/bin:/home/smobaraki/bin:/home/smobaraki/work/firesim/deploy:/home/smobaraki/work/firesim/deploy
LD_LIBRARY_PATH=/home/smobaraki/work/firesim/.conda-env/riscv-tools/lib:/home/smobaraki/work/firesim/.conda-env/riscv-tools/lib
SHELL=/bin/bash
LANG=en_US.utf8
TERM=vt100

Active Locale:
LC_ALL=en_US.utf8
LC_COLLATE=en_US.utf8
LC_CTYPE=en_US.utf8
LC_MESSAGES=en_US.utf8
LC_MONETARY=en_US.utf8
LC_NUMERIC=en_US.utf8
LC_TIME=en_US.utf8

Signal Handlers:
   SIGSEGV: crash_handler in libjvm.so, mask=11100100010111111101111111111110, flags=SA_RESTART|SA_SIGINFO, unblocked
    SIGBUS: crash_handler in libjvm.so, mask=11100100010111111101111111111110, flags=SA_RESTART|SA_SIGINFO, unblocked
    SIGFPE: crash_handler in libjvm.so, mask=11100100010111111101111111111110, flags=SA_RESTART|SA_SIGINFO, unblocked
   SIGPIPE: javaSignalHandler in libjvm.so, mask=11100100010111111101111111111110, flags=SA_RESTART|SA_SIGINFO, unblocked
   SIGXFSZ: javaSignalHandler in libjvm.so, mask=11100100010111111101111111111110, flags=SA_RESTART|SA_SIGINFO, unblocked
    SIGILL: crash_handler in libjvm.so, mask=11100100010111111101111111111110, flags=SA_RESTART|SA_SIGINFO, unblocked
   SIGUSR2: SR_handler in libjvm.so, mask=00000000000000000000000000000000, flags=SA_RESTART|SA_SIGINFO, unblocked
    SIGHUP: UserHandler in libjvm.so, mask=11100100010111111101111111111110, flags=SA_RESTART|SA_SIGINFO, unblocked
    SIGINT: UserHandler in libjvm.so, mask=11100100010111111101111111111110, flags=SA_RESTART|SA_SIGINFO, unblocked
   SIGTERM: UserHandler in libjvm.so, mask=11100100010111111101111111111110, flags=SA_RESTART|SA_SIGINFO, unblocked
   SIGQUIT: UserHandler in libjvm.so, mask=11100100010111111101111111111110, flags=SA_RESTART|SA_SIGINFO, unblocked
   SIGTRAP: crash_handler in libjvm.so, mask=11100100010111111101111111111110, flags=SA_RESTART|SA_SIGINFO, unblocked


---------------  S Y S T E M  ---------------

OS:
CentOS Linux release 7.9.2009 (Core)
uname: Linux 3.10.0-1160.99.1.el7.x86_64 #1 SMP Wed Sep 13 14:19:20 UTC 2023 x86_64
OS uptime: 4 days 0:56 hours
libc: glibc 2.17 NPTL 2.17 
rlimit (soft/hard): STACK 8192k/infinity , CORE 0k/infinity , NPROC 4096/513338 , NOFILE 16384/16384 , AS infinity/infinity , CPU infinity/infinity , DATA infinity/infinity , FSIZE infinity/infinity , MEMLOCK 64k/64k
load average: 5.57 2.34 1.71

/proc/meminfo:
MemTotal:       131448804 kB
MemFree:          437044 kB
MemAvailable:     981136 kB
Buffers:               0 kB
Cached:           903624 kB
SwapCached:       143524 kB
Active:         120129584 kB
Inactive:        8405208 kB
Active(anon):   119763712 kB
Inactive(anon):  7884368 kB
Active(file):     365872 kB
Inactive(file):   520840 kB
Unevictable:           0 kB
Mlocked:               0 kB
SwapTotal:      21192700 kB
SwapFree:              8 kB
Dirty:                32 kB
Writeback:             0 kB
AnonPages:      127488872 kB
Mapped:            73412 kB
Shmem:             16520 kB
Slab:             494096 kB
SReclaimable:     283392 kB
SUnreclaim:       210704 kB
KernelStack:       12784 kB
PageTables:       308248 kB
NFS_Unstable:          0 kB
Bounce:                0 kB
WritebackTmp:          0 kB
CommitLimit:    86917100 kB
Committed_AS:   150334764 kB
VmallocTotal:   34359738367 kB
VmallocUsed:      674068 kB
VmallocChunk:   34291822588 kB
Percpu:            67200 kB
HardwareCorrupted:     0 kB
AnonHugePages:     79872 kB
CmaTotal:              0 kB
CmaFree:               0 kB
HugePages_Total:       0
HugePages_Free:        0
HugePages_Rsvd:        0
HugePages_Surp:        0
Hugepagesize:       2048 kB
DirectMap4k:      519316 kB
DirectMap2M:    65157120 kB
DirectMap1G:    70254592 kB

/sys/kernel/mm/transparent_hugepage/enabled: [always] madvise never
/sys/kernel/mm/transparent_hugepage/defrag (defrag/compaction efforts parameter): [always] madvise never

Process Memory:
Virtual Size: 24765768K (peak: 26588660K)
Resident Set Size: 4060596K (peak: 4060596K) (anon: 4035324K, file: 25268K, shmem: 4K)
Swapped out: 0K
C-Heap outstanding allocations: 580034K, retained: 350993K (may have wrapped)
glibc malloc tunables: (default)

/proc/sys/kernel/threads-max (system-wide limit on the number of threads): 1026677
/proc/sys/vm/max_map_count (maximum number of memory map areas a process may have): 65530
/proc/sys/kernel/pid_max (system-wide limit on number of process identifiers): 245760

container (cgroup) information:
container_type: cgroupv1
cpu_cpuset_cpus: 0-15
cpu_memory_nodes: 0-1
active_processor_count: 16
cpu_quota: no quota
cpu_period: 100000
cpu_shares: no shares
memory_limit_in_bytes: unlimited
memory_and_swap_limit_in_bytes: unlimited
memory_soft_limit_in_bytes: unlimited
memory_usage_in_bytes: 128231672 k
memory_max_usage_in_bytes: 128611208 k
kernel_memory_usage_in_bytes: unlimited
kernel_memory_max_usage_in_bytes: unlimited
kernel_memory_limit_in_bytes: unlimited
maximum number of tasks: unlimited
current number of tasks: 189

Steal ticks since vm start: 0
Steal ticks percentage since vm start:  0.000

CPU: total 16 (initial active 16) (4 cores per cpu, 2 threads per core) family 6 model 85 stepping 4 microcode 0x2007006, cx8, cmov, fxsr, ht, mmx, 3dnowpref, sse, sse2, sse3, ssse3, sse4.1, sse4.2, popcnt, lzcnt, tsc, tscinvbit, avx, avx2, aes, erms, clmul, bmi1, bmi2, rtm, adx, fma, vzeroupper, clflush, clflushopt, clwb, rdtscp, f16c, pku, ospke
CPU Model and flags from /proc/cpuinfo:
model name	: Intel(R) Xeon(R) Silver 4112 CPU @ 2.60GHz
flags		: fpu vme de pse tsc msr pae mce cx8 apic sep mtrr pge mca cmov pat pse36 clflush dts acpi mmx fxsr sse sse2 ss ht tm pbe syscall nx pdpe1gb rdtscp lm constant_tsc art arch_perfmon pebs bts rep_good nopl xtopology nonstop_tsc aperfmperf eagerfpu pni pclmulqdq dtes64 monitor ds_cpl vmx smx est tm2 ssse3 sdbg fma cx16 xtpr pdcm pcid dca sse4_1 sse4_2 x2apic movbe popcnt tsc_deadline_timer aes xsave avx f16c rdrand lahf_lm abm 3dnowprefetch epb cat_l3 cdp_l3 invpcid_single intel_ppin ssbd mba rsb_ctxsw ibrs ibpb stibp tpr_shadow vnmi flexpriority ept vpid fsgsbase tsc_adjust bmi1 hle avx2 smep bmi2 erms invpcid rtm cqm mpx rdt_a avx512f avx512dq rdseed adx smap clflushopt clwb intel_pt avx512cd avx512bw avx512vl xsaveopt xsavec xgetbv1 cqm_llc cqm_occup_llc cqm_mbm_total cqm_mbm_local dtherm ida arat pln pts pku ospke md_clear spec_ctrl intel_stibp flush_l1d arch_capabilities

Online cpus: 0-15
Offline cpus: 16-239
BIOS frequency limitation: <Not Available>
Frequency switch latency (ns): <Not Available>
Available cpu frequencies: <Not Available>
Current governor: <Not Available>
Core performance/turbo boost: <Not Available>

Memory: 4k page, physical 131448804k(437044k free), swap 21192700k(8k free)
Page Sizes: 4k

vm_info: OpenJDK 64-Bit Server VM (20-internal-adhoc..src) for linux-amd64 JRE (20-internal-adhoc..src), built on 2023-05-31T09:27:40Z by "" with gcc 12.2.0

END.
